2025-03-19 11:29:48,442 [Worker-6: Loading available Gradle versions] INFO  o.e.b.c.i.u.g.PublishedGradleVersions - Gradle version information cache is up-to-date. Trying to read.
2025-03-19 11:37:57,385 [Worker-35: Import Getting Started Content] INFO  o.e.m.c.i.e.AbstractTransferListenerAdapter - Downloading https://repo.maven.apache.org/maven2/org/springframework/boot/spring-boot-starter-parent/3.4.3/spring-boot-starter-parent-3.4.3.pom
2025-03-19 11:37:57,407 [Worker-35: Import Getting Started Content] INFO  o.e.m.c.i.e.AbstractTransferListenerAdapter - Downloaded https://repo.maven.apache.org/maven2/org/springframework/boot/spring-boot-starter-parent/3.4.3/spring-boot-starter-parent-3.4.3.pom
2025-03-19 11:37:57,459 [Worker-35: Import Getting Started Content] INFO  o.e.m.c.i.e.AbstractTransferListenerAdapter - Downloading https://repo.maven.apache.org/maven2/org/springframework/boot/spring-boot-dependencies/3.4.3/spring-boot-dependencies-3.4.3.pom
2025-03-19 11:37:57,502 [Worker-35: Import Getting Started Content] INFO  o.e.m.c.i.e.AbstractTransferListenerAdapter - Downloaded https://repo.maven.apache.org/maven2/org/springframework/boot/spring-boot-dependencies/3.4.3/spring-boot-dependencies-3.4.3.pom
2025-03-19 11:37:57,605 [Worker-35: Import Getting Started Content] INFO  o.e.m.c.i.e.AbstractTransferListenerAdapter - Downloading https://repo.maven.apache.org/maven2/org/springframework/cloud/spring-cloud-dependencies/2024.0.0/spring-cloud-dependencies-2024.0.0.pom
2025-03-19 11:37:57,613 [Worker-35: Import Getting Started Content] INFO  o.e.m.c.i.e.AbstractTransferListenerAdapter - Downloaded https://repo.maven.apache.org/maven2/org/springframework/cloud/spring-cloud-dependencies/2024.0.0/spring-cloud-dependencies-2024.0.0.pom
2025-03-19 11:37:57,650 [Worker-35: Import Getting Started Content] INFO  o.e.m.c.i.e.AbstractTransferListenerAdapter - Downloading https://repo.maven.apache.org/maven2/org/springframework/cloud/spring-cloud-dependencies-parent/4.2.0/spring-cloud-dependencies-parent-4.2.0.pom
2025-03-19 11:37:57,656 [Worker-35: Import Getting Started Content] INFO  o.e.m.c.i.e.AbstractTransferListenerAdapter - Downloaded https://repo.maven.apache.org/maven2/org/springframework/cloud/spring-cloud-dependencies-parent/4.2.0/spring-cloud-dependencies-parent-4.2.0.pom
2025-03-19 11:37:57,693 [Worker-35: Import Getting Started Content] INFO  o.e.m.c.i.e.AbstractTransferListenerAdapter - Downloading https://repo.maven.apache.org/maven2/org/springframework/cloud/spring-cloud-commons-dependencies/4.2.0/spring-cloud-commons-dependencies-4.2.0.pom
2025-03-19 11:37:57,701 [Worker-35: Import Getting Started Content] INFO  o.e.m.c.i.e.AbstractTransferListenerAdapter - Downloaded https://repo.maven.apache.org/maven2/org/springframework/cloud/spring-cloud-commons-dependencies/4.2.0/spring-cloud-commons-dependencies-4.2.0.pom
2025-03-19 11:37:57,741 [Worker-35: Import Getting Started Content] INFO  o.e.m.c.i.e.AbstractTransferListenerAdapter - Downloading https://repo.maven.apache.org/maven2/org/springframework/cloud/spring-cloud-netflix-dependencies/4.2.0/spring-cloud-netflix-dependencies-4.2.0.pom
2025-03-19 11:37:57,749 [Worker-35: Import Getting Started Content] INFO  o.e.m.c.i.e.AbstractTransferListenerAdapter - Downloaded https://repo.maven.apache.org/maven2/org/springframework/cloud/spring-cloud-netflix-dependencies/4.2.0/spring-cloud-netflix-dependencies-4.2.0.pom
2025-03-19 11:37:57,786 [Worker-35: Import Getting Started Content] INFO  o.e.m.c.i.e.AbstractTransferListenerAdapter - Downloading https://repo.maven.apache.org/maven2/org/springframework/cloud/spring-cloud-stream-dependencies/4.2.0/spring-cloud-stream-dependencies-4.2.0.pom
2025-03-19 11:37:57,792 [Worker-35: Import Getting Started Content] INFO  o.e.m.c.i.e.AbstractTransferListenerAdapter - Downloaded https://repo.maven.apache.org/maven2/org/springframework/cloud/spring-cloud-stream-dependencies/4.2.0/spring-cloud-stream-dependencies-4.2.0.pom
2025-03-19 11:37:57,825 [Worker-35: Import Getting Started Content] INFO  o.e.m.c.i.e.AbstractTransferListenerAdapter - Downloading https://repo.maven.apache.org/maven2/org/springframework/cloud/spring-cloud-task-dependencies/3.2.0/spring-cloud-task-dependencies-3.2.0.pom
2025-03-19 11:37:57,832 [Worker-35: Import Getting Started Content] INFO  o.e.m.c.i.e.AbstractTransferListenerAdapter - Downloaded https://repo.maven.apache.org/maven2/org/springframework/cloud/spring-cloud-task-dependencies/3.2.0/spring-cloud-task-dependencies-3.2.0.pom
2025-03-19 11:37:57,870 [Worker-35: Import Getting Started Content] INFO  o.e.m.c.i.e.AbstractTransferListenerAdapter - Downloading https://repo.maven.apache.org/maven2/org/springframework/cloud/spring-cloud-circuitbreaker-dependencies/3.2.0/spring-cloud-circuitbreaker-dependencies-3.2.0.pom
2025-03-19 11:37:57,876 [Worker-35: Import Getting Started Content] INFO  o.e.m.c.i.e.AbstractTransferListenerAdapter - Downloaded https://repo.maven.apache.org/maven2/org/springframework/cloud/spring-cloud-circuitbreaker-dependencies/3.2.0/spring-cloud-circuitbreaker-dependencies-3.2.0.pom
2025-03-19 11:37:57,917 [Worker-35: Import Getting Started Content] INFO  o.e.m.c.i.e.AbstractTransferListenerAdapter - Downloading https://repo.maven.apache.org/maven2/org/springframework/cloud/spring-cloud-config-dependencies/4.2.0/spring-cloud-config-dependencies-4.2.0.pom
2025-03-19 11:37:57,923 [Worker-35: Import Getting Started Content] INFO  o.e.m.c.i.e.AbstractTransferListenerAdapter - Downloaded https://repo.maven.apache.org/maven2/org/springframework/cloud/spring-cloud-config-dependencies/4.2.0/spring-cloud-config-dependencies-4.2.0.pom
2025-03-19 11:37:57,957 [Worker-35: Import Getting Started Content] INFO  o.e.m.c.i.e.AbstractTransferListenerAdapter - Downloading https://repo.maven.apache.org/maven2/org/springframework/cloud/spring-cloud-function-dependencies/4.2.0/spring-cloud-function-dependencies-4.2.0.pom
2025-03-19 11:37:57,963 [Worker-35: Import Getting Started Content] INFO  o.e.m.c.i.e.AbstractTransferListenerAdapter - Downloaded https://repo.maven.apache.org/maven2/org/springframework/cloud/spring-cloud-function-dependencies/4.2.0/spring-cloud-function-dependencies-4.2.0.pom
2025-03-19 11:37:57,998 [Worker-35: Import Getting Started Content] INFO  o.e.m.c.i.e.AbstractTransferListenerAdapter - Downloading https://repo.maven.apache.org/maven2/org/springframework/cloud/spring-cloud-gateway-dependencies/4.2.0/spring-cloud-gateway-dependencies-4.2.0.pom
2025-03-19 11:37:58,005 [Worker-35: Import Getting Started Content] INFO  o.e.m.c.i.e.AbstractTransferListenerAdapter - Downloaded https://repo.maven.apache.org/maven2/org/springframework/cloud/spring-cloud-gateway-dependencies/4.2.0/spring-cloud-gateway-dependencies-4.2.0.pom
2025-03-19 11:37:58,042 [Worker-35: Import Getting Started Content] INFO  o.e.m.c.i.e.AbstractTransferListenerAdapter - Downloading https://repo.maven.apache.org/maven2/org/springframework/cloud/spring-cloud-consul-dependencies/4.2.0/spring-cloud-consul-dependencies-4.2.0.pom
2025-03-19 11:37:58,047 [Worker-35: Import Getting Started Content] INFO  o.e.m.c.i.e.AbstractTransferListenerAdapter - Downloaded https://repo.maven.apache.org/maven2/org/springframework/cloud/spring-cloud-consul-dependencies/4.2.0/spring-cloud-consul-dependencies-4.2.0.pom
2025-03-19 11:37:58,084 [Worker-35: Import Getting Started Content] INFO  o.e.m.c.i.e.AbstractTransferListenerAdapter - Downloading https://repo.maven.apache.org/maven2/org/springframework/cloud/spring-cloud-vault-dependencies/4.2.0/spring-cloud-vault-dependencies-4.2.0.pom
2025-03-19 11:37:58,090 [Worker-35: Import Getting Started Content] INFO  o.e.m.c.i.e.AbstractTransferListenerAdapter - Downloaded https://repo.maven.apache.org/maven2/org/springframework/cloud/spring-cloud-vault-dependencies/4.2.0/spring-cloud-vault-dependencies-4.2.0.pom
2025-03-19 11:37:58,123 [Worker-35: Import Getting Started Content] INFO  o.e.m.c.i.e.AbstractTransferListenerAdapter - Downloading https://repo.maven.apache.org/maven2/org/springframework/cloud/spring-cloud-zookeeper-dependencies/4.2.0/spring-cloud-zookeeper-dependencies-4.2.0.pom
2025-03-19 11:37:58,129 [Worker-35: Import Getting Started Content] INFO  o.e.m.c.i.e.AbstractTransferListenerAdapter - Downloaded https://repo.maven.apache.org/maven2/org/springframework/cloud/spring-cloud-zookeeper-dependencies/4.2.0/spring-cloud-zookeeper-dependencies-4.2.0.pom
2025-03-19 11:37:58,162 [Worker-35: Import Getting Started Content] INFO  o.e.m.c.i.e.AbstractTransferListenerAdapter - Downloading https://repo.maven.apache.org/maven2/org/springframework/cloud/spring-cloud-bus-dependencies/4.2.0/spring-cloud-bus-dependencies-4.2.0.pom
2025-03-19 11:37:58,167 [Worker-35: Import Getting Started Content] INFO  o.e.m.c.i.e.AbstractTransferListenerAdapter - Downloaded https://repo.maven.apache.org/maven2/org/springframework/cloud/spring-cloud-bus-dependencies/4.2.0/spring-cloud-bus-dependencies-4.2.0.pom
2025-03-19 11:37:58,199 [Worker-35: Import Getting Started Content] INFO  o.e.m.c.i.e.AbstractTransferListenerAdapter - Downloading https://repo.maven.apache.org/maven2/org/springframework/cloud/spring-cloud-contract-dependencies/4.2.0/spring-cloud-contract-dependencies-4.2.0.pom
2025-03-19 11:37:58,205 [Worker-35: Import Getting Started Content] INFO  o.e.m.c.i.e.AbstractTransferListenerAdapter - Downloaded https://repo.maven.apache.org/maven2/org/springframework/cloud/spring-cloud-contract-dependencies/4.2.0/spring-cloud-contract-dependencies-4.2.0.pom
2025-03-19 11:37:58,239 [Worker-35: Import Getting Started Content] INFO  o.e.m.c.i.e.AbstractTransferListenerAdapter - Downloading https://repo.maven.apache.org/maven2/org/springframework/cloud/spring-cloud-openfeign-dependencies/4.2.0/spring-cloud-openfeign-dependencies-4.2.0.pom
2025-03-19 11:37:58,245 [Worker-35: Import Getting Started Content] INFO  o.e.m.c.i.e.AbstractTransferListenerAdapter - Downloaded https://repo.maven.apache.org/maven2/org/springframework/cloud/spring-cloud-openfeign-dependencies/4.2.0/spring-cloud-openfeign-dependencies-4.2.0.pom
2025-03-19 11:37:58,286 [Worker-35: Import Getting Started Content] INFO  o.e.m.c.i.e.AbstractTransferListenerAdapter - Downloading https://repo.maven.apache.org/maven2/org/springframework/cloud/spring-cloud-kubernetes-dependencies/3.2.0/spring-cloud-kubernetes-dependencies-3.2.0.pom
2025-03-19 11:37:58,292 [Worker-35: Import Getting Started Content] INFO  o.e.m.c.i.e.AbstractTransferListenerAdapter - Downloaded https://repo.maven.apache.org/maven2/org/springframework/cloud/spring-cloud-kubernetes-dependencies/3.2.0/spring-cloud-kubernetes-dependencies-3.2.0.pom
2025-03-19 11:37:58,327 [Worker-35: Import Getting Started Content] INFO  o.e.m.c.i.e.AbstractTransferListenerAdapter - Downloading https://repo.maven.apache.org/maven2/io/fabric8/kubernetes-client-bom/6.13.4/kubernetes-client-bom-6.13.4.pom
2025-03-19 11:37:58,333 [Worker-35: Import Getting Started Content] INFO  o.e.m.c.i.e.AbstractTransferListenerAdapter - Downloaded https://repo.maven.apache.org/maven2/io/fabric8/kubernetes-client-bom/6.13.4/kubernetes-client-bom-6.13.4.pom
2025-03-19 11:37:58,667 [Worker-35: Import Getting Started Content] INFO  o.e.m.c.i.e.AbstractTransferListenerAdapter - Downloading https://repo.maven.apache.org/maven2/io/micrometer/micrometer-bom/1.14.4/micrometer-bom-1.14.4.pom
2025-03-19 11:37:58,674 [Worker-35: Import Getting Started Content] INFO  o.e.m.c.i.e.AbstractTransferListenerAdapter - Downloaded https://repo.maven.apache.org/maven2/io/micrometer/micrometer-bom/1.14.4/micrometer-bom-1.14.4.pom
2025-03-19 11:37:58,712 [Worker-35: Import Getting Started Content] INFO  o.e.m.c.i.e.AbstractTransferListenerAdapter - Downloading https://repo.maven.apache.org/maven2/io/micrometer/micrometer-tracing-bom/1.4.3/micrometer-tracing-bom-1.4.3.pom
2025-03-19 11:37:58,720 [Worker-35: Import Getting Started Content] INFO  o.e.m.c.i.e.AbstractTransferListenerAdapter - Downloaded https://repo.maven.apache.org/maven2/io/micrometer/micrometer-tracing-bom/1.4.3/micrometer-tracing-bom-1.4.3.pom
2025-03-19 11:37:58,784 [Worker-35: Import Getting Started Content] INFO  o.e.m.c.i.e.AbstractTransferListenerAdapter - Downloading https://repo.maven.apache.org/maven2/io/prometheus/prometheus-metrics-bom/1.3.6/prometheus-metrics-bom-1.3.6.pom
2025-03-19 11:37:58,792 [Worker-35: Import Getting Started Content] INFO  o.e.m.c.i.e.AbstractTransferListenerAdapter - Downloaded https://repo.maven.apache.org/maven2/io/prometheus/prometheus-metrics-bom/1.3.6/prometheus-metrics-bom-1.3.6.pom
2025-03-19 11:37:58,829 [Worker-35: Import Getting Started Content] INFO  o.e.m.c.i.e.AbstractTransferListenerAdapter - Downloading https://repo.maven.apache.org/maven2/io/prometheus/client_java/1.3.6/client_java-1.3.6.pom
2025-03-19 11:37:58,836 [Worker-35: Import Getting Started Content] INFO  o.e.m.c.i.e.AbstractTransferListenerAdapter - Downloaded https://repo.maven.apache.org/maven2/io/prometheus/client_java/1.3.6/client_java-1.3.6.pom
2025-03-19 11:37:58,891 [Worker-35: Import Getting Started Content] INFO  o.e.m.c.i.e.AbstractTransferListenerAdapter - Downloading https://repo.maven.apache.org/maven2/org/apache/pulsar/pulsar-bom/3.3.4/pulsar-bom-3.3.4.pom
2025-03-19 11:37:58,900 [Worker-35: Import Getting Started Content] INFO  o.e.m.c.i.e.AbstractTransferListenerAdapter - Downloaded https://repo.maven.apache.org/maven2/org/apache/pulsar/pulsar-bom/3.3.4/pulsar-bom-3.3.4.pom
2025-03-19 11:37:58,953 [Worker-35: Import Getting Started Content] INFO  o.e.m.c.i.e.AbstractTransferListenerAdapter - Downloading https://repo.maven.apache.org/maven2/io/projectreactor/reactor-bom/2024.0.3/reactor-bom-2024.0.3.pom
2025-03-19 11:37:58,961 [Worker-35: Import Getting Started Content] INFO  o.e.m.c.i.e.AbstractTransferListenerAdapter - Downloaded https://repo.maven.apache.org/maven2/io/projectreactor/reactor-bom/2024.0.3/reactor-bom-2024.0.3.pom
2025-03-19 11:37:58,999 [Worker-35: Import Getting Started Content] INFO  o.e.m.c.i.e.AbstractTransferListenerAdapter - Downloading https://repo.maven.apache.org/maven2/io/rest-assured/rest-assured-bom/5.5.1/rest-assured-bom-5.5.1.pom
2025-03-19 11:37:59,004 [Worker-35: Import Getting Started Content] INFO  o.e.m.c.i.e.AbstractTransferListenerAdapter - Downloaded https://repo.maven.apache.org/maven2/io/rest-assured/rest-assured-bom/5.5.1/rest-assured-bom-5.5.1.pom
2025-03-19 11:37:59,050 [Worker-35: Import Getting Started Content] INFO  o.e.m.c.i.e.AbstractTransferListenerAdapter - Downloading https://repo.maven.apache.org/maven2/org/springframework/amqp/spring-amqp-bom/3.2.3/spring-amqp-bom-3.2.3.pom
2025-03-19 11:37:59,057 [Worker-35: Import Getting Started Content] INFO  o.e.m.c.i.e.AbstractTransferListenerAdapter - Downloaded https://repo.maven.apache.org/maven2/org/springframework/amqp/spring-amqp-bom/3.2.3/spring-amqp-bom-3.2.3.pom
2025-03-19 11:37:59,098 [Worker-35: Import Getting Started Content] INFO  o.e.m.c.i.e.AbstractTransferListenerAdapter - Downloading https://repo.maven.apache.org/maven2/org/springframework/data/spring-data-bom/2024.1.3/spring-data-bom-2024.1.3.pom
2025-03-19 11:37:59,102 [Worker-35: Import Getting Started Content] INFO  o.e.m.c.i.e.AbstractTransferListenerAdapter - Downloaded https://repo.maven.apache.org/maven2/org/springframework/data/spring-data-bom/2024.1.3/spring-data-bom-2024.1.3.pom
2025-03-19 11:37:59,133 [Worker-35: Import Getting Started Content] INFO  o.e.m.c.i.e.AbstractTransferListenerAdapter - Downloading https://repo.maven.apache.org/maven2/org/springframework/spring-framework-bom/6.2.3/spring-framework-bom-6.2.3.pom
2025-03-19 11:37:59,136 [Worker-35: Import Getting Started Content] INFO  o.e.m.c.i.e.AbstractTransferListenerAdapter - Downloaded https://repo.maven.apache.org/maven2/org/springframework/spring-framework-bom/6.2.3/spring-framework-bom-6.2.3.pom
2025-03-19 11:37:59,166 [Worker-35: Import Getting Started Content] INFO  o.e.m.c.i.e.AbstractTransferListenerAdapter - Downloading https://repo.maven.apache.org/maven2/org/springframework/integration/spring-integration-bom/6.4.2/spring-integration-bom-6.4.2.pom
2025-03-19 11:37:59,170 [Worker-35: Import Getting Started Content] INFO  o.e.m.c.i.e.AbstractTransferListenerAdapter - Downloaded https://repo.maven.apache.org/maven2/org/springframework/integration/spring-integration-bom/6.4.2/spring-integration-bom-6.4.2.pom
2025-03-19 11:37:59,202 [Worker-35: Import Getting Started Content] INFO  o.e.m.c.i.e.AbstractTransferListenerAdapter - Downloading https://repo.maven.apache.org/maven2/org/springframework/pulsar/spring-pulsar-bom/1.2.3/spring-pulsar-bom-1.2.3.pom
2025-03-19 11:37:59,207 [Worker-35: Import Getting Started Content] INFO  o.e.m.c.i.e.AbstractTransferListenerAdapter - Downloaded https://repo.maven.apache.org/maven2/org/springframework/pulsar/spring-pulsar-bom/1.2.3/spring-pulsar-bom-1.2.3.pom
2025-03-19 11:37:59,246 [Worker-35: Import Getting Started Content] INFO  o.e.m.c.i.e.AbstractTransferListenerAdapter - Downloading https://repo.maven.apache.org/maven2/org/springframework/security/spring-security-bom/6.4.3/spring-security-bom-6.4.3.pom
2025-03-19 11:37:59,251 [Worker-35: Import Getting Started Content] INFO  o.e.m.c.i.e.AbstractTransferListenerAdapter - Downloaded https://repo.maven.apache.org/maven2/org/springframework/security/spring-security-bom/6.4.3/spring-security-bom-6.4.3.pom
2025-03-19 11:37:59,286 [Worker-35: Import Getting Started Content] INFO  o.e.m.c.i.e.AbstractTransferListenerAdapter - Downloading https://repo.maven.apache.org/maven2/org/springframework/session/spring-session-bom/3.4.2/spring-session-bom-3.4.2.pom
2025-03-19 11:37:59,292 [Worker-35: Import Getting Started Content] INFO  o.e.m.c.i.e.AbstractTransferListenerAdapter - Downloaded https://repo.maven.apache.org/maven2/org/springframework/session/spring-session-bom/3.4.2/spring-session-bom-3.4.2.pom
2025-03-19 11:37:59,335 [Worker-35: Import Getting Started Content] INFO  o.e.m.c.i.e.AbstractTransferListenerAdapter - Downloading https://repo.maven.apache.org/maven2/org/testcontainers/testcontainers-bom/1.20.5/testcontainers-bom-1.20.5.pom
2025-03-19 11:37:59,342 [Worker-35: Import Getting Started Content] INFO  o.e.m.c.i.e.AbstractTransferListenerAdapter - Downloaded https://repo.maven.apache.org/maven2/org/testcontainers/testcontainers-bom/1.20.5/testcontainers-bom-1.20.5.pom
2025-03-19 11:37:59,920 [Worker-35: Import Getting Started Content] INFO  o.e.m.c.i.e.AbstractTransferListenerAdapter - Downloading https://repo.maven.apache.org/maven2/org/springframework/boot/spring-boot-maven-plugin/3.4.3/spring-boot-maven-plugin-3.4.3.pom
2025-03-19 11:37:59,926 [Worker-35: Import Getting Started Content] INFO  o.e.m.c.i.e.AbstractTransferListenerAdapter - Downloaded https://repo.maven.apache.org/maven2/org/springframework/boot/spring-boot-maven-plugin/3.4.3/spring-boot-maven-plugin-3.4.3.pom
2025-03-19 11:37:59,963 [Worker-35: Import Getting Started Content] INFO  o.e.m.c.i.e.AbstractTransferListenerAdapter - Downloading https://repo.maven.apache.org/maven2/org/springframework/boot/spring-boot-maven-plugin/3.4.3/spring-boot-maven-plugin-3.4.3.jar
2025-03-19 11:37:59,994 [Worker-35: Import Getting Started Content] INFO  o.e.m.c.i.e.AbstractTransferListenerAdapter - Downloaded https://repo.maven.apache.org/maven2/org/springframework/boot/spring-boot-maven-plugin/3.4.3/spring-boot-maven-plugin-3.4.3.jar
2025-03-19 11:38:00,077 [Worker-35: Import Getting Started Content] INFO  o.e.m.c.i.e.AbstractTransferListenerAdapter - Downloading https://repo.maven.apache.org/maven2/org/apache/maven/plugins/maven-clean-plugin/3.4.1/maven-clean-plugin-3.4.1.jar
2025-03-19 11:38:00,083 [Worker-35: Import Getting Started Content] INFO  o.e.m.c.i.e.AbstractTransferListenerAdapter - Downloaded https://repo.maven.apache.org/maven2/org/apache/maven/plugins/maven-clean-plugin/3.4.1/maven-clean-plugin-3.4.1.jar
2025-03-19 11:38:01,035 [Worker-35: Import Getting Started Content] INFO  o.e.m.c.i.l.LifecycleMappingFactory - Using org.eclipse.m2e.jdt.JarLifecycleMapping lifecycle mapping for MavenProject: com.example:eureka:0.0.1-SNAPSHOT @ C:\Users\prasa\eclipse-workspace\Micoservice-eclipse-workspace\SpringCloudEurekaServer\pom.xml.
2025-03-19 11:38:01,073 [Worker-35: Import Getting Started Content] INFO  o.e.m.c.i.e.AbstractTransferListenerAdapter - Downloading https://repo.maven.apache.org/maven2/org/springframework/cloud/spring-cloud-starter-netflix-eureka-server/4.2.0/spring-cloud-starter-netflix-eureka-server-4.2.0.pom
2025-03-19 11:38:01,078 [Worker-35: Import Getting Started Content] INFO  o.e.m.c.i.e.AbstractTransferListenerAdapter - Downloaded https://repo.maven.apache.org/maven2/org/springframework/cloud/spring-cloud-starter-netflix-eureka-server/4.2.0/spring-cloud-starter-netflix-eureka-server-4.2.0.pom
2025-03-19 11:38:01,110 [Worker-35: Import Getting Started Content] INFO  o.e.m.c.i.e.AbstractTransferListenerAdapter - Downloading https://repo.maven.apache.org/maven2/org/springframework/cloud/spring-cloud-netflix/4.2.0/spring-cloud-netflix-4.2.0.pom
2025-03-19 11:38:01,114 [Worker-35: Import Getting Started Content] INFO  o.e.m.c.i.e.AbstractTransferListenerAdapter - Downloaded https://repo.maven.apache.org/maven2/org/springframework/cloud/spring-cloud-netflix/4.2.0/spring-cloud-netflix-4.2.0.pom
2025-03-19 11:38:01,145 [Worker-35: Import Getting Started Content] INFO  o.e.m.c.i.e.AbstractTransferListenerAdapter - Downloading https://repo.maven.apache.org/maven2/org/springframework/cloud/spring-cloud-build/4.2.0/spring-cloud-build-4.2.0.pom
2025-03-19 11:38:01,151 [Worker-35: Import Getting Started Content] INFO  o.e.m.c.i.e.AbstractTransferListenerAdapter - Downloaded https://repo.maven.apache.org/maven2/org/springframework/cloud/spring-cloud-build/4.2.0/spring-cloud-build-4.2.0.pom
2025-03-19 11:38:01,183 [Worker-35: Import Getting Started Content] INFO  o.e.m.c.i.e.AbstractTransferListenerAdapter - Downloading https://repo.maven.apache.org/maven2/org/springframework/cloud/spring-cloud-build-dependencies/4.2.0/spring-cloud-build-dependencies-4.2.0.pom
2025-03-19 11:38:01,187 [Worker-35: Import Getting Started Content] INFO  o.e.m.c.i.e.AbstractTransferListenerAdapter - Downloaded https://repo.maven.apache.org/maven2/org/springframework/cloud/spring-cloud-build-dependencies/4.2.0/spring-cloud-build-dependencies-4.2.0.pom
2025-03-19 11:38:01,218 [Worker-35: Import Getting Started Content] INFO  o.e.m.c.i.e.AbstractTransferListenerAdapter - Downloading https://repo.maven.apache.org/maven2/org/springframework/boot/spring-boot-dependencies/3.4.0/spring-boot-dependencies-3.4.0.pom
2025-03-19 11:38:01,224 [Worker-35: Import Getting Started Content] INFO  o.e.m.c.i.e.AbstractTransferListenerAdapter - Downloaded https://repo.maven.apache.org/maven2/org/springframework/boot/spring-boot-dependencies/3.4.0/spring-boot-dependencies-3.4.0.pom
2025-03-19 11:38:01,273 [Worker-35: Import Getting Started Content] INFO  o.e.m.c.i.e.AbstractTransferListenerAdapter - Downloading https://repo.maven.apache.org/maven2/io/zipkin/reporter2/zipkin-reporter-bom/3.4.2/zipkin-reporter-bom-3.4.2.pom
2025-03-19 11:38:01,277 [Worker-35: Import Getting Started Content] INFO  o.e.m.c.i.e.AbstractTransferListenerAdapter - Downloaded https://repo.maven.apache.org/maven2/io/zipkin/reporter2/zipkin-reporter-bom/3.4.2/zipkin-reporter-bom-3.4.2.pom
2025-03-19 11:38:01,333 [Worker-35: Import Getting Started Content] INFO  o.e.m.c.i.e.AbstractTransferListenerAdapter - Downloading https://repo.maven.apache.org/maven2/com/fasterxml/jackson/jackson-bom/2.18.1/jackson-bom-2.18.1.pom
2025-03-19 11:38:01,337 [Worker-35: Import Getting Started Content] INFO  o.e.m.c.i.e.AbstractTransferListenerAdapter - Downloaded https://repo.maven.apache.org/maven2/com/fasterxml/jackson/jackson-bom/2.18.1/jackson-bom-2.18.1.pom
2025-03-19 11:38:01,390 [Worker-35: Import Getting Started Content] INFO  o.e.m.c.i.e.AbstractTransferListenerAdapter - Downloading https://repo.maven.apache.org/maven2/org/apache/logging/log4j/log4j-bom/2.24.1/log4j-bom-2.24.1.pom
2025-03-19 11:38:01,393 [Worker-35: Import Getting Started Content] INFO  o.e.m.c.i.e.AbstractTransferListenerAdapter - Downloaded https://repo.maven.apache.org/maven2/org/apache/logging/log4j/log4j-bom/2.24.1/log4j-bom-2.24.1.pom
2025-03-19 11:38:01,427 [Worker-35: Import Getting Started Content] INFO  o.e.m.c.i.e.AbstractTransferListenerAdapter - Downloading https://repo.maven.apache.org/maven2/io/micrometer/micrometer-bom/1.14.1/micrometer-bom-1.14.1.pom
2025-03-19 11:38:01,433 [Worker-35: Import Getting Started Content] INFO  o.e.m.c.i.e.AbstractTransferListenerAdapter - Downloaded https://repo.maven.apache.org/maven2/io/micrometer/micrometer-bom/1.14.1/micrometer-bom-1.14.1.pom
2025-03-19 11:38:01,460 [Worker-35: Import Getting Started Content] INFO  o.e.m.c.i.e.AbstractTransferListenerAdapter - Downloading https://repo.maven.apache.org/maven2/io/micrometer/micrometer-tracing-bom/1.4.0/micrometer-tracing-bom-1.4.0.pom
2025-03-19 11:38:01,466 [Worker-35: Import Getting Started Content] INFO  o.e.m.c.i.e.AbstractTransferListenerAdapter - Downloaded https://repo.maven.apache.org/maven2/io/micrometer/micrometer-tracing-bom/1.4.0/micrometer-tracing-bom-1.4.0.pom
2025-03-19 11:38:01,495 [Worker-35: Import Getting Started Content] INFO  o.e.m.c.i.e.AbstractTransferListenerAdapter - Downloading https://repo.maven.apache.org/maven2/io/micrometer/micrometer-bom/1.14.0/micrometer-bom-1.14.0.pom
2025-03-19 11:38:01,499 [Worker-35: Import Getting Started Content] INFO  o.e.m.c.i.e.AbstractTransferListenerAdapter - Downloaded https://repo.maven.apache.org/maven2/io/micrometer/micrometer-bom/1.14.0/micrometer-bom-1.14.0.pom
2025-03-19 11:38:01,538 [Worker-35: Import Getting Started Content] INFO  o.e.m.c.i.e.AbstractTransferListenerAdapter - Downloading https://repo.maven.apache.org/maven2/io/prometheus/prometheus-metrics-bom/1.3.3/prometheus-metrics-bom-1.3.3.pom
2025-03-19 11:38:01,545 [Worker-35: Import Getting Started Content] INFO  o.e.m.c.i.e.AbstractTransferListenerAdapter - Downloaded https://repo.maven.apache.org/maven2/io/prometheus/prometheus-metrics-bom/1.3.3/prometheus-metrics-bom-1.3.3.pom
2025-03-19 11:38:01,572 [Worker-35: Import Getting Started Content] INFO  o.e.m.c.i.e.AbstractTransferListenerAdapter - Downloading https://repo.maven.apache.org/maven2/io/prometheus/client_java/1.3.3/client_java-1.3.3.pom
2025-03-19 11:38:01,577 [Worker-35: Import Getting Started Content] INFO  o.e.m.c.i.e.AbstractTransferListenerAdapter - Downloaded https://repo.maven.apache.org/maven2/io/prometheus/client_java/1.3.3/client_java-1.3.3.pom
2025-03-19 11:38:01,608 [Worker-35: Import Getting Started Content] INFO  o.e.m.c.i.e.AbstractTransferListenerAdapter - Downloading https://repo.maven.apache.org/maven2/org/apache/pulsar/pulsar-bom/3.3.2/pulsar-bom-3.3.2.pom
2025-03-19 11:38:01,614 [Worker-35: Import Getting Started Content] INFO  o.e.m.c.i.e.AbstractTransferListenerAdapter - Downloaded https://repo.maven.apache.org/maven2/org/apache/pulsar/pulsar-bom/3.3.2/pulsar-bom-3.3.2.pom
2025-03-19 11:38:01,645 [Worker-35: Import Getting Started Content] INFO  o.e.m.c.i.e.AbstractTransferListenerAdapter - Downloading https://repo.maven.apache.org/maven2/io/projectreactor/reactor-bom/2024.0.0/reactor-bom-2024.0.0.pom
2025-03-19 11:38:01,649 [Worker-35: Import Getting Started Content] INFO  o.e.m.c.i.e.AbstractTransferListenerAdapter - Downloaded https://repo.maven.apache.org/maven2/io/projectreactor/reactor-bom/2024.0.0/reactor-bom-2024.0.0.pom
2025-03-19 11:38:01,686 [Worker-35: Import Getting Started Content] INFO  o.e.m.c.i.e.AbstractTransferListenerAdapter - Downloading https://repo.maven.apache.org/maven2/org/springframework/amqp/spring-amqp-bom/3.2.0/spring-amqp-bom-3.2.0.pom
2025-03-19 11:38:01,690 [Worker-35: Import Getting Started Content] INFO  o.e.m.c.i.e.AbstractTransferListenerAdapter - Downloaded https://repo.maven.apache.org/maven2/org/springframework/amqp/spring-amqp-bom/3.2.0/spring-amqp-bom-3.2.0.pom
2025-03-19 11:38:01,720 [Worker-35: Import Getting Started Content] INFO  o.e.m.c.i.e.AbstractTransferListenerAdapter - Downloading https://repo.maven.apache.org/maven2/org/springframework/batch/spring-batch-bom/5.2.0/spring-batch-bom-5.2.0.pom
2025-03-19 11:38:01,724 [Worker-35: Import Getting Started Content] INFO  o.e.m.c.i.e.AbstractTransferListenerAdapter - Downloaded https://repo.maven.apache.org/maven2/org/springframework/batch/spring-batch-bom/5.2.0/spring-batch-bom-5.2.0.pom
2025-03-19 11:38:01,766 [Worker-35: Import Getting Started Content] INFO  o.e.m.c.i.e.AbstractTransferListenerAdapter - Downloading https://repo.maven.apache.org/maven2/org/springframework/data/spring-data-bom/2024.1.0/spring-data-bom-2024.1.0.pom
2025-03-19 11:38:01,770 [Worker-35: Import Getting Started Content] INFO  o.e.m.c.i.e.AbstractTransferListenerAdapter - Downloaded https://repo.maven.apache.org/maven2/org/springframework/data/spring-data-bom/2024.1.0/spring-data-bom-2024.1.0.pom
2025-03-19 11:38:01,815 [Worker-35: Import Getting Started Content] INFO  o.e.m.c.i.e.AbstractTransferListenerAdapter - Downloading https://repo.maven.apache.org/maven2/org/springframework/spring-framework-bom/6.2.0/spring-framework-bom-6.2.0.pom
2025-03-19 11:38:01,819 [Worker-35: Import Getting Started Content] INFO  o.e.m.c.i.e.AbstractTransferListenerAdapter - Downloaded https://repo.maven.apache.org/maven2/org/springframework/spring-framework-bom/6.2.0/spring-framework-bom-6.2.0.pom
2025-03-19 11:38:01,847 [Worker-35: Import Getting Started Content] INFO  o.e.m.c.i.e.AbstractTransferListenerAdapter - Downloading https://repo.maven.apache.org/maven2/org/springframework/integration/spring-integration-bom/6.4.0/spring-integration-bom-6.4.0.pom
2025-03-19 11:38:01,850 [Worker-35: Import Getting Started Content] INFO  o.e.m.c.i.e.AbstractTransferListenerAdapter - Downloaded https://repo.maven.apache.org/maven2/org/springframework/integration/spring-integration-bom/6.4.0/spring-integration-bom-6.4.0.pom
2025-03-19 11:38:01,882 [Worker-35: Import Getting Started Content] INFO  o.e.m.c.i.e.AbstractTransferListenerAdapter - Downloading https://repo.maven.apache.org/maven2/org/springframework/pulsar/spring-pulsar-bom/1.2.0/spring-pulsar-bom-1.2.0.pom
2025-03-19 11:38:01,885 [Worker-35: Import Getting Started Content] INFO  o.e.m.c.i.e.AbstractTransferListenerAdapter - Downloaded https://repo.maven.apache.org/maven2/org/springframework/pulsar/spring-pulsar-bom/1.2.0/spring-pulsar-bom-1.2.0.pom
2025-03-19 11:38:01,922 [Worker-35: Import Getting Started Content] INFO  o.e.m.c.i.e.AbstractTransferListenerAdapter - Downloading https://repo.maven.apache.org/maven2/org/springframework/security/spring-security-bom/6.4.1/spring-security-bom-6.4.1.pom
2025-03-19 11:38:01,925 [Worker-35: Import Getting Started Content] INFO  o.e.m.c.i.e.AbstractTransferListenerAdapter - Downloaded https://repo.maven.apache.org/maven2/org/springframework/security/spring-security-bom/6.4.1/spring-security-bom-6.4.1.pom
2025-03-19 11:38:01,952 [Worker-35: Import Getting Started Content] INFO  o.e.m.c.i.e.AbstractTransferListenerAdapter - Downloading https://repo.maven.apache.org/maven2/org/springframework/session/spring-session-bom/3.4.0/spring-session-bom-3.4.0.pom
2025-03-19 11:38:01,956 [Worker-35: Import Getting Started Content] INFO  o.e.m.c.i.e.AbstractTransferListenerAdapter - Downloaded https://repo.maven.apache.org/maven2/org/springframework/session/spring-session-bom/3.4.0/spring-session-bom-3.4.0.pom
2025-03-19 11:38:01,992 [Worker-35: Import Getting Started Content] INFO  o.e.m.c.i.e.AbstractTransferListenerAdapter - Downloading https://repo.maven.apache.org/maven2/org/springframework/cloud/spring-cloud-starter/4.2.0/spring-cloud-starter-4.2.0.pom
2025-03-19 11:38:01,995 [Worker-35: Import Getting Started Content] INFO  o.e.m.c.i.e.AbstractTransferListenerAdapter - Downloaded https://repo.maven.apache.org/maven2/org/springframework/cloud/spring-cloud-starter/4.2.0/spring-cloud-starter-4.2.0.pom
2025-03-19 11:38:02,026 [Worker-35: Import Getting Started Content] INFO  o.e.m.c.i.e.AbstractTransferListenerAdapter - Downloading https://repo.maven.apache.org/maven2/org/springframework/cloud/spring-cloud-commons-parent/4.2.0/spring-cloud-commons-parent-4.2.0.pom
2025-03-19 11:38:02,030 [Worker-35: Import Getting Started Content] INFO  o.e.m.c.i.e.AbstractTransferListenerAdapter - Downloaded https://repo.maven.apache.org/maven2/org/springframework/cloud/spring-cloud-commons-parent/4.2.0/spring-cloud-commons-parent-4.2.0.pom
2025-03-19 11:38:02,061 [Worker-35: Import Getting Started Content] INFO  o.e.m.c.i.e.AbstractTransferListenerAdapter - Downloading https://repo.maven.apache.org/maven2/org/springframework/boot/spring-boot-starter/3.4.3/spring-boot-starter-3.4.3.pom
2025-03-19 11:38:02,065 [Worker-35: Import Getting Started Content] INFO  o.e.m.c.i.e.AbstractTransferListenerAdapter - Downloaded https://repo.maven.apache.org/maven2/org/springframework/boot/spring-boot-starter/3.4.3/spring-boot-starter-3.4.3.pom
2025-03-19 11:38:02,095 [Worker-35: Import Getting Started Content] INFO  o.e.m.c.i.e.AbstractTransferListenerAdapter - Downloading https://repo.maven.apache.org/maven2/org/springframework/boot/spring-boot/3.4.3/spring-boot-3.4.3.pom
2025-03-19 11:38:02,098 [Worker-35: Import Getting Started Content] INFO  o.e.m.c.i.e.AbstractTransferListenerAdapter - Downloaded https://repo.maven.apache.org/maven2/org/springframework/boot/spring-boot/3.4.3/spring-boot-3.4.3.pom
2025-03-19 11:38:02,127 [Worker-35: Import Getting Started Content] INFO  o.e.m.c.i.e.AbstractTransferListenerAdapter - Downloading https://repo.maven.apache.org/maven2/org/springframework/spring-core/6.2.3/spring-core-6.2.3.pom
2025-03-19 11:38:02,131 [Worker-35: Import Getting Started Content] INFO  o.e.m.c.i.e.AbstractTransferListenerAdapter - Downloaded https://repo.maven.apache.org/maven2/org/springframework/spring-core/6.2.3/spring-core-6.2.3.pom
2025-03-19 11:38:02,160 [Worker-35: Import Getting Started Content] INFO  o.e.m.c.i.e.AbstractTransferListenerAdapter - Downloading https://repo.maven.apache.org/maven2/org/springframework/spring-jcl/6.2.3/spring-jcl-6.2.3.pom
2025-03-19 11:38:02,163 [Worker-35: Import Getting Started Content] INFO  o.e.m.c.i.e.AbstractTransferListenerAdapter - Downloaded https://repo.maven.apache.org/maven2/org/springframework/spring-jcl/6.2.3/spring-jcl-6.2.3.pom
2025-03-19 11:38:02,192 [Worker-35: Import Getting Started Content] INFO  o.e.m.c.i.e.AbstractTransferListenerAdapter - Downloading https://repo.maven.apache.org/maven2/org/springframework/spring-context/6.2.3/spring-context-6.2.3.pom
2025-03-19 11:38:02,198 [Worker-35: Import Getting Started Content] INFO  o.e.m.c.i.e.AbstractTransferListenerAdapter - Downloaded https://repo.maven.apache.org/maven2/org/springframework/spring-context/6.2.3/spring-context-6.2.3.pom
2025-03-19 11:38:02,228 [Worker-35: Import Getting Started Content] INFO  o.e.m.c.i.e.AbstractTransferListenerAdapter - Downloading https://repo.maven.apache.org/maven2/org/springframework/spring-aop/6.2.3/spring-aop-6.2.3.pom
2025-03-19 11:38:02,233 [Worker-35: Import Getting Started Content] INFO  o.e.m.c.i.e.AbstractTransferListenerAdapter - Downloaded https://repo.maven.apache.org/maven2/org/springframework/spring-aop/6.2.3/spring-aop-6.2.3.pom
2025-03-19 11:38:02,262 [Worker-35: Import Getting Started Content] INFO  o.e.m.c.i.e.AbstractTransferListenerAdapter - Downloading https://repo.maven.apache.org/maven2/org/springframework/spring-beans/6.2.3/spring-beans-6.2.3.pom
2025-03-19 11:38:02,266 [Worker-35: Import Getting Started Content] INFO  o.e.m.c.i.e.AbstractTransferListenerAdapter - Downloaded https://repo.maven.apache.org/maven2/org/springframework/spring-beans/6.2.3/spring-beans-6.2.3.pom
2025-03-19 11:38:02,298 [Worker-35: Import Getting Started Content] INFO  o.e.m.c.i.e.AbstractTransferListenerAdapter - Downloading https://repo.maven.apache.org/maven2/org/springframework/spring-expression/6.2.3/spring-expression-6.2.3.pom
2025-03-19 11:38:02,303 [Worker-35: Import Getting Started Content] INFO  o.e.m.c.i.e.AbstractTransferListenerAdapter - Downloaded https://repo.maven.apache.org/maven2/org/springframework/spring-expression/6.2.3/spring-expression-6.2.3.pom
2025-03-19 11:38:02,335 [Worker-35: Import Getting Started Content] INFO  o.e.m.c.i.e.AbstractTransferListenerAdapter - Downloading https://repo.maven.apache.org/maven2/io/micrometer/micrometer-observation/1.14.4/micrometer-observation-1.14.4.pom
2025-03-19 11:38:02,340 [Worker-35: Import Getting Started Content] INFO  o.e.m.c.i.e.AbstractTransferListenerAdapter - Downloaded https://repo.maven.apache.org/maven2/io/micrometer/micrometer-observation/1.14.4/micrometer-observation-1.14.4.pom
2025-03-19 11:38:02,371 [Worker-35: Import Getting Started Content] INFO  o.e.m.c.i.e.AbstractTransferListenerAdapter - Downloading https://repo.maven.apache.org/maven2/io/micrometer/micrometer-commons/1.14.4/micrometer-commons-1.14.4.pom
2025-03-19 11:38:02,375 [Worker-35: Import Getting Started Content] INFO  o.e.m.c.i.e.AbstractTransferListenerAdapter - Downloaded https://repo.maven.apache.org/maven2/io/micrometer/micrometer-commons/1.14.4/micrometer-commons-1.14.4.pom
2025-03-19 11:38:02,406 [Worker-35: Import Getting Started Content] INFO  o.e.m.c.i.e.AbstractTransferListenerAdapter - Downloading https://repo.maven.apache.org/maven2/org/springframework/boot/spring-boot-autoconfigure/3.4.3/spring-boot-autoconfigure-3.4.3.pom
2025-03-19 11:38:02,410 [Worker-35: Import Getting Started Content] INFO  o.e.m.c.i.e.AbstractTransferListenerAdapter - Downloaded https://repo.maven.apache.org/maven2/org/springframework/boot/spring-boot-autoconfigure/3.4.3/spring-boot-autoconfigure-3.4.3.pom
2025-03-19 11:38:02,440 [Worker-35: Import Getting Started Content] INFO  o.e.m.c.i.e.AbstractTransferListenerAdapter - Downloading https://repo.maven.apache.org/maven2/org/springframework/boot/spring-boot-starter-logging/3.4.3/spring-boot-starter-logging-3.4.3.pom
2025-03-19 11:38:02,447 [Worker-35: Import Getting Started Content] INFO  o.e.m.c.i.e.AbstractTransferListenerAdapter - Downloaded https://repo.maven.apache.org/maven2/org/springframework/boot/spring-boot-starter-logging/3.4.3/spring-boot-starter-logging-3.4.3.pom
2025-03-19 11:38:02,590 [Worker-35: Import Getting Started Content] INFO  o.e.m.c.i.e.AbstractTransferListenerAdapter - Downloading https://repo.maven.apache.org/maven2/org/springframework/cloud/spring-cloud-context/4.2.0/spring-cloud-context-4.2.0.pom
2025-03-19 11:38:02,596 [Worker-35: Import Getting Started Content] INFO  o.e.m.c.i.e.AbstractTransferListenerAdapter - Downloaded https://repo.maven.apache.org/maven2/org/springframework/cloud/spring-cloud-context/4.2.0/spring-cloud-context-4.2.0.pom
2025-03-19 11:38:02,629 [Worker-35: Import Getting Started Content] INFO  o.e.m.c.i.e.AbstractTransferListenerAdapter - Downloading https://repo.maven.apache.org/maven2/org/springframework/security/spring-security-crypto/6.4.3/spring-security-crypto-6.4.3.pom
2025-03-19 11:38:02,635 [Worker-35: Import Getting Started Content] INFO  o.e.m.c.i.e.AbstractTransferListenerAdapter - Downloaded https://repo.maven.apache.org/maven2/org/springframework/security/spring-security-crypto/6.4.3/spring-security-crypto-6.4.3.pom
2025-03-19 11:38:02,665 [Worker-35: Import Getting Started Content] INFO  o.e.m.c.i.e.AbstractTransferListenerAdapter - Downloading https://repo.maven.apache.org/maven2/org/springframework/cloud/spring-cloud-commons/4.2.0/spring-cloud-commons-4.2.0.pom
2025-03-19 11:38:02,669 [Worker-35: Import Getting Started Content] INFO  o.e.m.c.i.e.AbstractTransferListenerAdapter - Downloaded https://repo.maven.apache.org/maven2/org/springframework/cloud/spring-cloud-commons/4.2.0/spring-cloud-commons-4.2.0.pom
2025-03-19 11:38:02,701 [Worker-35: Import Getting Started Content] INFO  o.e.m.c.i.e.AbstractTransferListenerAdapter - Downloading https://repo.maven.apache.org/maven2/org/bouncycastle/bcprov-jdk18on/1.78.1/bcprov-jdk18on-1.78.1.pom
2025-03-19 11:38:02,704 [Worker-35: Import Getting Started Content] INFO  o.e.m.c.i.e.AbstractTransferListenerAdapter - Downloaded https://repo.maven.apache.org/maven2/org/bouncycastle/bcprov-jdk18on/1.78.1/bcprov-jdk18on-1.78.1.pom
2025-03-19 11:38:02,732 [Worker-35: Import Getting Started Content] INFO  o.e.m.c.i.e.AbstractTransferListenerAdapter - Downloading https://repo.maven.apache.org/maven2/org/springframework/cloud/spring-cloud-netflix-eureka-server/4.2.0/spring-cloud-netflix-eureka-server-4.2.0.pom
2025-03-19 11:38:02,735 [Worker-35: Import Getting Started Content] INFO  o.e.m.c.i.e.AbstractTransferListenerAdapter - Downloaded https://repo.maven.apache.org/maven2/org/springframework/cloud/spring-cloud-netflix-eureka-server/4.2.0/spring-cloud-netflix-eureka-server-4.2.0.pom
2025-03-19 11:38:02,768 [Worker-35: Import Getting Started Content] INFO  o.e.m.c.i.e.AbstractTransferListenerAdapter - Downloading https://repo.maven.apache.org/maven2/org/springframework/boot/spring-boot-starter-web/3.4.3/spring-boot-starter-web-3.4.3.pom
2025-03-19 11:38:02,772 [Worker-35: Import Getting Started Content] INFO  o.e.m.c.i.e.AbstractTransferListenerAdapter - Downloaded https://repo.maven.apache.org/maven2/org/springframework/boot/spring-boot-starter-web/3.4.3/spring-boot-starter-web-3.4.3.pom
2025-03-19 11:38:02,800 [Worker-35: Import Getting Started Content] INFO  o.e.m.c.i.e.AbstractTransferListenerAdapter - Downloading https://repo.maven.apache.org/maven2/org/springframework/boot/spring-boot-starter-json/3.4.3/spring-boot-starter-json-3.4.3.pom
2025-03-19 11:38:02,803 [Worker-35: Import Getting Started Content] INFO  o.e.m.c.i.e.AbstractTransferListenerAdapter - Downloaded https://repo.maven.apache.org/maven2/org/springframework/boot/spring-boot-starter-json/3.4.3/spring-boot-starter-json-3.4.3.pom
2025-03-19 11:38:02,833 [Worker-35: Import Getting Started Content] INFO  o.e.m.c.i.e.AbstractTransferListenerAdapter - Downloading https://repo.maven.apache.org/maven2/org/springframework/spring-web/6.2.3/spring-web-6.2.3.pom
2025-03-19 11:38:02,837 [Worker-35: Import Getting Started Content] INFO  o.e.m.c.i.e.AbstractTransferListenerAdapter - Downloaded https://repo.maven.apache.org/maven2/org/springframework/spring-web/6.2.3/spring-web-6.2.3.pom
2025-03-19 11:38:02,915 [Worker-35: Import Getting Started Content] INFO  o.e.m.c.i.e.AbstractTransferListenerAdapter - Downloading https://repo.maven.apache.org/maven2/org/springframework/boot/spring-boot-starter-tomcat/3.4.3/spring-boot-starter-tomcat-3.4.3.pom
2025-03-19 11:38:02,919 [Worker-35: Import Getting Started Content] INFO  o.e.m.c.i.e.AbstractTransferListenerAdapter - Downloaded https://repo.maven.apache.org/maven2/org/springframework/boot/spring-boot-starter-tomcat/3.4.3/spring-boot-starter-tomcat-3.4.3.pom
2025-03-19 11:38:02,994 [Worker-35: Import Getting Started Content] INFO  o.e.m.c.i.e.AbstractTransferListenerAdapter - Downloading https://repo.maven.apache.org/maven2/org/springframework/spring-webmvc/6.2.3/spring-webmvc-6.2.3.pom
2025-03-19 11:38:02,999 [Worker-35: Import Getting Started Content] INFO  o.e.m.c.i.e.AbstractTransferListenerAdapter - Downloaded https://repo.maven.apache.org/maven2/org/springframework/spring-webmvc/6.2.3/spring-webmvc-6.2.3.pom
2025-03-19 11:38:03,039 [Worker-35: Import Getting Started Content] INFO  o.e.m.c.i.e.AbstractTransferListenerAdapter - Downloading https://repo.maven.apache.org/maven2/org/springframework/boot/spring-boot-starter-actuator/3.4.3/spring-boot-starter-actuator-3.4.3.pom
2025-03-19 11:38:03,045 [Worker-35: Import Getting Started Content] INFO  o.e.m.c.i.e.AbstractTransferListenerAdapter - Downloaded https://repo.maven.apache.org/maven2/org/springframework/boot/spring-boot-starter-actuator/3.4.3/spring-boot-starter-actuator-3.4.3.pom
2025-03-19 11:38:03,081 [Worker-35: Import Getting Started Content] INFO  o.e.m.c.i.e.AbstractTransferListenerAdapter - Downloading https://repo.maven.apache.org/maven2/org/springframework/boot/spring-boot-actuator-autoconfigure/3.4.3/spring-boot-actuator-autoconfigure-3.4.3.pom
2025-03-19 11:38:03,085 [Worker-35: Import Getting Started Content] INFO  o.e.m.c.i.e.AbstractTransferListenerAdapter - Downloaded https://repo.maven.apache.org/maven2/org/springframework/boot/spring-boot-actuator-autoconfigure/3.4.3/spring-boot-actuator-autoconfigure-3.4.3.pom
2025-03-19 11:38:03,132 [Worker-35: Import Getting Started Content] INFO  o.e.m.c.i.e.AbstractTransferListenerAdapter - Downloading https://repo.maven.apache.org/maven2/org/springframework/boot/spring-boot-actuator/3.4.3/spring-boot-actuator-3.4.3.pom
2025-03-19 11:38:03,136 [Worker-35: Import Getting Started Content] INFO  o.e.m.c.i.e.AbstractTransferListenerAdapter - Downloaded https://repo.maven.apache.org/maven2/org/springframework/boot/spring-boot-actuator/3.4.3/spring-boot-actuator-3.4.3.pom
2025-03-19 11:38:03,165 [Worker-35: Import Getting Started Content] INFO  o.e.m.c.i.e.AbstractTransferListenerAdapter - Downloading https://repo.maven.apache.org/maven2/io/micrometer/micrometer-jakarta9/1.14.4/micrometer-jakarta9-1.14.4.pom
2025-03-19 11:38:03,168 [Worker-35: Import Getting Started Content] INFO  o.e.m.c.i.e.AbstractTransferListenerAdapter - Downloaded https://repo.maven.apache.org/maven2/io/micrometer/micrometer-jakarta9/1.14.4/micrometer-jakarta9-1.14.4.pom
2025-03-19 11:38:03,196 [Worker-35: Import Getting Started Content] INFO  o.e.m.c.i.e.AbstractTransferListenerAdapter - Downloading https://repo.maven.apache.org/maven2/io/micrometer/micrometer-core/1.14.4/micrometer-core-1.14.4.pom
2025-03-19 11:38:03,199 [Worker-35: Import Getting Started Content] INFO  o.e.m.c.i.e.AbstractTransferListenerAdapter - Downloaded https://repo.maven.apache.org/maven2/io/micrometer/micrometer-core/1.14.4/micrometer-core-1.14.4.pom
2025-03-19 11:38:03,234 [Worker-35: Import Getting Started Content] INFO  o.e.m.c.i.e.AbstractTransferListenerAdapter - Downloading https://repo.maven.apache.org/maven2/org/springframework/boot/spring-boot-starter-freemarker/3.4.3/spring-boot-starter-freemarker-3.4.3.pom
2025-03-19 11:38:03,238 [Worker-35: Import Getting Started Content] INFO  o.e.m.c.i.e.AbstractTransferListenerAdapter - Downloaded https://repo.maven.apache.org/maven2/org/springframework/boot/spring-boot-starter-freemarker/3.4.3/spring-boot-starter-freemarker-3.4.3.pom
2025-03-19 11:38:03,271 [Worker-35: Import Getting Started Content] INFO  o.e.m.c.i.e.AbstractTransferListenerAdapter - Downloading https://repo.maven.apache.org/maven2/org/springframework/spring-context-support/6.2.3/spring-context-support-6.2.3.pom
2025-03-19 11:38:03,274 [Worker-35: Import Getting Started Content] INFO  o.e.m.c.i.e.AbstractTransferListenerAdapter - Downloaded https://repo.maven.apache.org/maven2/org/springframework/spring-context-support/6.2.3/spring-context-support-6.2.3.pom
2025-03-19 11:38:03,304 [Worker-35: Import Getting Started Content] INFO  o.e.m.c.i.e.AbstractTransferListenerAdapter - Downloading https://repo.maven.apache.org/maven2/org/springframework/cloud/spring-cloud-netflix-eureka-client/4.2.0/spring-cloud-netflix-eureka-client-4.2.0.pom
2025-03-19 11:38:03,307 [Worker-35: Import Getting Started Content] INFO  o.e.m.c.i.e.AbstractTransferListenerAdapter - Downloaded https://repo.maven.apache.org/maven2/org/springframework/cloud/spring-cloud-netflix-eureka-client/4.2.0/spring-cloud-netflix-eureka-client-4.2.0.pom
2025-03-19 11:38:03,395 [Worker-35: Import Getting Started Content] INFO  o.e.m.c.i.e.AbstractTransferListenerAdapter - Downloading https://repo.maven.apache.org/maven2/commons-codec/commons-codec/1.17.2/commons-codec-1.17.2.pom
2025-03-19 11:38:03,398 [Worker-35: Import Getting Started Content] INFO  o.e.m.c.i.e.AbstractTransferListenerAdapter - Downloaded https://repo.maven.apache.org/maven2/commons-codec/commons-codec/1.17.2/commons-codec-1.17.2.pom
2025-03-19 11:38:03,427 [Worker-35: Import Getting Started Content] INFO  o.e.m.c.i.e.AbstractTransferListenerAdapter - Downloading https://repo.maven.apache.org/maven2/org/apache/commons/commons-parent/78/commons-parent-78.pom
2025-03-19 11:38:03,433 [Worker-35: Import Getting Started Content] INFO  o.e.m.c.i.e.AbstractTransferListenerAdapter - Downloaded https://repo.maven.apache.org/maven2/org/apache/commons/commons-parent/78/commons-parent-78.pom
2025-03-19 11:38:03,476 [Worker-35: Import Getting Started Content] INFO  o.e.m.c.i.e.AbstractTransferListenerAdapter - Downloading https://repo.maven.apache.org/maven2/org/junit/junit-bom/5.11.2/junit-bom-5.11.2.pom
2025-03-19 11:38:03,480 [Worker-35: Import Getting Started Content] INFO  o.e.m.c.i.e.AbstractTransferListenerAdapter - Downloaded https://repo.maven.apache.org/maven2/org/junit/junit-bom/5.11.2/junit-bom-5.11.2.pom
2025-03-19 11:38:03,561 [Worker-35: Import Getting Started Content] INFO  o.e.m.c.i.e.AbstractTransferListenerAdapter - Downloading https://repo.maven.apache.org/maven2/com/google/code/gson/gson/2.11.0/gson-2.11.0.pom
2025-03-19 11:38:03,563 [Worker-35: Import Getting Started Content] INFO  o.e.m.c.i.e.AbstractTransferListenerAdapter - Downloaded https://repo.maven.apache.org/maven2/com/google/code/gson/gson/2.11.0/gson-2.11.0.pom
2025-03-19 11:38:03,595 [Worker-35: Import Getting Started Content] INFO  o.e.m.c.i.e.AbstractTransferListenerAdapter - Downloading https://repo.maven.apache.org/maven2/com/google/code/gson/gson-parent/2.11.0/gson-parent-2.11.0.pom
2025-03-19 11:38:03,602 [Worker-35: Import Getting Started Content] INFO  o.e.m.c.i.e.AbstractTransferListenerAdapter - Downloaded https://repo.maven.apache.org/maven2/com/google/code/gson/gson-parent/2.11.0/gson-parent-2.11.0.pom
2025-03-19 11:38:03,634 [Worker-35: Import Getting Started Content] INFO  o.e.m.c.i.e.AbstractTransferListenerAdapter - Downloading https://repo.maven.apache.org/maven2/com/google/errorprone/error_prone_annotations/2.27.0/error_prone_annotations-2.27.0.pom
2025-03-19 11:38:03,639 [Worker-35: Import Getting Started Content] INFO  o.e.m.c.i.e.AbstractTransferListenerAdapter - Downloaded https://repo.maven.apache.org/maven2/com/google/errorprone/error_prone_annotations/2.27.0/error_prone_annotations-2.27.0.pom
2025-03-19 11:38:03,669 [Worker-35: Import Getting Started Content] INFO  o.e.m.c.i.e.AbstractTransferListenerAdapter - Downloading https://repo.maven.apache.org/maven2/com/google/errorprone/error_prone_parent/2.27.0/error_prone_parent-2.27.0.pom
2025-03-19 11:38:03,673 [Worker-35: Import Getting Started Content] INFO  o.e.m.c.i.e.AbstractTransferListenerAdapter - Downloaded https://repo.maven.apache.org/maven2/com/google/errorprone/error_prone_parent/2.27.0/error_prone_parent-2.27.0.pom
2025-03-19 11:38:03,743 [Worker-35: Import Getting Started Content] INFO  o.e.m.c.i.e.AbstractTransferListenerAdapter - Downloading https://repo.maven.apache.org/maven2/org/apache/httpcomponents/client5/httpclient5/5.4.2/httpclient5-5.4.2.pom
2025-03-19 11:38:03,748 [Worker-35: Import Getting Started Content] INFO  o.e.m.c.i.e.AbstractTransferListenerAdapter - Downloaded https://repo.maven.apache.org/maven2/org/apache/httpcomponents/client5/httpclient5/5.4.2/httpclient5-5.4.2.pom
2025-03-19 11:38:03,785 [Worker-35: Import Getting Started Content] INFO  o.e.m.c.i.e.AbstractTransferListenerAdapter - Downloading https://repo.maven.apache.org/maven2/org/apache/httpcomponents/client5/httpclient5-parent/5.4.2/httpclient5-parent-5.4.2.pom
2025-03-19 11:38:03,789 [Worker-35: Import Getting Started Content] INFO  o.e.m.c.i.e.AbstractTransferListenerAdapter - Downloaded https://repo.maven.apache.org/maven2/org/apache/httpcomponents/client5/httpclient5-parent/5.4.2/httpclient5-parent-5.4.2.pom
2025-03-19 11:38:03,833 [Worker-35: Import Getting Started Content] INFO  o.e.m.c.i.e.AbstractTransferListenerAdapter - Downloading https://repo.maven.apache.org/maven2/org/apache/httpcomponents/core5/httpcore5/5.3.3/httpcore5-5.3.3.pom
2025-03-19 11:38:03,838 [Worker-35: Import Getting Started Content] INFO  o.e.m.c.i.e.AbstractTransferListenerAdapter - Downloaded https://repo.maven.apache.org/maven2/org/apache/httpcomponents/core5/httpcore5/5.3.3/httpcore5-5.3.3.pom
2025-03-19 11:38:03,868 [Worker-35: Import Getting Started Content] INFO  o.e.m.c.i.e.AbstractTransferListenerAdapter - Downloading https://repo.maven.apache.org/maven2/org/apache/httpcomponents/core5/httpcore5-parent/5.3.3/httpcore5-parent-5.3.3.pom
2025-03-19 11:38:03,873 [Worker-35: Import Getting Started Content] INFO  o.e.m.c.i.e.AbstractTransferListenerAdapter - Downloaded https://repo.maven.apache.org/maven2/org/apache/httpcomponents/core5/httpcore5-parent/5.3.3/httpcore5-parent-5.3.3.pom
2025-03-19 11:38:03,907 [Worker-35: Import Getting Started Content] INFO  o.e.m.c.i.e.AbstractTransferListenerAdapter - Downloading https://repo.maven.apache.org/maven2/org/apache/httpcomponents/core5/httpcore5-h2/5.3.3/httpcore5-h2-5.3.3.pom
2025-03-19 11:38:03,910 [Worker-35: Import Getting Started Content] INFO  o.e.m.c.i.e.AbstractTransferListenerAdapter - Downloaded https://repo.maven.apache.org/maven2/org/apache/httpcomponents/core5/httpcore5-h2/5.3.3/httpcore5-h2-5.3.3.pom
2025-03-19 11:38:04,107 [Worker-35: Import Getting Started Content] INFO  o.e.m.c.i.e.AbstractTransferListenerAdapter - Downloading https://repo.maven.apache.org/maven2/com/fasterxml/jackson/dataformat/jackson-dataformat-xml/2.18.2/jackson-dataformat-xml-2.18.2.pom
2025-03-19 11:38:04,113 [Worker-35: Import Getting Started Content] INFO  o.e.m.c.i.e.AbstractTransferListenerAdapter - Downloaded https://repo.maven.apache.org/maven2/com/fasterxml/jackson/dataformat/jackson-dataformat-xml/2.18.2/jackson-dataformat-xml-2.18.2.pom
2025-03-19 11:38:04,163 [Worker-35: Import Getting Started Content] INFO  o.e.m.c.i.e.AbstractTransferListenerAdapter - Downloading https://repo.maven.apache.org/maven2/com/fasterxml/woodstox/woodstox-core/7.0.0/woodstox-core-7.0.0.pom
2025-03-19 11:38:04,166 [Worker-35: Import Getting Started Content] INFO  o.e.m.c.i.e.AbstractTransferListenerAdapter - Downloaded https://repo.maven.apache.org/maven2/com/fasterxml/woodstox/woodstox-core/7.0.0/woodstox-core-7.0.0.pom
2025-03-19 11:38:04,195 [Worker-35: Import Getting Started Content] INFO  o.e.m.c.i.e.AbstractTransferListenerAdapter - Downloading https://repo.maven.apache.org/maven2/com/fasterxml/oss-parent/59/oss-parent-59.pom
2025-03-19 11:38:04,198 [Worker-35: Import Getting Started Content] INFO  o.e.m.c.i.e.AbstractTransferListenerAdapter - Downloaded https://repo.maven.apache.org/maven2/com/fasterxml/oss-parent/59/oss-parent-59.pom
2025-03-19 11:38:04,228 [Worker-35: Import Getting Started Content] INFO  o.e.m.c.i.e.AbstractTransferListenerAdapter - Downloading https://repo.maven.apache.org/maven2/org/springframework/cloud/spring-cloud-starter-loadbalancer/4.2.0/spring-cloud-starter-loadbalancer-4.2.0.pom
2025-03-19 11:38:04,232 [Worker-35: Import Getting Started Content] INFO  o.e.m.c.i.e.AbstractTransferListenerAdapter - Downloaded https://repo.maven.apache.org/maven2/org/springframework/cloud/spring-cloud-starter-loadbalancer/4.2.0/spring-cloud-starter-loadbalancer-4.2.0.pom
2025-03-19 11:38:04,263 [Worker-35: Import Getting Started Content] INFO  o.e.m.c.i.e.AbstractTransferListenerAdapter - Downloading https://repo.maven.apache.org/maven2/org/springframework/cloud/spring-cloud-loadbalancer/4.2.0/spring-cloud-loadbalancer-4.2.0.pom
2025-03-19 11:38:04,267 [Worker-35: Import Getting Started Content] INFO  o.e.m.c.i.e.AbstractTransferListenerAdapter - Downloaded https://repo.maven.apache.org/maven2/org/springframework/cloud/spring-cloud-loadbalancer/4.2.0/spring-cloud-loadbalancer-4.2.0.pom
2025-03-19 11:38:04,296 [Worker-35: Import Getting Started Content] INFO  o.e.m.c.i.e.AbstractTransferListenerAdapter - Downloading https://repo.maven.apache.org/maven2/io/projectreactor/reactor-core/3.7.3/reactor-core-3.7.3.pom
2025-03-19 11:38:04,300 [Worker-35: Import Getting Started Content] INFO  o.e.m.c.i.e.AbstractTransferListenerAdapter - Downloaded https://repo.maven.apache.org/maven2/io/projectreactor/reactor-core/3.7.3/reactor-core-3.7.3.pom
2025-03-19 11:38:04,335 [Worker-35: Import Getting Started Content] INFO  o.e.m.c.i.e.AbstractTransferListenerAdapter - Downloading https://repo.maven.apache.org/maven2/org/springframework/boot/spring-boot-starter-cache/3.4.3/spring-boot-starter-cache-3.4.3.pom
2025-03-19 11:38:04,338 [Worker-35: Import Getting Started Content] INFO  o.e.m.c.i.e.AbstractTransferListenerAdapter - Downloaded https://repo.maven.apache.org/maven2/org/springframework/boot/spring-boot-starter-cache/3.4.3/spring-boot-starter-cache-3.4.3.pom
2025-03-19 11:38:04,414 [Worker-35: Import Getting Started Content] INFO  o.e.m.c.i.e.AbstractTransferListenerAdapter - Downloading https://repo.maven.apache.org/maven2/org/springframework/boot/spring-boot-starter-test/3.4.3/spring-boot-starter-test-3.4.3.pom
2025-03-19 11:38:04,418 [Worker-35: Import Getting Started Content] INFO  o.e.m.c.i.e.AbstractTransferListenerAdapter - Downloaded https://repo.maven.apache.org/maven2/org/springframework/boot/spring-boot-starter-test/3.4.3/spring-boot-starter-test-3.4.3.pom
2025-03-19 11:38:04,445 [Worker-35: Import Getting Started Content] INFO  o.e.m.c.i.e.AbstractTransferListenerAdapter - Downloading https://repo.maven.apache.org/maven2/org/springframework/boot/spring-boot-test/3.4.3/spring-boot-test-3.4.3.pom
2025-03-19 11:38:04,448 [Worker-35: Import Getting Started Content] INFO  o.e.m.c.i.e.AbstractTransferListenerAdapter - Downloaded https://repo.maven.apache.org/maven2/org/springframework/boot/spring-boot-test/3.4.3/spring-boot-test-3.4.3.pom
2025-03-19 11:38:04,476 [Worker-35: Import Getting Started Content] INFO  o.e.m.c.i.e.AbstractTransferListenerAdapter - Downloading https://repo.maven.apache.org/maven2/org/springframework/spring-test/6.2.3/spring-test-6.2.3.pom
2025-03-19 11:38:04,480 [Worker-35: Import Getting Started Content] INFO  o.e.m.c.i.e.AbstractTransferListenerAdapter - Downloaded https://repo.maven.apache.org/maven2/org/springframework/spring-test/6.2.3/spring-test-6.2.3.pom
2025-03-19 11:38:04,507 [Worker-35: Import Getting Started Content] INFO  o.e.m.c.i.e.AbstractTransferListenerAdapter - Downloading https://repo.maven.apache.org/maven2/org/springframework/boot/spring-boot-test-autoconfigure/3.4.3/spring-boot-test-autoconfigure-3.4.3.pom
2025-03-19 11:38:04,511 [Worker-35: Import Getting Started Content] INFO  o.e.m.c.i.e.AbstractTransferListenerAdapter - Downloaded https://repo.maven.apache.org/maven2/org/springframework/boot/spring-boot-test-autoconfigure/3.4.3/spring-boot-test-autoconfigure-3.4.3.pom
2025-03-19 11:38:04,773 [Worker-35: Import Getting Started Content] INFO  o.e.m.c.i.e.AbstractTransferListenerAdapter - Downloading https://repo.maven.apache.org/maven2/org/springframework/cloud/spring-cloud-starter-netflix-eureka-server/4.2.0/spring-cloud-starter-netflix-eureka-server-4.2.0.jar
2025-03-19 11:38:04,776 [Worker-35: Import Getting Started Content] INFO  o.e.m.c.i.e.AbstractTransferListenerAdapter - Downloaded https://repo.maven.apache.org/maven2/org/springframework/cloud/spring-cloud-starter-netflix-eureka-server/4.2.0/spring-cloud-starter-netflix-eureka-server-4.2.0.jar
2025-03-19 11:38:04,804 [BasicRepositoryConnector-repo.maven.apache.org-0-4] INFO  o.e.m.c.i.e.AbstractTransferListenerAdapter - Downloading https://repo.maven.apache.org/maven2/org/bouncycastle/bcprov-jdk18on/1.78.1/bcprov-jdk18on-1.78.1.jar
2025-03-19 11:38:04,859 [BasicRepositoryConnector-repo.maven.apache.org-0-1] INFO  o.e.m.c.i.e.AbstractTransferListenerAdapter - Downloading https://repo.maven.apache.org/maven2/org/springframework/cloud/spring-cloud-context/4.2.0/spring-cloud-context-4.2.0.jar
2025-03-19 11:38:04,861 [BasicRepositoryConnector-repo.maven.apache.org-0-0] INFO  o.e.m.c.i.e.AbstractTransferListenerAdapter - Downloading https://repo.maven.apache.org/maven2/org/springframework/cloud/spring-cloud-starter/4.2.0/spring-cloud-starter-4.2.0.jar
2025-03-19 11:38:04,862 [BasicRepositoryConnector-repo.maven.apache.org-0-2] INFO  o.e.m.c.i.e.AbstractTransferListenerAdapter - Downloading https://repo.maven.apache.org/maven2/org/springframework/security/spring-security-crypto/6.4.3/spring-security-crypto-6.4.3.jar
2025-03-19 11:38:04,864 [BasicRepositoryConnector-repo.maven.apache.org-0-0] INFO  o.e.m.c.i.e.AbstractTransferListenerAdapter - Downloaded https://repo.maven.apache.org/maven2/org/springframework/cloud/spring-cloud-starter/4.2.0/spring-cloud-starter-4.2.0.jar
2025-03-19 11:38:04,869 [BasicRepositoryConnector-repo.maven.apache.org-0-3] INFO  o.e.m.c.i.e.AbstractTransferListenerAdapter - Downloading https://repo.maven.apache.org/maven2/org/springframework/cloud/spring-cloud-commons/4.2.0/spring-cloud-commons-4.2.0.jar
2025-03-19 11:38:04,899 [BasicRepositoryConnector-repo.maven.apache.org-0-0] INFO  o.e.m.c.i.e.AbstractTransferListenerAdapter - Downloading https://repo.maven.apache.org/maven2/org/springframework/cloud/spring-cloud-netflix-eureka-server/4.2.0/spring-cloud-netflix-eureka-server-4.2.0.jar
2025-03-19 11:38:04,906 [BasicRepositoryConnector-repo.maven.apache.org-0-2] INFO  o.e.m.c.i.e.AbstractTransferListenerAdapter - Downloaded https://repo.maven.apache.org/maven2/org/springframework/security/spring-security-crypto/6.4.3/spring-security-crypto-6.4.3.jar
2025-03-19 11:38:04,946 [BasicRepositoryConnector-repo.maven.apache.org-0-1] INFO  o.e.m.c.i.e.AbstractTransferListenerAdapter - Downloaded https://repo.maven.apache.org/maven2/org/springframework/cloud/spring-cloud-context/4.2.0/spring-cloud-context-4.2.0.jar
2025-03-19 11:38:04,948 [BasicRepositoryConnector-repo.maven.apache.org-0-2] INFO  o.e.m.c.i.e.AbstractTransferListenerAdapter - Downloading https://repo.maven.apache.org/maven2/org/springframework/boot/spring-boot-starter-web/3.4.3/spring-boot-starter-web-3.4.3.jar
2025-03-19 11:38:04,951 [BasicRepositoryConnector-repo.maven.apache.org-0-2] INFO  o.e.m.c.i.e.AbstractTransferListenerAdapter - Downloaded https://repo.maven.apache.org/maven2/org/springframework/boot/spring-boot-starter-web/3.4.3/spring-boot-starter-web-3.4.3.jar
2025-03-19 11:38:04,971 [BasicRepositoryConnector-repo.maven.apache.org-0-1] INFO  o.e.m.c.i.e.AbstractTransferListenerAdapter - Downloading https://repo.maven.apache.org/maven2/org/springframework/boot/spring-boot-starter-json/3.4.3/spring-boot-starter-json-3.4.3.jar
2025-03-19 11:38:04,974 [BasicRepositoryConnector-repo.maven.apache.org-0-1] INFO  o.e.m.c.i.e.AbstractTransferListenerAdapter - Downloaded https://repo.maven.apache.org/maven2/org/springframework/boot/spring-boot-starter-json/3.4.3/spring-boot-starter-json-3.4.3.jar
2025-03-19 11:38:04,978 [BasicRepositoryConnector-repo.maven.apache.org-0-2] INFO  o.e.m.c.i.e.AbstractTransferListenerAdapter - Downloading https://repo.maven.apache.org/maven2/org/springframework/boot/spring-boot-starter-tomcat/3.4.3/spring-boot-starter-tomcat-3.4.3.jar
2025-03-19 11:38:04,983 [BasicRepositoryConnector-repo.maven.apache.org-0-2] INFO  o.e.m.c.i.e.AbstractTransferListenerAdapter - Downloaded https://repo.maven.apache.org/maven2/org/springframework/boot/spring-boot-starter-tomcat/3.4.3/spring-boot-starter-tomcat-3.4.3.jar
2025-03-19 11:38:04,984 [BasicRepositoryConnector-repo.maven.apache.org-0-3] INFO  o.e.m.c.i.e.AbstractTransferListenerAdapter - Downloaded https://repo.maven.apache.org/maven2/org/springframework/cloud/spring-cloud-commons/4.2.0/spring-cloud-commons-4.2.0.jar
2025-03-19 11:38:04,998 [BasicRepositoryConnector-repo.maven.apache.org-0-1] INFO  o.e.m.c.i.e.AbstractTransferListenerAdapter - Downloading https://repo.maven.apache.org/maven2/org/springframework/spring-web/6.2.3/spring-web-6.2.3.jar
2025-03-19 11:38:05,012 [BasicRepositoryConnector-repo.maven.apache.org-0-3] INFO  o.e.m.c.i.e.AbstractTransferListenerAdapter - Downloading https://repo.maven.apache.org/maven2/org/springframework/spring-webmvc/6.2.3/spring-webmvc-6.2.3.jar
2025-03-19 11:38:05,161 [BasicRepositoryConnector-repo.maven.apache.org-0-0] INFO  o.e.m.c.i.e.AbstractTransferListenerAdapter - Downloaded https://repo.maven.apache.org/maven2/org/springframework/cloud/spring-cloud-netflix-eureka-server/4.2.0/spring-cloud-netflix-eureka-server-4.2.0.jar
2025-03-19 11:38:05,203 [BasicRepositoryConnector-repo.maven.apache.org-0-0] INFO  o.e.m.c.i.e.AbstractTransferListenerAdapter - Downloading https://repo.maven.apache.org/maven2/org/springframework/spring-aop/6.2.3/spring-aop-6.2.3.jar
2025-03-19 11:38:05,275 [BasicRepositoryConnector-repo.maven.apache.org-0-2] INFO  o.e.m.c.i.e.AbstractTransferListenerAdapter - Downloading https://repo.maven.apache.org/maven2/org/springframework/spring-beans/6.2.3/spring-beans-6.2.3.jar
2025-03-19 11:38:05,417 [BasicRepositoryConnector-repo.maven.apache.org-0-3] INFO  o.e.m.c.i.e.AbstractTransferListenerAdapter - Downloaded https://repo.maven.apache.org/maven2/org/springframework/spring-webmvc/6.2.3/spring-webmvc-6.2.3.jar
2025-03-19 11:38:05,488 [BasicRepositoryConnector-repo.maven.apache.org-0-3] INFO  o.e.m.c.i.e.AbstractTransferListenerAdapter - Downloading https://repo.maven.apache.org/maven2/org/springframework/spring-expression/6.2.3/spring-expression-6.2.3.jar
2025-03-19 11:38:05,550 [BasicRepositoryConnector-repo.maven.apache.org-0-0] INFO  o.e.m.c.i.e.AbstractTransferListenerAdapter - Downloaded https://repo.maven.apache.org/maven2/org/springframework/spring-aop/6.2.3/spring-aop-6.2.3.jar
2025-03-19 11:38:05,643 [BasicRepositoryConnector-repo.maven.apache.org-0-0] INFO  o.e.m.c.i.e.AbstractTransferListenerAdapter - Downloading https://repo.maven.apache.org/maven2/org/springframework/boot/spring-boot-starter-actuator/3.4.3/spring-boot-starter-actuator-3.4.3.jar
2025-03-19 11:38:05,647 [BasicRepositoryConnector-repo.maven.apache.org-0-0] INFO  o.e.m.c.i.e.AbstractTransferListenerAdapter - Downloaded https://repo.maven.apache.org/maven2/org/springframework/boot/spring-boot-starter-actuator/3.4.3/spring-boot-starter-actuator-3.4.3.jar
2025-03-19 11:38:05,660 [BasicRepositoryConnector-repo.maven.apache.org-0-1] INFO  o.e.m.c.i.e.AbstractTransferListenerAdapter - Downloaded https://repo.maven.apache.org/maven2/org/springframework/spring-web/6.2.3/spring-web-6.2.3.jar
2025-03-19 11:38:05,662 [BasicRepositoryConnector-repo.maven.apache.org-0-3] INFO  o.e.m.c.i.e.AbstractTransferListenerAdapter - Downloaded https://repo.maven.apache.org/maven2/org/springframework/spring-expression/6.2.3/spring-expression-6.2.3.jar
2025-03-19 11:38:05,694 [BasicRepositoryConnector-repo.maven.apache.org-0-0] INFO  o.e.m.c.i.e.AbstractTransferListenerAdapter - Downloading https://repo.maven.apache.org/maven2/org/springframework/boot/spring-boot-actuator-autoconfigure/3.4.3/spring-boot-actuator-autoconfigure-3.4.3.jar
2025-03-19 11:38:05,698 [BasicRepositoryConnector-repo.maven.apache.org-0-2] INFO  o.e.m.c.i.e.AbstractTransferListenerAdapter - Downloaded https://repo.maven.apache.org/maven2/org/springframework/spring-beans/6.2.3/spring-beans-6.2.3.jar
2025-03-19 11:38:05,730 [BasicRepositoryConnector-repo.maven.apache.org-0-1] INFO  o.e.m.c.i.e.AbstractTransferListenerAdapter - Downloading https://repo.maven.apache.org/maven2/org/springframework/boot/spring-boot-actuator/3.4.3/spring-boot-actuator-3.4.3.jar
2025-03-19 11:38:05,730 [BasicRepositoryConnector-repo.maven.apache.org-0-3] INFO  o.e.m.c.i.e.AbstractTransferListenerAdapter - Downloading https://repo.maven.apache.org/maven2/io/micrometer/micrometer-observation/1.14.4/micrometer-observation-1.14.4.jar
2025-03-19 11:38:05,753 [BasicRepositoryConnector-repo.maven.apache.org-0-3] INFO  o.e.m.c.i.e.AbstractTransferListenerAdapter - Downloaded https://repo.maven.apache.org/maven2/io/micrometer/micrometer-observation/1.14.4/micrometer-observation-1.14.4.jar
2025-03-19 11:38:05,771 [BasicRepositoryConnector-repo.maven.apache.org-0-2] INFO  o.e.m.c.i.e.AbstractTransferListenerAdapter - Downloading https://repo.maven.apache.org/maven2/io/micrometer/micrometer-commons/1.14.4/micrometer-commons-1.14.4.jar
2025-03-19 11:38:05,805 [BasicRepositoryConnector-repo.maven.apache.org-0-2] INFO  o.e.m.c.i.e.AbstractTransferListenerAdapter - Downloaded https://repo.maven.apache.org/maven2/io/micrometer/micrometer-commons/1.14.4/micrometer-commons-1.14.4.jar
2025-03-19 11:38:05,854 [BasicRepositoryConnector-repo.maven.apache.org-0-3] INFO  o.e.m.c.i.e.AbstractTransferListenerAdapter - Downloading https://repo.maven.apache.org/maven2/io/micrometer/micrometer-jakarta9/1.14.4/micrometer-jakarta9-1.14.4.jar
2025-03-19 11:38:05,864 [BasicRepositoryConnector-repo.maven.apache.org-0-3] INFO  o.e.m.c.i.e.AbstractTransferListenerAdapter - Downloaded https://repo.maven.apache.org/maven2/io/micrometer/micrometer-jakarta9/1.14.4/micrometer-jakarta9-1.14.4.jar
2025-03-19 11:38:05,892 [BasicRepositoryConnector-repo.maven.apache.org-0-2] INFO  o.e.m.c.i.e.AbstractTransferListenerAdapter - Downloading https://repo.maven.apache.org/maven2/io/micrometer/micrometer-core/1.14.4/micrometer-core-1.14.4.jar
2025-03-19 11:38:05,921 [BasicRepositoryConnector-repo.maven.apache.org-0-4] INFO  o.e.m.c.i.e.AbstractTransferListenerAdapter - Downloaded https://repo.maven.apache.org/maven2/org/bouncycastle/bcprov-jdk18on/1.78.1/bcprov-jdk18on-1.78.1.jar
2025-03-19 11:38:05,938 [BasicRepositoryConnector-repo.maven.apache.org-0-3] INFO  o.e.m.c.i.e.AbstractTransferListenerAdapter - Downloading https://repo.maven.apache.org/maven2/org/springframework/boot/spring-boot-starter-freemarker/3.4.3/spring-boot-starter-freemarker-3.4.3.jar
2025-03-19 11:38:05,941 [BasicRepositoryConnector-repo.maven.apache.org-0-3] INFO  o.e.m.c.i.e.AbstractTransferListenerAdapter - Downloaded https://repo.maven.apache.org/maven2/org/springframework/boot/spring-boot-starter-freemarker/3.4.3/spring-boot-starter-freemarker-3.4.3.jar
2025-03-19 11:38:05,960 [BasicRepositoryConnector-repo.maven.apache.org-0-4] INFO  o.e.m.c.i.e.AbstractTransferListenerAdapter - Downloading https://repo.maven.apache.org/maven2/org/springframework/spring-context-support/6.2.3/spring-context-support-6.2.3.jar
2025-03-19 11:38:05,988 [BasicRepositoryConnector-repo.maven.apache.org-0-4] INFO  o.e.m.c.i.e.AbstractTransferListenerAdapter - Downloaded https://repo.maven.apache.org/maven2/org/springframework/spring-context-support/6.2.3/spring-context-support-6.2.3.jar
2025-03-19 11:38:05,996 [BasicRepositoryConnector-repo.maven.apache.org-0-3] INFO  o.e.m.c.i.e.AbstractTransferListenerAdapter - Downloading https://repo.maven.apache.org/maven2/org/springframework/cloud/spring-cloud-netflix-eureka-client/4.2.0/spring-cloud-netflix-eureka-client-4.2.0.jar
2025-03-19 11:38:06,011 [BasicRepositoryConnector-repo.maven.apache.org-0-1] INFO  o.e.m.c.i.e.AbstractTransferListenerAdapter - Downloaded https://repo.maven.apache.org/maven2/org/springframework/boot/spring-boot-actuator/3.4.3/spring-boot-actuator-3.4.3.jar
2025-03-19 11:38:06,038 [BasicRepositoryConnector-repo.maven.apache.org-0-4] INFO  o.e.m.c.i.e.AbstractTransferListenerAdapter - Downloading https://repo.maven.apache.org/maven2/com/google/code/gson/gson/2.11.0/gson-2.11.0.jar
2025-03-19 11:38:06,052 [BasicRepositoryConnector-repo.maven.apache.org-0-3] INFO  o.e.m.c.i.e.AbstractTransferListenerAdapter - Downloaded https://repo.maven.apache.org/maven2/org/springframework/cloud/spring-cloud-netflix-eureka-client/4.2.0/spring-cloud-netflix-eureka-client-4.2.0.jar
2025-03-19 11:38:06,074 [BasicRepositoryConnector-repo.maven.apache.org-0-1] INFO  o.e.m.c.i.e.AbstractTransferListenerAdapter - Downloading https://repo.maven.apache.org/maven2/org/apache/httpcomponents/client5/httpclient5/5.4.2/httpclient5-5.4.2.jar
2025-03-19 11:38:06,076 [BasicRepositoryConnector-repo.maven.apache.org-0-4] INFO  o.e.m.c.i.e.AbstractTransferListenerAdapter - Downloaded https://repo.maven.apache.org/maven2/com/google/code/gson/gson/2.11.0/gson-2.11.0.jar
2025-03-19 11:38:06,128 [BasicRepositoryConnector-repo.maven.apache.org-0-3] INFO  o.e.m.c.i.e.AbstractTransferListenerAdapter - Downloading https://repo.maven.apache.org/maven2/org/apache/httpcomponents/core5/httpcore5/5.3.3/httpcore5-5.3.3.jar
2025-03-19 11:38:06,141 [BasicRepositoryConnector-repo.maven.apache.org-0-2] INFO  o.e.m.c.i.e.AbstractTransferListenerAdapter - Downloaded https://repo.maven.apache.org/maven2/io/micrometer/micrometer-core/1.14.4/micrometer-core-1.14.4.jar
2025-03-19 11:38:06,164 [BasicRepositoryConnector-repo.maven.apache.org-0-4] INFO  o.e.m.c.i.e.AbstractTransferListenerAdapter - Downloading https://repo.maven.apache.org/maven2/org/apache/httpcomponents/core5/httpcore5-h2/5.3.3/httpcore5-h2-5.3.3.jar
2025-03-19 11:38:06,202 [BasicRepositoryConnector-repo.maven.apache.org-0-4] INFO  o.e.m.c.i.e.AbstractTransferListenerAdapter - Downloaded https://repo.maven.apache.org/maven2/org/apache/httpcomponents/core5/httpcore5-h2/5.3.3/httpcore5-h2-5.3.3.jar
2025-03-19 11:38:06,228 [BasicRepositoryConnector-repo.maven.apache.org-0-2] INFO  o.e.m.c.i.e.AbstractTransferListenerAdapter - Downloading https://repo.maven.apache.org/maven2/commons-codec/commons-codec/1.17.2/commons-codec-1.17.2.jar
2025-03-19 11:38:06,259 [BasicRepositoryConnector-repo.maven.apache.org-0-0] INFO  o.e.m.c.i.e.AbstractTransferListenerAdapter - Downloaded https://repo.maven.apache.org/maven2/org/springframework/boot/spring-boot-actuator-autoconfigure/3.4.3/spring-boot-actuator-autoconfigure-3.4.3.jar
2025-03-19 11:38:06,303 [BasicRepositoryConnector-repo.maven.apache.org-0-4] INFO  o.e.m.c.i.e.AbstractTransferListenerAdapter - Downloading https://repo.maven.apache.org/maven2/org/springframework/spring-context/6.2.3/spring-context-6.2.3.jar
2025-03-19 11:38:06,402 [BasicRepositoryConnector-repo.maven.apache.org-0-0] INFO  o.e.m.c.i.e.AbstractTransferListenerAdapter - Downloading https://repo.maven.apache.org/maven2/com/fasterxml/jackson/dataformat/jackson-dataformat-xml/2.18.2/jackson-dataformat-xml-2.18.2.jar
2025-03-19 11:38:06,435 [BasicRepositoryConnector-repo.maven.apache.org-0-2] INFO  o.e.m.c.i.e.AbstractTransferListenerAdapter - Downloaded https://repo.maven.apache.org/maven2/commons-codec/commons-codec/1.17.2/commons-codec-1.17.2.jar
2025-03-19 11:38:06,480 [BasicRepositoryConnector-repo.maven.apache.org-0-0] INFO  o.e.m.c.i.e.AbstractTransferListenerAdapter - Downloaded https://repo.maven.apache.org/maven2/com/fasterxml/jackson/dataformat/jackson-dataformat-xml/2.18.2/jackson-dataformat-xml-2.18.2.jar
2025-03-19 11:38:06,487 [BasicRepositoryConnector-repo.maven.apache.org-0-1] INFO  o.e.m.c.i.e.AbstractTransferListenerAdapter - Downloaded https://repo.maven.apache.org/maven2/org/apache/httpcomponents/client5/httpclient5/5.4.2/httpclient5-5.4.2.jar
2025-03-19 11:38:06,501 [BasicRepositoryConnector-repo.maven.apache.org-0-2] INFO  o.e.m.c.i.e.AbstractTransferListenerAdapter - Downloading https://repo.maven.apache.org/maven2/com/fasterxml/woodstox/woodstox-core/7.0.0/woodstox-core-7.0.0.jar
2025-03-19 11:38:06,502 [BasicRepositoryConnector-repo.maven.apache.org-0-3] INFO  o.e.m.c.i.e.AbstractTransferListenerAdapter - Downloaded https://repo.maven.apache.org/maven2/org/apache/httpcomponents/core5/httpcore5/5.3.3/httpcore5-5.3.3.jar
2025-03-19 11:38:06,513 [BasicRepositoryConnector-repo.maven.apache.org-0-4] INFO  o.e.m.c.i.e.AbstractTransferListenerAdapter - Downloaded https://repo.maven.apache.org/maven2/org/springframework/spring-context/6.2.3/spring-context-6.2.3.jar
2025-03-19 11:38:06,521 [BasicRepositoryConnector-repo.maven.apache.org-0-1] INFO  o.e.m.c.i.e.AbstractTransferListenerAdapter - Downloading https://repo.maven.apache.org/maven2/org/springframework/cloud/spring-cloud-loadbalancer/4.2.0/spring-cloud-loadbalancer-4.2.0.jar
2025-03-19 11:38:06,522 [BasicRepositoryConnector-repo.maven.apache.org-0-0] INFO  o.e.m.c.i.e.AbstractTransferListenerAdapter - Downloading https://repo.maven.apache.org/maven2/org/springframework/cloud/spring-cloud-starter-loadbalancer/4.2.0/spring-cloud-starter-loadbalancer-4.2.0.jar
2025-03-19 11:38:06,526 [BasicRepositoryConnector-repo.maven.apache.org-0-0] INFO  o.e.m.c.i.e.AbstractTransferListenerAdapter - Downloaded https://repo.maven.apache.org/maven2/org/springframework/cloud/spring-cloud-starter-loadbalancer/4.2.0/spring-cloud-starter-loadbalancer-4.2.0.jar
2025-03-19 11:38:06,530 [BasicRepositoryConnector-repo.maven.apache.org-0-3] INFO  o.e.m.c.i.e.AbstractTransferListenerAdapter - Downloading https://repo.maven.apache.org/maven2/io/projectreactor/reactor-core/3.7.3/reactor-core-3.7.3.jar
2025-03-19 11:38:06,537 [BasicRepositoryConnector-repo.maven.apache.org-0-4] INFO  o.e.m.c.i.e.AbstractTransferListenerAdapter - Downloading https://repo.maven.apache.org/maven2/org/springframework/boot/spring-boot-starter-cache/3.4.3/spring-boot-starter-cache-3.4.3.jar
2025-03-19 11:38:06,541 [BasicRepositoryConnector-repo.maven.apache.org-0-4] INFO  o.e.m.c.i.e.AbstractTransferListenerAdapter - Downloaded https://repo.maven.apache.org/maven2/org/springframework/boot/spring-boot-starter-cache/3.4.3/spring-boot-starter-cache-3.4.3.jar
2025-03-19 11:38:06,550 [BasicRepositoryConnector-repo.maven.apache.org-0-0] INFO  o.e.m.c.i.e.AbstractTransferListenerAdapter - Downloading https://repo.maven.apache.org/maven2/org/springframework/boot/spring-boot-starter-test/3.4.3/spring-boot-starter-test-3.4.3.jar
2025-03-19 11:38:06,555 [BasicRepositoryConnector-repo.maven.apache.org-0-0] INFO  o.e.m.c.i.e.AbstractTransferListenerAdapter - Downloaded https://repo.maven.apache.org/maven2/org/springframework/boot/spring-boot-starter-test/3.4.3/spring-boot-starter-test-3.4.3.jar
2025-03-19 11:38:06,566 [BasicRepositoryConnector-repo.maven.apache.org-0-1] INFO  o.e.m.c.i.e.AbstractTransferListenerAdapter - Downloaded https://repo.maven.apache.org/maven2/org/springframework/cloud/spring-cloud-loadbalancer/4.2.0/spring-cloud-loadbalancer-4.2.0.jar
2025-03-19 11:38:06,568 [BasicRepositoryConnector-repo.maven.apache.org-0-4] INFO  o.e.m.c.i.e.AbstractTransferListenerAdapter - Downloading https://repo.maven.apache.org/maven2/org/springframework/boot/spring-boot-starter/3.4.3/spring-boot-starter-3.4.3.jar
2025-03-19 11:38:06,570 [BasicRepositoryConnector-repo.maven.apache.org-0-4] INFO  o.e.m.c.i.e.AbstractTransferListenerAdapter - Downloaded https://repo.maven.apache.org/maven2/org/springframework/boot/spring-boot-starter/3.4.3/spring-boot-starter-3.4.3.jar
2025-03-19 11:38:06,584 [BasicRepositoryConnector-repo.maven.apache.org-0-0] INFO  o.e.m.c.i.e.AbstractTransferListenerAdapter - Downloading https://repo.maven.apache.org/maven2/org/springframework/boot/spring-boot/3.4.3/spring-boot-3.4.3.jar
2025-03-19 11:38:06,599 [BasicRepositoryConnector-repo.maven.apache.org-0-4] INFO  o.e.m.c.i.e.AbstractTransferListenerAdapter - Downloading https://repo.maven.apache.org/maven2/org/springframework/boot/spring-boot-starter-logging/3.4.3/spring-boot-starter-logging-3.4.3.jar
2025-03-19 11:38:06,599 [BasicRepositoryConnector-repo.maven.apache.org-0-1] INFO  o.e.m.c.i.e.AbstractTransferListenerAdapter - Downloading https://repo.maven.apache.org/maven2/org/springframework/boot/spring-boot-autoconfigure/3.4.3/spring-boot-autoconfigure-3.4.3.jar
2025-03-19 11:38:06,603 [BasicRepositoryConnector-repo.maven.apache.org-0-4] INFO  o.e.m.c.i.e.AbstractTransferListenerAdapter - Downloaded https://repo.maven.apache.org/maven2/org/springframework/boot/spring-boot-starter-logging/3.4.3/spring-boot-starter-logging-3.4.3.jar
2025-03-19 11:38:06,651 [BasicRepositoryConnector-repo.maven.apache.org-0-4] INFO  o.e.m.c.i.e.AbstractTransferListenerAdapter - Downloading https://repo.maven.apache.org/maven2/org/springframework/boot/spring-boot-test/3.4.3/spring-boot-test-3.4.3.jar
2025-03-19 11:38:06,675 [BasicRepositoryConnector-repo.maven.apache.org-0-4] INFO  o.e.m.c.i.e.AbstractTransferListenerAdapter - Downloaded https://repo.maven.apache.org/maven2/org/springframework/boot/spring-boot-test/3.4.3/spring-boot-test-3.4.3.jar
2025-03-19 11:38:06,721 [BasicRepositoryConnector-repo.maven.apache.org-0-4] INFO  o.e.m.c.i.e.AbstractTransferListenerAdapter - Downloading https://repo.maven.apache.org/maven2/org/springframework/boot/spring-boot-test-autoconfigure/3.4.3/spring-boot-test-autoconfigure-3.4.3.jar
2025-03-19 11:38:06,738 [BasicRepositoryConnector-repo.maven.apache.org-0-2] INFO  o.e.m.c.i.e.AbstractTransferListenerAdapter - Downloaded https://repo.maven.apache.org/maven2/com/fasterxml/woodstox/woodstox-core/7.0.0/woodstox-core-7.0.0.jar
2025-03-19 11:38:06,745 [BasicRepositoryConnector-repo.maven.apache.org-0-4] INFO  o.e.m.c.i.e.AbstractTransferListenerAdapter - Downloaded https://repo.maven.apache.org/maven2/org/springframework/boot/spring-boot-test-autoconfigure/3.4.3/spring-boot-test-autoconfigure-3.4.3.jar
2025-03-19 11:38:06,774 [BasicRepositoryConnector-repo.maven.apache.org-0-2] INFO  o.e.m.c.i.e.AbstractTransferListenerAdapter - Downloading https://repo.maven.apache.org/maven2/org/springframework/spring-core/6.2.3/spring-core-6.2.3.jar
2025-03-19 11:38:06,780 [BasicRepositoryConnector-repo.maven.apache.org-0-4] INFO  o.e.m.c.i.e.AbstractTransferListenerAdapter - Downloading https://repo.maven.apache.org/maven2/org/springframework/spring-jcl/6.2.3/spring-jcl-6.2.3.jar
2025-03-19 11:38:06,784 [BasicRepositoryConnector-repo.maven.apache.org-0-4] INFO  o.e.m.c.i.e.AbstractTransferListenerAdapter - Downloaded https://repo.maven.apache.org/maven2/org/springframework/spring-jcl/6.2.3/spring-jcl-6.2.3.jar
2025-03-19 11:38:06,800 [BasicRepositoryConnector-repo.maven.apache.org-0-3] INFO  o.e.m.c.i.e.AbstractTransferListenerAdapter - Downloaded https://repo.maven.apache.org/maven2/io/projectreactor/reactor-core/3.7.3/reactor-core-3.7.3.jar
2025-03-19 11:38:06,822 [BasicRepositoryConnector-repo.maven.apache.org-0-4] INFO  o.e.m.c.i.e.AbstractTransferListenerAdapter - Downloading https://repo.maven.apache.org/maven2/org/springframework/spring-test/6.2.3/spring-test-6.2.3.jar
2025-03-19 11:38:06,921 [BasicRepositoryConnector-repo.maven.apache.org-0-4] INFO  o.e.m.c.i.e.AbstractTransferListenerAdapter - Downloaded https://repo.maven.apache.org/maven2/org/springframework/spring-test/6.2.3/spring-test-6.2.3.jar
2025-03-19 11:38:06,935 [BasicRepositoryConnector-repo.maven.apache.org-0-1] INFO  o.e.m.c.i.e.AbstractTransferListenerAdapter - Downloaded https://repo.maven.apache.org/maven2/org/springframework/boot/spring-boot-autoconfigure/3.4.3/spring-boot-autoconfigure-3.4.3.jar
2025-03-19 11:38:07,011 [BasicRepositoryConnector-repo.maven.apache.org-0-2] INFO  o.e.m.c.i.e.AbstractTransferListenerAdapter - Downloaded https://repo.maven.apache.org/maven2/org/springframework/spring-core/6.2.3/spring-core-6.2.3.jar
2025-03-19 11:38:07,047 [BasicRepositoryConnector-repo.maven.apache.org-0-0] INFO  o.e.m.c.i.e.AbstractTransferListenerAdapter - Downloaded https://repo.maven.apache.org/maven2/org/springframework/boot/spring-boot/3.4.3/spring-boot-3.4.3.jar
2025-03-19 11:38:08,035 [Worker-35: Import Getting Started Content] INFO  o.e.m.j.i.AbstractJavaProjectConfigurator - Adding source folder /SpringCloudEurekaServer/src/main/java
2025-03-19 11:38:08,037 [Worker-35: Import Getting Started Content] INFO  o.e.m.j.i.AbstractJavaProjectConfigurator - Adding resource folder /SpringCloudEurekaServer/src/main/resources
2025-03-19 11:38:08,041 [Worker-35: Import Getting Started Content] INFO  o.e.m.j.i.AbstractJavaProjectConfigurator - Adding resource folder /SpringCloudEurekaServer/src/main/resources
2025-03-19 11:38:08,045 [Worker-35: Import Getting Started Content] INFO  o.e.m.j.i.AbstractJavaProjectConfigurator - Adding source folder /SpringCloudEurekaServer/src/test/java
2025-03-19 11:38:08,046 [Worker-35: Import Getting Started Content] INFO  o.e.m.j.i.AbstractJavaProjectConfigurator - Adding resource folder /SpringCloudEurekaServer/src/test/resources
2025-03-19 11:38:08,931 [Worker-39: Download sources and javadoc] INFO  o.e.m.c.i.e.AbstractTransferListenerAdapter - Downloaded https://repo.maven.apache.org/maven2/org/springframework/cloud/spring-cloud-starter-netflix-eureka-server/4.2.0/spring-cloud-starter-netflix-eureka-server-4.2.0-sources.jar
2025-03-19 11:38:08,940 [Worker-39: Download sources and javadoc] ERROR o.e.m.j.internal.DownloadSourcesJob - Could not download sources for org.springframework.cloud:spring-cloud-starter-netflix-eureka-server:4.2.0
org.eclipse.core.runtime.CoreException: Could not resolve artifact org.springframework.cloud:spring-cloud-starter-netflix-eureka-server:jar:sources:4.2.0
	at org.eclipse.m2e.core.internal.embedder.MavenImpl.lambda$7(MavenImpl.java:540)
	at org.eclipse.m2e.core.internal.embedder.MavenExecutionContext.executeBare(MavenExecutionContext.java:458)
	at org.eclipse.m2e.core.internal.embedder.MavenExecutionContext.execute(MavenExecutionContext.java:292)
	at org.eclipse.m2e.core.internal.embedder.MavenExecutionContext.execute(MavenExecutionContext.java:278)
	at org.eclipse.m2e.core.internal.embedder.MavenImpl.resolve(MavenImpl.java:509)
	at org.eclipse.m2e.core.internal.embedder.MavenImpl.resolve(MavenImpl.java:494)
	at org.eclipse.m2e.jdt.internal.DownloadSourcesJob.download(DownloadSourcesJob.java:308)
	at org.eclipse.m2e.jdt.internal.DownloadSourcesJob.downloadAttachments(DownloadSourcesJob.java:282)
	at org.eclipse.m2e.jdt.internal.DownloadSourcesJob.downloadMaven(DownloadSourcesJob.java:252)
	at org.eclipse.m2e.jdt.internal.DownloadSourcesJob.downloadFilesAndPopulateToUpdate(DownloadSourcesJob.java:220)
	at org.eclipse.m2e.jdt.internal.DownloadSourcesJob.lambda$0(DownloadSourcesJob.java:149)
	at org.eclipse.m2e.core.internal.embedder.MavenExecutionContext.executeBare(MavenExecutionContext.java:458)
	at org.eclipse.m2e.core.internal.embedder.MavenExecutionContext.execute(MavenExecutionContext.java:339)
	at org.eclipse.m2e.core.internal.embedder.MavenExecutionContext.execute(MavenExecutionContext.java:278)
	at org.eclipse.m2e.core.embedder.IMaven.execute(IMaven.java:300)
	at org.eclipse.m2e.jdt.internal.DownloadSourcesJob.run(DownloadSourcesJob.java:149)
	at org.eclipse.core.internal.jobs.Worker.run(Worker.java:63)
2025-03-19 11:38:09,057 [Worker-35: Import Getting Started Content] INFO  o.e.m.c.i.p.ProjectConfigurationManager - Imported and configured 1 project(s) in 12 sec
2025-03-19 11:38:09,065 [Worker-35: Import Getting Started Content] INFO  o.e.m.c.i.p.ProjectConfigurationManager - Update started
2025-03-19 11:38:09,258 [Worker-39: Download sources and javadoc] INFO  o.e.m.c.i.e.AbstractTransferListenerAdapter - Downloaded https://repo.maven.apache.org/maven2/org/springframework/cloud/spring-cloud-starter/4.2.0/spring-cloud-starter-4.2.0-sources.jar
2025-03-19 11:38:09,261 [Worker-39: Download sources and javadoc] ERROR o.e.m.j.internal.DownloadSourcesJob - Could not download sources for org.springframework.cloud:spring-cloud-starter:4.2.0
org.eclipse.core.runtime.CoreException: Could not resolve artifact org.springframework.cloud:spring-cloud-starter:jar:sources:4.2.0
	at org.eclipse.m2e.core.internal.embedder.MavenImpl.lambda$7(MavenImpl.java:540)
	at org.eclipse.m2e.core.internal.embedder.MavenExecutionContext.executeBare(MavenExecutionContext.java:458)
	at org.eclipse.m2e.core.internal.embedder.MavenExecutionContext.execute(MavenExecutionContext.java:292)
	at org.eclipse.m2e.core.internal.embedder.MavenExecutionContext.execute(MavenExecutionContext.java:278)
	at org.eclipse.m2e.core.internal.embedder.MavenImpl.resolve(MavenImpl.java:509)
	at org.eclipse.m2e.core.internal.embedder.MavenImpl.resolve(MavenImpl.java:494)
	at org.eclipse.m2e.jdt.internal.DownloadSourcesJob.download(DownloadSourcesJob.java:308)
	at org.eclipse.m2e.jdt.internal.DownloadSourcesJob.downloadAttachments(DownloadSourcesJob.java:282)
	at org.eclipse.m2e.jdt.internal.DownloadSourcesJob.downloadMaven(DownloadSourcesJob.java:252)
	at org.eclipse.m2e.jdt.internal.DownloadSourcesJob.downloadFilesAndPopulateToUpdate(DownloadSourcesJob.java:220)
	at org.eclipse.m2e.jdt.internal.DownloadSourcesJob.lambda$0(DownloadSourcesJob.java:149)
	at org.eclipse.m2e.core.internal.embedder.MavenExecutionContext.executeBare(MavenExecutionContext.java:458)
	at org.eclipse.m2e.core.internal.embedder.MavenExecutionContext.execute(MavenExecutionContext.java:339)
	at org.eclipse.m2e.core.internal.embedder.MavenExecutionContext.execute(MavenExecutionContext.java:278)
	at org.eclipse.m2e.core.embedder.IMaven.execute(IMaven.java:300)
	at org.eclipse.m2e.jdt.internal.DownloadSourcesJob.run(DownloadSourcesJob.java:149)
	at org.eclipse.core.internal.jobs.Worker.run(Worker.java:63)
2025-03-19 11:38:11,192 [Worker-35: Import Getting Started Content] INFO  o.e.m.c.i.l.LifecycleMappingFactory - Using org.eclipse.m2e.jdt.JarLifecycleMapping lifecycle mapping for MavenProject: com.example:eureka:0.0.1-SNAPSHOT @ C:\Users\prasa\eclipse-workspace\Micoservice-eclipse-workspace\SpringCloudEurekaServer\pom.xml.
2025-03-19 11:38:11,217 [Worker-39: Download sources and javadoc] INFO  o.e.m.c.i.e.AbstractTransferListenerAdapter - Downloading https://repo.maven.apache.org/maven2/org/springframework/cloud/spring-cloud-context/4.2.0/spring-cloud-context-4.2.0-sources.jar
2025-03-19 11:38:11,268 [Worker-39: Download sources and javadoc] INFO  o.e.m.c.i.e.AbstractTransferListenerAdapter - Downloaded https://repo.maven.apache.org/maven2/org/springframework/cloud/spring-cloud-context/4.2.0/spring-cloud-context-4.2.0-sources.jar
2025-03-19 11:38:11,275 [Worker-39: Download sources and javadoc] INFO  o.e.m.j.internal.DownloadSourcesJob - Downloaded sources for org.springframework.cloud:spring-cloud-context:4.2.0
2025-03-19 11:38:11,367 [Worker-39: Download sources and javadoc] INFO  o.e.m.c.i.e.AbstractTransferListenerAdapter - Downloading https://repo.maven.apache.org/maven2/org/springframework/security/spring-security-crypto/6.4.3/spring-security-crypto-6.4.3-sources.jar
2025-03-19 11:38:11,403 [Worker-39: Download sources and javadoc] INFO  o.e.m.c.i.e.AbstractTransferListenerAdapter - Downloaded https://repo.maven.apache.org/maven2/org/springframework/security/spring-security-crypto/6.4.3/spring-security-crypto-6.4.3-sources.jar
2025-03-19 11:38:11,410 [Worker-39: Download sources and javadoc] INFO  o.e.m.j.internal.DownloadSourcesJob - Downloaded sources for org.springframework.security:spring-security-crypto:6.4.3
2025-03-19 11:38:11,497 [Worker-39: Download sources and javadoc] INFO  o.e.m.c.i.e.AbstractTransferListenerAdapter - Downloading https://repo.maven.apache.org/maven2/org/springframework/cloud/spring-cloud-commons/4.2.0/spring-cloud-commons-4.2.0-sources.jar
2025-03-19 11:38:11,566 [Worker-39: Download sources and javadoc] INFO  o.e.m.c.i.e.AbstractTransferListenerAdapter - Downloaded https://repo.maven.apache.org/maven2/org/springframework/cloud/spring-cloud-commons/4.2.0/spring-cloud-commons-4.2.0-sources.jar
2025-03-19 11:38:11,571 [Worker-39: Download sources and javadoc] INFO  o.e.m.j.internal.DownloadSourcesJob - Downloaded sources for org.springframework.cloud:spring-cloud-commons:4.2.0
2025-03-19 11:38:11,665 [Worker-39: Download sources and javadoc] INFO  o.e.m.c.i.e.AbstractTransferListenerAdapter - Downloading https://repo.maven.apache.org/maven2/org/bouncycastle/bcprov-jdk18on/1.78.1/bcprov-jdk18on-1.78.1-sources.jar
2025-03-19 11:38:11,900 [Worker-39: Download sources and javadoc] INFO  o.e.m.c.i.e.AbstractTransferListenerAdapter - Downloaded https://repo.maven.apache.org/maven2/org/bouncycastle/bcprov-jdk18on/1.78.1/bcprov-jdk18on-1.78.1-sources.jar
2025-03-19 11:38:11,907 [Worker-39: Download sources and javadoc] INFO  o.e.m.j.internal.DownloadSourcesJob - Downloaded sources for org.bouncycastle:bcprov-jdk18on:1.78.1
2025-03-19 11:38:11,994 [Worker-39: Download sources and javadoc] INFO  o.e.m.c.i.e.AbstractTransferListenerAdapter - Downloading https://repo.maven.apache.org/maven2/org/springframework/cloud/spring-cloud-netflix-eureka-server/4.2.0/spring-cloud-netflix-eureka-server-4.2.0-sources.jar
2025-03-19 11:38:12,091 [Worker-39: Download sources and javadoc] INFO  o.e.m.c.i.e.AbstractTransferListenerAdapter - Downloaded https://repo.maven.apache.org/maven2/org/springframework/cloud/spring-cloud-netflix-eureka-server/4.2.0/spring-cloud-netflix-eureka-server-4.2.0-sources.jar
2025-03-19 11:38:12,096 [Worker-39: Download sources and javadoc] INFO  o.e.m.j.internal.DownloadSourcesJob - Downloaded sources for org.springframework.cloud:spring-cloud-netflix-eureka-server:4.2.0
2025-03-19 11:38:12,178 [Worker-39: Download sources and javadoc] INFO  o.e.m.c.i.e.AbstractTransferListenerAdapter - Downloading https://repo.maven.apache.org/maven2/org/springframework/boot/spring-boot-starter-web/3.4.3/spring-boot-starter-web-3.4.3-sources.jar
2025-03-19 11:38:12,185 [Worker-39: Download sources and javadoc] INFO  o.e.m.c.i.e.AbstractTransferListenerAdapter - Downloaded https://repo.maven.apache.org/maven2/org/springframework/boot/spring-boot-starter-web/3.4.3/spring-boot-starter-web-3.4.3-sources.jar
2025-03-19 11:38:12,189 [Worker-39: Download sources and javadoc] INFO  o.e.m.j.internal.DownloadSourcesJob - Downloaded sources for org.springframework.boot:spring-boot-starter-web:3.4.3
2025-03-19 11:38:12,271 [Worker-39: Download sources and javadoc] INFO  o.e.m.c.i.e.AbstractTransferListenerAdapter - Downloading https://repo.maven.apache.org/maven2/org/springframework/boot/spring-boot-starter-json/3.4.3/spring-boot-starter-json-3.4.3-sources.jar
2025-03-19 11:38:12,276 [Worker-39: Download sources and javadoc] INFO  o.e.m.c.i.e.AbstractTransferListenerAdapter - Downloaded https://repo.maven.apache.org/maven2/org/springframework/boot/spring-boot-starter-json/3.4.3/spring-boot-starter-json-3.4.3-sources.jar
2025-03-19 11:38:12,280 [Worker-39: Download sources and javadoc] INFO  o.e.m.j.internal.DownloadSourcesJob - Downloaded sources for org.springframework.boot:spring-boot-starter-json:3.4.3
2025-03-19 11:38:12,355 [Worker-39: Download sources and javadoc] INFO  o.e.m.c.i.e.AbstractTransferListenerAdapter - Downloading https://repo.maven.apache.org/maven2/org/springframework/boot/spring-boot-starter-tomcat/3.4.3/spring-boot-starter-tomcat-3.4.3-sources.jar
2025-03-19 11:38:12,361 [Worker-39: Download sources and javadoc] INFO  o.e.m.c.i.e.AbstractTransferListenerAdapter - Downloaded https://repo.maven.apache.org/maven2/org/springframework/boot/spring-boot-starter-tomcat/3.4.3/spring-boot-starter-tomcat-3.4.3-sources.jar
2025-03-19 11:38:12,367 [Worker-39: Download sources and javadoc] INFO  o.e.m.j.internal.DownloadSourcesJob - Downloaded sources for org.springframework.boot:spring-boot-starter-tomcat:3.4.3
2025-03-19 11:38:12,457 [Worker-39: Download sources and javadoc] INFO  o.e.m.c.i.e.AbstractTransferListenerAdapter - Downloading https://repo.maven.apache.org/maven2/org/springframework/spring-web/6.2.3/spring-web-6.2.3-sources.jar
2025-03-19 11:38:12,608 [Worker-39: Download sources and javadoc] INFO  o.e.m.c.i.e.AbstractTransferListenerAdapter - Downloaded https://repo.maven.apache.org/maven2/org/springframework/spring-web/6.2.3/spring-web-6.2.3-sources.jar
2025-03-19 11:38:12,613 [Worker-39: Download sources and javadoc] INFO  o.e.m.j.internal.DownloadSourcesJob - Downloaded sources for org.springframework:spring-web:6.2.3
2025-03-19 11:38:12,718 [Worker-39: Download sources and javadoc] INFO  o.e.m.c.i.e.AbstractTransferListenerAdapter - Downloading https://repo.maven.apache.org/maven2/org/springframework/spring-beans/6.2.3/spring-beans-6.2.3-sources.jar
2025-03-19 11:38:12,858 [Worker-39: Download sources and javadoc] INFO  o.e.m.c.i.e.AbstractTransferListenerAdapter - Downloaded https://repo.maven.apache.org/maven2/org/springframework/spring-beans/6.2.3/spring-beans-6.2.3-sources.jar
2025-03-19 11:38:12,869 [Worker-39: Download sources and javadoc] INFO  o.e.m.j.internal.DownloadSourcesJob - Downloaded sources for org.springframework:spring-beans:6.2.3
2025-03-19 11:38:12,918 [Worker-35: Import Getting Started Content] INFO  o.e.m.j.i.AbstractJavaProjectConfigurator - Adding source folder /SpringCloudEurekaServer/src/main/java
2025-03-19 11:38:12,919 [Worker-35: Import Getting Started Content] INFO  o.e.m.j.i.AbstractJavaProjectConfigurator - Adding resource folder /SpringCloudEurekaServer/src/main/resources
2025-03-19 11:38:12,920 [Worker-35: Import Getting Started Content] INFO  o.e.m.j.i.AbstractJavaProjectConfigurator - Adding resource folder /SpringCloudEurekaServer/src/main/resources
2025-03-19 11:38:12,921 [Worker-35: Import Getting Started Content] INFO  o.e.m.j.i.AbstractJavaProjectConfigurator - Adding source folder /SpringCloudEurekaServer/src/test/java
2025-03-19 11:38:12,923 [Worker-35: Import Getting Started Content] INFO  o.e.m.j.i.AbstractJavaProjectConfigurator - Adding resource folder /SpringCloudEurekaServer/src/test/resources
2025-03-19 11:38:12,973 [Worker-39: Download sources and javadoc] INFO  o.e.m.c.i.e.AbstractTransferListenerAdapter - Downloading https://repo.maven.apache.org/maven2/org/springframework/spring-webmvc/6.2.3/spring-webmvc-6.2.3-sources.jar
2025-03-19 11:38:13,086 [Worker-39: Download sources and javadoc] INFO  o.e.m.c.i.e.AbstractTransferListenerAdapter - Downloaded https://repo.maven.apache.org/maven2/org/springframework/spring-webmvc/6.2.3/spring-webmvc-6.2.3-sources.jar
2025-03-19 11:38:13,094 [Worker-39: Download sources and javadoc] INFO  o.e.m.j.internal.DownloadSourcesJob - Downloaded sources for org.springframework:spring-webmvc:6.2.3
2025-03-19 11:38:13,180 [Worker-39: Download sources and javadoc] INFO  o.e.m.c.i.e.AbstractTransferListenerAdapter - Downloading https://repo.maven.apache.org/maven2/org/springframework/spring-aop/6.2.3/spring-aop-6.2.3-sources.jar
2025-03-19 11:38:13,266 [Worker-39: Download sources and javadoc] INFO  o.e.m.c.i.e.AbstractTransferListenerAdapter - Downloaded https://repo.maven.apache.org/maven2/org/springframework/spring-aop/6.2.3/spring-aop-6.2.3-sources.jar
2025-03-19 11:38:13,271 [Worker-39: Download sources and javadoc] INFO  o.e.m.j.internal.DownloadSourcesJob - Downloaded sources for org.springframework:spring-aop:6.2.3
2025-03-19 11:38:13,357 [Worker-39: Download sources and javadoc] INFO  o.e.m.c.i.e.AbstractTransferListenerAdapter - Downloading https://repo.maven.apache.org/maven2/org/springframework/spring-expression/6.2.3/spring-expression-6.2.3-sources.jar
2025-03-19 11:38:13,438 [Worker-39: Download sources and javadoc] INFO  o.e.m.c.i.e.AbstractTransferListenerAdapter - Downloaded https://repo.maven.apache.org/maven2/org/springframework/spring-expression/6.2.3/spring-expression-6.2.3-sources.jar
2025-03-19 11:38:13,443 [Worker-39: Download sources and javadoc] INFO  o.e.m.j.internal.DownloadSourcesJob - Downloaded sources for org.springframework:spring-expression:6.2.3
2025-03-19 11:38:13,528 [Worker-39: Download sources and javadoc] INFO  o.e.m.c.i.e.AbstractTransferListenerAdapter - Downloading https://repo.maven.apache.org/maven2/org/springframework/boot/spring-boot-starter-actuator/3.4.3/spring-boot-starter-actuator-3.4.3-sources.jar
2025-03-19 11:38:13,533 [Worker-39: Download sources and javadoc] INFO  o.e.m.c.i.e.AbstractTransferListenerAdapter - Downloaded https://repo.maven.apache.org/maven2/org/springframework/boot/spring-boot-starter-actuator/3.4.3/spring-boot-starter-actuator-3.4.3-sources.jar
2025-03-19 11:38:13,539 [Worker-39: Download sources and javadoc] INFO  o.e.m.j.internal.DownloadSourcesJob - Downloaded sources for org.springframework.boot:spring-boot-starter-actuator:3.4.3
2025-03-19 11:38:13,625 [Worker-39: Download sources and javadoc] INFO  o.e.m.c.i.e.AbstractTransferListenerAdapter - Downloading https://repo.maven.apache.org/maven2/org/springframework/boot/spring-boot-actuator-autoconfigure/3.4.3/spring-boot-actuator-autoconfigure-3.4.3-sources.jar
2025-03-19 11:38:13,728 [Worker-39: Download sources and javadoc] INFO  o.e.m.c.i.e.AbstractTransferListenerAdapter - Downloaded https://repo.maven.apache.org/maven2/org/springframework/boot/spring-boot-actuator-autoconfigure/3.4.3/spring-boot-actuator-autoconfigure-3.4.3-sources.jar
2025-03-19 11:38:13,732 [Worker-39: Download sources and javadoc] INFO  o.e.m.j.internal.DownloadSourcesJob - Downloaded sources for org.springframework.boot:spring-boot-actuator-autoconfigure:3.4.3
2025-03-19 11:38:13,830 [Worker-39: Download sources and javadoc] INFO  o.e.m.c.i.e.AbstractTransferListenerAdapter - Downloading https://repo.maven.apache.org/maven2/org/springframework/boot/spring-boot-actuator/3.4.3/spring-boot-actuator-3.4.3-sources.jar
2025-03-19 11:38:13,931 [Worker-39: Download sources and javadoc] INFO  o.e.m.c.i.e.AbstractTransferListenerAdapter - Downloaded https://repo.maven.apache.org/maven2/org/springframework/boot/spring-boot-actuator/3.4.3/spring-boot-actuator-3.4.3-sources.jar
2025-03-19 11:38:13,938 [Worker-39: Download sources and javadoc] INFO  o.e.m.j.internal.DownloadSourcesJob - Downloaded sources for org.springframework.boot:spring-boot-actuator:3.4.3
2025-03-19 11:38:14,045 [Worker-39: Download sources and javadoc] INFO  o.e.m.c.i.e.AbstractTransferListenerAdapter - Downloading https://repo.maven.apache.org/maven2/io/micrometer/micrometer-observation/1.14.4/micrometer-observation-1.14.4-sources.jar
2025-03-19 11:38:14,071 [Worker-39: Download sources and javadoc] INFO  o.e.m.c.i.e.AbstractTransferListenerAdapter - Downloaded https://repo.maven.apache.org/maven2/io/micrometer/micrometer-observation/1.14.4/micrometer-observation-1.14.4-sources.jar
2025-03-19 11:38:14,075 [Worker-39: Download sources and javadoc] INFO  o.e.m.j.internal.DownloadSourcesJob - Downloaded sources for io.micrometer:micrometer-observation:1.14.4
2025-03-19 11:38:14,111 [Worker-35: Import Getting Started Content] INFO  o.e.m.c.i.p.ProjectConfigurationManager - Update completed for 1 poms: local refresh takes 0.00 sec, refresh facades takes 3.00 sec, update config takes 0.00 sec 
2025-03-19 11:38:14,157 [Worker-39: Download sources and javadoc] INFO  o.e.m.c.i.e.AbstractTransferListenerAdapter - Downloading https://repo.maven.apache.org/maven2/io/micrometer/micrometer-commons/1.14.4/micrometer-commons-1.14.4-sources.jar
2025-03-19 11:38:14,183 [Worker-39: Download sources and javadoc] INFO  o.e.m.c.i.e.AbstractTransferListenerAdapter - Downloaded https://repo.maven.apache.org/maven2/io/micrometer/micrometer-commons/1.14.4/micrometer-commons-1.14.4-sources.jar
2025-03-19 11:38:14,190 [Worker-39: Download sources and javadoc] INFO  o.e.m.j.internal.DownloadSourcesJob - Downloaded sources for io.micrometer:micrometer-commons:1.14.4
2025-03-19 11:38:14,280 [Worker-39: Download sources and javadoc] INFO  o.e.m.c.i.e.AbstractTransferListenerAdapter - Downloading https://repo.maven.apache.org/maven2/io/micrometer/micrometer-jakarta9/1.14.4/micrometer-jakarta9-1.14.4-sources.jar
2025-03-19 11:38:14,291 [Worker-39: Download sources and javadoc] INFO  o.e.m.c.i.e.AbstractTransferListenerAdapter - Downloaded https://repo.maven.apache.org/maven2/io/micrometer/micrometer-jakarta9/1.14.4/micrometer-jakarta9-1.14.4-sources.jar
2025-03-19 11:38:14,297 [Worker-39: Download sources and javadoc] INFO  o.e.m.j.internal.DownloadSourcesJob - Downloaded sources for io.micrometer:micrometer-jakarta9:1.14.4
2025-03-19 11:38:14,396 [Worker-39: Download sources and javadoc] INFO  o.e.m.c.i.e.AbstractTransferListenerAdapter - Downloading https://repo.maven.apache.org/maven2/io/micrometer/micrometer-core/1.14.4/micrometer-core-1.14.4-sources.jar
2025-03-19 11:38:14,513 [Worker-39: Download sources and javadoc] INFO  o.e.m.c.i.e.AbstractTransferListenerAdapter - Downloaded https://repo.maven.apache.org/maven2/io/micrometer/micrometer-core/1.14.4/micrometer-core-1.14.4-sources.jar
2025-03-19 11:38:14,529 [Worker-39: Download sources and javadoc] INFO  o.e.m.j.internal.DownloadSourcesJob - Downloaded sources for io.micrometer:micrometer-core:1.14.4
2025-03-19 11:38:14,635 [Worker-39: Download sources and javadoc] INFO  o.e.m.c.i.e.AbstractTransferListenerAdapter - Downloading https://repo.maven.apache.org/maven2/org/springframework/boot/spring-boot-starter-freemarker/3.4.3/spring-boot-starter-freemarker-3.4.3-sources.jar
2025-03-19 11:38:14,646 [Worker-39: Download sources and javadoc] INFO  o.e.m.c.i.e.AbstractTransferListenerAdapter - Downloaded https://repo.maven.apache.org/maven2/org/springframework/boot/spring-boot-starter-freemarker/3.4.3/spring-boot-starter-freemarker-3.4.3-sources.jar
2025-03-19 11:38:14,652 [Worker-39: Download sources and javadoc] INFO  o.e.m.j.internal.DownloadSourcesJob - Downloaded sources for org.springframework.boot:spring-boot-starter-freemarker:3.4.3
2025-03-19 11:38:14,738 [Worker-39: Download sources and javadoc] INFO  o.e.m.c.i.e.AbstractTransferListenerAdapter - Downloading https://repo.maven.apache.org/maven2/org/springframework/spring-context-support/6.2.3/spring-context-support-6.2.3-sources.jar
2025-03-19 11:38:14,801 [Worker-39: Download sources and javadoc] INFO  o.e.m.c.i.e.AbstractTransferListenerAdapter - Downloaded https://repo.maven.apache.org/maven2/org/springframework/spring-context-support/6.2.3/spring-context-support-6.2.3-sources.jar
2025-03-19 11:38:14,810 [Worker-39: Download sources and javadoc] INFO  o.e.m.j.internal.DownloadSourcesJob - Downloaded sources for org.springframework:spring-context-support:6.2.3
2025-03-19 11:38:14,913 [Worker-39: Download sources and javadoc] INFO  o.e.m.c.i.e.AbstractTransferListenerAdapter - Downloading https://repo.maven.apache.org/maven2/org/springframework/cloud/spring-cloud-netflix-eureka-client/4.2.0/spring-cloud-netflix-eureka-client-4.2.0-sources.jar
2025-03-19 11:38:14,952 [Worker-39: Download sources and javadoc] INFO  o.e.m.c.i.e.AbstractTransferListenerAdapter - Downloaded https://repo.maven.apache.org/maven2/org/springframework/cloud/spring-cloud-netflix-eureka-client/4.2.0/spring-cloud-netflix-eureka-client-4.2.0-sources.jar
2025-03-19 11:38:14,959 [Worker-39: Download sources and javadoc] INFO  o.e.m.j.internal.DownloadSourcesJob - Downloaded sources for org.springframework.cloud:spring-cloud-netflix-eureka-client:4.2.0
2025-03-19 11:38:15,054 [Worker-39: Download sources and javadoc] INFO  o.e.m.c.i.e.AbstractTransferListenerAdapter - Downloading https://repo.maven.apache.org/maven2/com/google/code/gson/gson/2.11.0/gson-2.11.0-sources.jar
2025-03-19 11:38:15,117 [Worker-39: Download sources and javadoc] INFO  o.e.m.c.i.e.AbstractTransferListenerAdapter - Downloaded https://repo.maven.apache.org/maven2/com/google/code/gson/gson/2.11.0/gson-2.11.0-sources.jar
2025-03-19 11:38:15,123 [Worker-39: Download sources and javadoc] INFO  o.e.m.j.internal.DownloadSourcesJob - Downloaded sources for com.google.code.gson:gson:2.11.0
2025-03-19 11:38:15,206 [Worker-39: Download sources and javadoc] INFO  o.e.m.c.i.e.AbstractTransferListenerAdapter - Downloading https://repo.maven.apache.org/maven2/org/apache/httpcomponents/client5/httpclient5/5.4.2/httpclient5-5.4.2-sources.jar
2025-03-19 11:38:15,307 [Worker-39: Download sources and javadoc] INFO  o.e.m.c.i.e.AbstractTransferListenerAdapter - Downloaded https://repo.maven.apache.org/maven2/org/apache/httpcomponents/client5/httpclient5/5.4.2/httpclient5-5.4.2-sources.jar
2025-03-19 11:38:15,317 [Worker-39: Download sources and javadoc] INFO  o.e.m.j.internal.DownloadSourcesJob - Downloaded sources for org.apache.httpcomponents.client5:httpclient5:5.4.2
2025-03-19 11:38:15,405 [Worker-39: Download sources and javadoc] INFO  o.e.m.c.i.e.AbstractTransferListenerAdapter - Downloading https://repo.maven.apache.org/maven2/org/apache/httpcomponents/core5/httpcore5/5.3.3/httpcore5-5.3.3-sources.jar
2025-03-19 11:38:15,521 [Worker-39: Download sources and javadoc] INFO  o.e.m.c.i.e.AbstractTransferListenerAdapter - Downloaded https://repo.maven.apache.org/maven2/org/apache/httpcomponents/core5/httpcore5/5.3.3/httpcore5-5.3.3-sources.jar
2025-03-19 11:38:15,532 [Worker-39: Download sources and javadoc] INFO  o.e.m.j.internal.DownloadSourcesJob - Downloaded sources for org.apache.httpcomponents.core5:httpcore5:5.3.3
2025-03-19 11:38:15,537 [Worker-45: Building] INFO  o.a.m.s.f.DefaultMavenResourcesFiltering - Copying 1 resource from src\main\resources to target\classes
2025-03-19 11:38:15,572 [Worker-45: Building] INFO  o.a.m.s.f.DefaultMavenResourcesFiltering - Copying 0 resource from src\main\resources to target\classes
2025-03-19 11:38:15,585 [Worker-45: Building] INFO  o.a.m.s.f.DefaultMavenResourcesFiltering - skip non existing resourceDirectory C:\Users\prasa\eclipse-workspace\Micoservice-eclipse-workspace\SpringCloudEurekaServer\src\test\resources
2025-03-19 11:38:15,619 [Worker-39: Download sources and javadoc] INFO  o.e.m.c.i.e.AbstractTransferListenerAdapter - Downloading https://repo.maven.apache.org/maven2/org/apache/httpcomponents/core5/httpcore5-h2/5.3.3/httpcore5-h2-5.3.3-sources.jar
2025-03-19 11:38:15,677 [Worker-39: Download sources and javadoc] INFO  o.e.m.c.i.e.AbstractTransferListenerAdapter - Downloaded https://repo.maven.apache.org/maven2/org/apache/httpcomponents/core5/httpcore5-h2/5.3.3/httpcore5-h2-5.3.3-sources.jar
2025-03-19 11:38:15,684 [Worker-39: Download sources and javadoc] INFO  o.e.m.j.internal.DownloadSourcesJob - Downloaded sources for org.apache.httpcomponents.core5:httpcore5-h2:5.3.3
2025-03-19 11:38:15,772 [Worker-39: Download sources and javadoc] INFO  o.e.m.c.i.e.AbstractTransferListenerAdapter - Downloading https://repo.maven.apache.org/maven2/commons-codec/commons-codec/1.17.2/commons-codec-1.17.2-sources.jar
2025-03-19 11:38:15,871 [Worker-39: Download sources and javadoc] INFO  o.e.m.c.i.e.AbstractTransferListenerAdapter - Downloaded https://repo.maven.apache.org/maven2/commons-codec/commons-codec/1.17.2/commons-codec-1.17.2-sources.jar
2025-03-19 11:38:15,876 [Worker-39: Download sources and javadoc] INFO  o.e.m.j.internal.DownloadSourcesJob - Downloaded sources for commons-codec:commons-codec:1.17.2
2025-03-19 11:38:15,985 [Worker-39: Download sources and javadoc] INFO  o.e.m.c.i.e.AbstractTransferListenerAdapter - Downloading https://repo.maven.apache.org/maven2/org/springframework/spring-context/6.2.3/spring-context-6.2.3-sources.jar
2025-03-19 11:38:16,147 [Worker-39: Download sources and javadoc] INFO  o.e.m.c.i.e.AbstractTransferListenerAdapter - Downloaded https://repo.maven.apache.org/maven2/org/springframework/spring-context/6.2.3/spring-context-6.2.3-sources.jar
2025-03-19 11:38:16,154 [Worker-39: Download sources and javadoc] INFO  o.e.m.j.internal.DownloadSourcesJob - Downloaded sources for org.springframework:spring-context:6.2.3
2025-03-19 11:38:16,244 [Worker-39: Download sources and javadoc] INFO  o.e.m.c.i.e.AbstractTransferListenerAdapter - Downloading https://repo.maven.apache.org/maven2/com/fasterxml/jackson/dataformat/jackson-dataformat-xml/2.18.2/jackson-dataformat-xml-2.18.2-sources.jar
2025-03-19 11:38:16,286 [Worker-39: Download sources and javadoc] INFO  o.e.m.c.i.e.AbstractTransferListenerAdapter - Downloaded https://repo.maven.apache.org/maven2/com/fasterxml/jackson/dataformat/jackson-dataformat-xml/2.18.2/jackson-dataformat-xml-2.18.2-sources.jar
2025-03-19 11:38:16,291 [Worker-39: Download sources and javadoc] INFO  o.e.m.j.internal.DownloadSourcesJob - Downloaded sources for com.fasterxml.jackson.dataformat:jackson-dataformat-xml:2.18.2
2025-03-19 11:38:16,372 [Worker-39: Download sources and javadoc] INFO  o.e.m.c.i.e.AbstractTransferListenerAdapter - Downloading https://repo.maven.apache.org/maven2/com/fasterxml/woodstox/woodstox-core/7.0.0/woodstox-core-7.0.0-sources.jar
2025-03-19 11:38:16,474 [Worker-39: Download sources and javadoc] INFO  o.e.m.c.i.e.AbstractTransferListenerAdapter - Downloaded https://repo.maven.apache.org/maven2/com/fasterxml/woodstox/woodstox-core/7.0.0/woodstox-core-7.0.0-sources.jar
2025-03-19 11:38:16,480 [Worker-39: Download sources and javadoc] INFO  o.e.m.j.internal.DownloadSourcesJob - Downloaded sources for com.fasterxml.woodstox:woodstox-core:7.0.0
2025-03-19 11:38:16,783 [Worker-39: Download sources and javadoc] INFO  o.e.m.c.i.e.AbstractTransferListenerAdapter - Downloaded https://repo.maven.apache.org/maven2/org/springframework/cloud/spring-cloud-starter-loadbalancer/4.2.0/spring-cloud-starter-loadbalancer-4.2.0-sources.jar
2025-03-19 11:38:16,785 [Worker-39: Download sources and javadoc] ERROR o.e.m.j.internal.DownloadSourcesJob - Could not download sources for org.springframework.cloud:spring-cloud-starter-loadbalancer:4.2.0
org.eclipse.core.runtime.CoreException: Could not resolve artifact org.springframework.cloud:spring-cloud-starter-loadbalancer:jar:sources:4.2.0
	at org.eclipse.m2e.core.internal.embedder.MavenImpl.lambda$7(MavenImpl.java:540)
	at org.eclipse.m2e.core.internal.embedder.MavenExecutionContext.executeBare(MavenExecutionContext.java:458)
	at org.eclipse.m2e.core.internal.embedder.MavenExecutionContext.execute(MavenExecutionContext.java:292)
	at org.eclipse.m2e.core.internal.embedder.MavenExecutionContext.execute(MavenExecutionContext.java:278)
	at org.eclipse.m2e.core.internal.embedder.MavenImpl.resolve(MavenImpl.java:509)
	at org.eclipse.m2e.core.internal.embedder.MavenImpl.resolve(MavenImpl.java:494)
	at org.eclipse.m2e.jdt.internal.DownloadSourcesJob.download(DownloadSourcesJob.java:308)
	at org.eclipse.m2e.jdt.internal.DownloadSourcesJob.downloadAttachments(DownloadSourcesJob.java:282)
	at org.eclipse.m2e.jdt.internal.DownloadSourcesJob.downloadMaven(DownloadSourcesJob.java:252)
	at org.eclipse.m2e.jdt.internal.DownloadSourcesJob.downloadFilesAndPopulateToUpdate(DownloadSourcesJob.java:220)
	at org.eclipse.m2e.jdt.internal.DownloadSourcesJob.lambda$0(DownloadSourcesJob.java:149)
	at org.eclipse.m2e.core.internal.embedder.MavenExecutionContext.executeBare(MavenExecutionContext.java:458)
	at org.eclipse.m2e.core.internal.embedder.MavenExecutionContext.execute(MavenExecutionContext.java:339)
	at org.eclipse.m2e.core.internal.embedder.MavenExecutionContext.execute(MavenExecutionContext.java:278)
	at org.eclipse.m2e.core.embedder.IMaven.execute(IMaven.java:300)
	at org.eclipse.m2e.jdt.internal.DownloadSourcesJob.run(DownloadSourcesJob.java:149)
	at org.eclipse.core.internal.jobs.Worker.run(Worker.java:63)
2025-03-19 11:38:16,870 [Worker-39: Download sources and javadoc] INFO  o.e.m.c.i.e.AbstractTransferListenerAdapter - Downloading https://repo.maven.apache.org/maven2/org/springframework/cloud/spring-cloud-loadbalancer/4.2.0/spring-cloud-loadbalancer-4.2.0-sources.jar
2025-03-19 11:38:16,902 [Worker-39: Download sources and javadoc] INFO  o.e.m.c.i.e.AbstractTransferListenerAdapter - Downloaded https://repo.maven.apache.org/maven2/org/springframework/cloud/spring-cloud-loadbalancer/4.2.0/spring-cloud-loadbalancer-4.2.0-sources.jar
2025-03-19 11:38:16,905 [Worker-39: Download sources and javadoc] INFO  o.e.m.j.internal.DownloadSourcesJob - Downloaded sources for org.springframework.cloud:spring-cloud-loadbalancer:4.2.0
2025-03-19 11:38:16,983 [Worker-39: Download sources and javadoc] INFO  o.e.m.c.i.e.AbstractTransferListenerAdapter - Downloading https://repo.maven.apache.org/maven2/io/projectreactor/reactor-core/3.7.3/reactor-core-3.7.3-sources.jar
2025-03-19 11:38:17,158 [Worker-39: Download sources and javadoc] INFO  o.e.m.c.i.e.AbstractTransferListenerAdapter - Downloaded https://repo.maven.apache.org/maven2/io/projectreactor/reactor-core/3.7.3/reactor-core-3.7.3-sources.jar
2025-03-19 11:38:17,161 [Worker-39: Download sources and javadoc] INFO  o.e.m.j.internal.DownloadSourcesJob - Downloaded sources for io.projectreactor:reactor-core:3.7.3
2025-03-19 11:38:17,240 [Worker-39: Download sources and javadoc] INFO  o.e.m.c.i.e.AbstractTransferListenerAdapter - Downloading https://repo.maven.apache.org/maven2/org/springframework/boot/spring-boot-starter-cache/3.4.3/spring-boot-starter-cache-3.4.3-sources.jar
2025-03-19 11:38:17,244 [Worker-39: Download sources and javadoc] INFO  o.e.m.c.i.e.AbstractTransferListenerAdapter - Downloaded https://repo.maven.apache.org/maven2/org/springframework/boot/spring-boot-starter-cache/3.4.3/spring-boot-starter-cache-3.4.3-sources.jar
2025-03-19 11:38:17,247 [Worker-39: Download sources and javadoc] INFO  o.e.m.j.internal.DownloadSourcesJob - Downloaded sources for org.springframework.boot:spring-boot-starter-cache:3.4.3
2025-03-19 11:38:17,324 [Worker-39: Download sources and javadoc] INFO  o.e.m.c.i.e.AbstractTransferListenerAdapter - Downloading https://repo.maven.apache.org/maven2/org/springframework/boot/spring-boot-starter-test/3.4.3/spring-boot-starter-test-3.4.3-sources.jar
2025-03-19 11:38:17,327 [Worker-39: Download sources and javadoc] INFO  o.e.m.c.i.e.AbstractTransferListenerAdapter - Downloaded https://repo.maven.apache.org/maven2/org/springframework/boot/spring-boot-starter-test/3.4.3/spring-boot-starter-test-3.4.3-sources.jar
2025-03-19 11:38:17,332 [Worker-39: Download sources and javadoc] INFO  o.e.m.j.internal.DownloadSourcesJob - Downloaded sources for org.springframework.boot:spring-boot-starter-test:3.4.3
2025-03-19 11:38:17,410 [Worker-39: Download sources and javadoc] INFO  o.e.m.c.i.e.AbstractTransferListenerAdapter - Downloading https://repo.maven.apache.org/maven2/org/springframework/boot/spring-boot-starter/3.4.3/spring-boot-starter-3.4.3-sources.jar
2025-03-19 11:38:17,413 [Worker-39: Download sources and javadoc] INFO  o.e.m.c.i.e.AbstractTransferListenerAdapter - Downloaded https://repo.maven.apache.org/maven2/org/springframework/boot/spring-boot-starter/3.4.3/spring-boot-starter-3.4.3-sources.jar
2025-03-19 11:38:17,416 [Worker-39: Download sources and javadoc] INFO  o.e.m.j.internal.DownloadSourcesJob - Downloaded sources for org.springframework.boot:spring-boot-starter:3.4.3
2025-03-19 11:38:17,493 [Worker-39: Download sources and javadoc] INFO  o.e.m.c.i.e.AbstractTransferListenerAdapter - Downloading https://repo.maven.apache.org/maven2/org/springframework/boot/spring-boot/3.4.3/spring-boot-3.4.3-sources.jar
2025-03-19 11:38:17,637 [Worker-39: Download sources and javadoc] INFO  o.e.m.c.i.e.AbstractTransferListenerAdapter - Downloaded https://repo.maven.apache.org/maven2/org/springframework/boot/spring-boot/3.4.3/spring-boot-3.4.3-sources.jar
2025-03-19 11:38:17,640 [Worker-39: Download sources and javadoc] INFO  o.e.m.j.internal.DownloadSourcesJob - Downloaded sources for org.springframework.boot:spring-boot:3.4.3
2025-03-19 11:38:17,721 [Worker-39: Download sources and javadoc] INFO  o.e.m.c.i.e.AbstractTransferListenerAdapter - Downloading https://repo.maven.apache.org/maven2/org/springframework/boot/spring-boot-autoconfigure/3.4.3/spring-boot-autoconfigure-3.4.3-sources.jar
2025-03-19 11:38:17,846 [Worker-39: Download sources and javadoc] INFO  o.e.m.c.i.e.AbstractTransferListenerAdapter - Downloaded https://repo.maven.apache.org/maven2/org/springframework/boot/spring-boot-autoconfigure/3.4.3/spring-boot-autoconfigure-3.4.3-sources.jar
2025-03-19 11:38:17,851 [Worker-39: Download sources and javadoc] INFO  o.e.m.j.internal.DownloadSourcesJob - Downloaded sources for org.springframework.boot:spring-boot-autoconfigure:3.4.3
2025-03-19 11:38:17,932 [Worker-39: Download sources and javadoc] INFO  o.e.m.c.i.e.AbstractTransferListenerAdapter - Downloading https://repo.maven.apache.org/maven2/org/springframework/boot/spring-boot-starter-logging/3.4.3/spring-boot-starter-logging-3.4.3-sources.jar
2025-03-19 11:38:17,937 [Worker-39: Download sources and javadoc] INFO  o.e.m.c.i.e.AbstractTransferListenerAdapter - Downloaded https://repo.maven.apache.org/maven2/org/springframework/boot/spring-boot-starter-logging/3.4.3/spring-boot-starter-logging-3.4.3-sources.jar
2025-03-19 11:38:17,943 [Worker-39: Download sources and javadoc] INFO  o.e.m.j.internal.DownloadSourcesJob - Downloaded sources for org.springframework.boot:spring-boot-starter-logging:3.4.3
2025-03-19 11:38:18,032 [Worker-39: Download sources and javadoc] INFO  o.e.m.c.i.e.AbstractTransferListenerAdapter - Downloading https://repo.maven.apache.org/maven2/org/springframework/boot/spring-boot-test/3.4.3/spring-boot-test-3.4.3-sources.jar
2025-03-19 11:38:18,090 [Worker-39: Download sources and javadoc] INFO  o.e.m.c.i.e.AbstractTransferListenerAdapter - Downloaded https://repo.maven.apache.org/maven2/org/springframework/boot/spring-boot-test/3.4.3/spring-boot-test-3.4.3-sources.jar
2025-03-19 11:38:18,117 [Worker-39: Download sources and javadoc] INFO  o.e.m.j.internal.DownloadSourcesJob - Downloaded sources for org.springframework.boot:spring-boot-test:3.4.3
2025-03-19 11:38:18,206 [Worker-39: Download sources and javadoc] INFO  o.e.m.c.i.e.AbstractTransferListenerAdapter - Downloading https://repo.maven.apache.org/maven2/org/springframework/boot/spring-boot-test-autoconfigure/3.4.3/spring-boot-test-autoconfigure-3.4.3-sources.jar
2025-03-19 11:38:18,265 [Worker-39: Download sources and javadoc] INFO  o.e.m.c.i.e.AbstractTransferListenerAdapter - Downloaded https://repo.maven.apache.org/maven2/org/springframework/boot/spring-boot-test-autoconfigure/3.4.3/spring-boot-test-autoconfigure-3.4.3-sources.jar
2025-03-19 11:38:18,269 [Worker-39: Download sources and javadoc] INFO  o.e.m.j.internal.DownloadSourcesJob - Downloaded sources for org.springframework.boot:spring-boot-test-autoconfigure:3.4.3
2025-03-19 11:38:18,349 [Worker-39: Download sources and javadoc] INFO  o.e.m.c.i.e.AbstractTransferListenerAdapter - Downloading https://repo.maven.apache.org/maven2/org/springframework/spring-core/6.2.3/spring-core-6.2.3-sources.jar
2025-03-19 11:38:18,490 [Worker-39: Download sources and javadoc] INFO  o.e.m.c.i.e.AbstractTransferListenerAdapter - Downloaded https://repo.maven.apache.org/maven2/org/springframework/spring-core/6.2.3/spring-core-6.2.3-sources.jar
2025-03-19 11:38:18,495 [Worker-39: Download sources and javadoc] INFO  o.e.m.j.internal.DownloadSourcesJob - Downloaded sources for org.springframework:spring-core:6.2.3
2025-03-19 11:38:18,582 [Worker-39: Download sources and javadoc] INFO  o.e.m.c.i.e.AbstractTransferListenerAdapter - Downloading https://repo.maven.apache.org/maven2/org/springframework/spring-jcl/6.2.3/spring-jcl-6.2.3-sources.jar
2025-03-19 11:38:18,587 [Worker-39: Download sources and javadoc] INFO  o.e.m.c.i.e.AbstractTransferListenerAdapter - Downloaded https://repo.maven.apache.org/maven2/org/springframework/spring-jcl/6.2.3/spring-jcl-6.2.3-sources.jar
2025-03-19 11:38:18,594 [Worker-39: Download sources and javadoc] INFO  o.e.m.j.internal.DownloadSourcesJob - Downloaded sources for org.springframework:spring-jcl:6.2.3
2025-03-19 11:38:18,675 [Worker-39: Download sources and javadoc] INFO  o.e.m.c.i.e.AbstractTransferListenerAdapter - Downloading https://repo.maven.apache.org/maven2/org/springframework/spring-test/6.2.3/spring-test-6.2.3-sources.jar
2025-03-19 11:38:18,779 [Worker-39: Download sources and javadoc] INFO  o.e.m.c.i.e.AbstractTransferListenerAdapter - Downloaded https://repo.maven.apache.org/maven2/org/springframework/spring-test/6.2.3/spring-test-6.2.3-sources.jar
2025-03-19 11:38:18,782 [Worker-39: Download sources and javadoc] INFO  o.e.m.j.internal.DownloadSourcesJob - Downloaded sources for org.springframework:spring-test:6.2.3
2025-03-19 11:46:49,691 [Worker-47: Launching SpringCloudEurekaServer - SpringCloudEurekaServerApplication] INFO  o.a.m.s.f.DefaultMavenResourcesFiltering - Copying 1 resource from src\main\resources to target\classes
2025-03-19 11:46:49,707 [Worker-47: Launching SpringCloudEurekaServer - SpringCloudEurekaServerApplication] INFO  o.a.m.s.f.DefaultMavenResourcesFiltering - Copying 0 resource from src\main\resources to target\classes
2025-03-19 11:46:49,715 [Worker-47: Launching SpringCloudEurekaServer - SpringCloudEurekaServerApplication] INFO  o.a.m.s.f.DefaultMavenResourcesFiltering - skip non existing resourceDirectory C:\Users\prasa\eclipse-workspace\Micoservice-eclipse-workspace\SpringCloudEurekaServer\src\test\resources
2025-03-19 11:46:51,383 [Worker-47: Download sources and javadoc] INFO  o.e.m.c.i.e.AbstractTransferListenerAdapter - Downloaded https://repo.maven.apache.org/maven2/org/springframework/cloud/spring-cloud-starter-netflix-eureka-server/4.2.0/spring-cloud-starter-netflix-eureka-server-4.2.0-javadoc.jar
2025-03-19 11:46:51,388 [Worker-47: Download sources and javadoc] ERROR o.e.m.j.internal.DownloadSourcesJob - Could not download javadoc for org.springframework.cloud:spring-cloud-starter-netflix-eureka-server:4.2.0
org.eclipse.core.runtime.CoreException: Could not resolve artifact org.springframework.cloud:spring-cloud-starter-netflix-eureka-server:jar:javadoc:4.2.0
	at org.eclipse.m2e.core.internal.embedder.MavenImpl.lambda$7(MavenImpl.java:540)
	at org.eclipse.m2e.core.internal.embedder.MavenExecutionContext.executeBare(MavenExecutionContext.java:458)
	at org.eclipse.m2e.core.internal.embedder.MavenExecutionContext.execute(MavenExecutionContext.java:292)
	at org.eclipse.m2e.core.internal.embedder.MavenExecutionContext.execute(MavenExecutionContext.java:278)
	at org.eclipse.m2e.core.internal.embedder.MavenImpl.resolve(MavenImpl.java:509)
	at org.eclipse.m2e.core.internal.embedder.MavenImpl.resolve(MavenImpl.java:494)
	at org.eclipse.m2e.jdt.internal.DownloadSourcesJob.download(DownloadSourcesJob.java:308)
	at org.eclipse.m2e.jdt.internal.DownloadSourcesJob.downloadAttachments(DownloadSourcesJob.java:294)
	at org.eclipse.m2e.jdt.internal.DownloadSourcesJob.downloadMaven(DownloadSourcesJob.java:252)
	at org.eclipse.m2e.jdt.internal.DownloadSourcesJob.downloadFilesAndPopulateToUpdate(DownloadSourcesJob.java:220)
	at org.eclipse.m2e.jdt.internal.DownloadSourcesJob.lambda$0(DownloadSourcesJob.java:149)
	at org.eclipse.m2e.core.internal.embedder.MavenExecutionContext.executeBare(MavenExecutionContext.java:458)
	at org.eclipse.m2e.core.internal.embedder.MavenExecutionContext.execute(MavenExecutionContext.java:339)
	at org.eclipse.m2e.core.internal.embedder.MavenExecutionContext.execute(MavenExecutionContext.java:278)
	at org.eclipse.m2e.core.embedder.IMaven.execute(IMaven.java:300)
	at org.eclipse.m2e.jdt.internal.DownloadSourcesJob.run(DownloadSourcesJob.java:149)
	at org.eclipse.core.internal.jobs.Worker.run(Worker.java:63)
2025-03-19 11:46:51,617 [Worker-47: Download sources and javadoc] INFO  o.e.m.c.i.e.AbstractTransferListenerAdapter - Downloading https://repo.maven.apache.org/maven2/org/springframework/cloud/spring-cloud-starter/4.2.0/spring-cloud-starter-4.2.0-javadoc.jar
2025-03-19 11:46:51,624 [Worker-47: Download sources and javadoc] INFO  o.e.m.c.i.e.AbstractTransferListenerAdapter - Downloaded https://repo.maven.apache.org/maven2/org/springframework/cloud/spring-cloud-starter/4.2.0/spring-cloud-starter-4.2.0-javadoc.jar
2025-03-19 11:46:51,629 [Worker-47: Download sources and javadoc] INFO  o.e.m.j.internal.DownloadSourcesJob - Downloaded javadoc for org.springframework.cloud:spring-cloud-starter:4.2.0
2025-03-19 11:46:51,951 [Worker-47: Download sources and javadoc] INFO  o.e.m.c.i.e.AbstractTransferListenerAdapter - Downloaded https://repo.maven.apache.org/maven2/org/springframework/cloud/spring-cloud-starter-loadbalancer/4.2.0/spring-cloud-starter-loadbalancer-4.2.0-javadoc.jar
2025-03-19 11:46:51,955 [Worker-47: Download sources and javadoc] ERROR o.e.m.j.internal.DownloadSourcesJob - Could not download javadoc for org.springframework.cloud:spring-cloud-starter-loadbalancer:4.2.0
org.eclipse.core.runtime.CoreException: Could not resolve artifact org.springframework.cloud:spring-cloud-starter-loadbalancer:jar:javadoc:4.2.0
	at org.eclipse.m2e.core.internal.embedder.MavenImpl.lambda$7(MavenImpl.java:540)
	at org.eclipse.m2e.core.internal.embedder.MavenExecutionContext.executeBare(MavenExecutionContext.java:458)
	at org.eclipse.m2e.core.internal.embedder.MavenExecutionContext.execute(MavenExecutionContext.java:292)
	at org.eclipse.m2e.core.internal.embedder.MavenExecutionContext.execute(MavenExecutionContext.java:278)
	at org.eclipse.m2e.core.internal.embedder.MavenImpl.resolve(MavenImpl.java:509)
	at org.eclipse.m2e.core.internal.embedder.MavenImpl.resolve(MavenImpl.java:494)
	at org.eclipse.m2e.jdt.internal.DownloadSourcesJob.download(DownloadSourcesJob.java:308)
	at org.eclipse.m2e.jdt.internal.DownloadSourcesJob.downloadAttachments(DownloadSourcesJob.java:294)
	at org.eclipse.m2e.jdt.internal.DownloadSourcesJob.downloadMaven(DownloadSourcesJob.java:252)
	at org.eclipse.m2e.jdt.internal.DownloadSourcesJob.downloadFilesAndPopulateToUpdate(DownloadSourcesJob.java:220)
	at org.eclipse.m2e.jdt.internal.DownloadSourcesJob.lambda$0(DownloadSourcesJob.java:149)
	at org.eclipse.m2e.core.internal.embedder.MavenExecutionContext.executeBare(MavenExecutionContext.java:458)
	at org.eclipse.m2e.core.internal.embedder.MavenExecutionContext.execute(MavenExecutionContext.java:339)
	at org.eclipse.m2e.core.internal.embedder.MavenExecutionContext.execute(MavenExecutionContext.java:278)
	at org.eclipse.m2e.core.embedder.IMaven.execute(IMaven.java:300)
	at org.eclipse.m2e.jdt.internal.DownloadSourcesJob.run(DownloadSourcesJob.java:149)
	at org.eclipse.core.internal.jobs.Worker.run(Worker.java:63)
2025-03-19 11:49:07,748 [Worker-51: Building] INFO  o.a.m.s.f.DefaultMavenResourcesFiltering - Copying 1 resource from src\main\resources to target\classes
2025-03-19 11:49:07,754 [Worker-51: Building] INFO  o.a.m.s.f.DefaultMavenResourcesFiltering - Copying 0 resource from src\main\resources to target\classes
2025-03-19 11:49:07,757 [Worker-51: Building] INFO  o.a.m.s.f.DefaultMavenResourcesFiltering - skip non existing resourceDirectory C:\Users\prasa\eclipse-workspace\Micoservice-eclipse-workspace\SpringCloudEurekaServer\src\test\resources
2025-03-19 12:40:29,122 [Worker-60: Import Getting Started Content] INFO  o.e.m.c.i.l.LifecycleMappingFactory - Using org.eclipse.m2e.jdt.JarLifecycleMapping lifecycle mapping for MavenProject: com.example:client:0.0.1-SNAPSHOT @ C:\Users\prasa\eclipse-workspace\Micoservice-eclipse-workspace\SimpleDiscoveryClient\pom.xml.
2025-03-19 12:40:29,415 [Worker-60: Import Getting Started Content] INFO  o.e.m.c.i.e.AbstractTransferListenerAdapter - Downloading https://repo.maven.apache.org/maven2/org/springframework/cloud/spring-cloud-starter-netflix-eureka-client/4.2.0/spring-cloud-starter-netflix-eureka-client-4.2.0.pom
2025-03-19 12:40:29,423 [Worker-60: Import Getting Started Content] INFO  o.e.m.c.i.e.AbstractTransferListenerAdapter - Downloaded https://repo.maven.apache.org/maven2/org/springframework/cloud/spring-cloud-starter-netflix-eureka-client/4.2.0/spring-cloud-starter-netflix-eureka-client-4.2.0.pom
2025-03-19 12:40:30,028 [Worker-60: Import Getting Started Content] INFO  o.e.m.c.i.e.AbstractTransferListenerAdapter - Downloading https://repo.maven.apache.org/maven2/org/springframework/cloud/spring-cloud-starter-netflix-eureka-client/4.2.0/spring-cloud-starter-netflix-eureka-client-4.2.0.jar
2025-03-19 12:40:30,035 [Worker-60: Import Getting Started Content] INFO  o.e.m.c.i.e.AbstractTransferListenerAdapter - Downloaded https://repo.maven.apache.org/maven2/org/springframework/cloud/spring-cloud-starter-netflix-eureka-client/4.2.0/spring-cloud-starter-netflix-eureka-client-4.2.0.jar
2025-03-19 12:40:30,064 [BasicRepositoryConnector-repo.maven.apache.org-1-1] INFO  o.e.m.c.i.e.AbstractTransferListenerAdapter - Downloading https://repo.maven.apache.org/maven2/com/google/errorprone/error_prone_annotations/2.27.0/error_prone_annotations-2.27.0.jar
2025-03-19 12:40:30,077 [BasicRepositoryConnector-repo.maven.apache.org-1-1] INFO  o.e.m.c.i.e.AbstractTransferListenerAdapter - Downloaded https://repo.maven.apache.org/maven2/com/google/errorprone/error_prone_annotations/2.27.0/error_prone_annotations-2.27.0.jar
2025-03-19 12:40:30,114 [BasicRepositoryConnector-repo.maven.apache.org-1-0] INFO  o.e.m.c.i.e.AbstractTransferListenerAdapter - Downloading https://repo.maven.apache.org/maven2/com/google/guava/guava/14.0.1/guava-14.0.1.jar
2025-03-19 12:40:30,281 [BasicRepositoryConnector-repo.maven.apache.org-1-0] INFO  o.e.m.c.i.e.AbstractTransferListenerAdapter - Downloaded https://repo.maven.apache.org/maven2/com/google/guava/guava/14.0.1/guava-14.0.1.jar
2025-03-19 12:40:30,540 [Worker-60: Import Getting Started Content] INFO  o.e.m.j.i.AbstractJavaProjectConfigurator - Adding source folder /SimpleDiscoveryClient/src/main/java
2025-03-19 12:40:30,540 [Worker-60: Import Getting Started Content] INFO  o.e.m.j.i.AbstractJavaProjectConfigurator - Adding resource folder /SimpleDiscoveryClient/src/main/resources
2025-03-19 12:40:30,544 [Worker-60: Import Getting Started Content] INFO  o.e.m.j.i.AbstractJavaProjectConfigurator - Adding resource folder /SimpleDiscoveryClient/src/main/resources
2025-03-19 12:40:30,547 [Worker-60: Import Getting Started Content] INFO  o.e.m.j.i.AbstractJavaProjectConfigurator - Adding source folder /SimpleDiscoveryClient/src/test/java
2025-03-19 12:40:30,548 [Worker-60: Import Getting Started Content] INFO  o.e.m.j.i.AbstractJavaProjectConfigurator - Adding resource folder /SimpleDiscoveryClient/src/test/resources
2025-03-19 12:40:30,833 [Worker-60: Import Getting Started Content] INFO  o.e.m.c.i.p.ProjectConfigurationManager - Imported and configured 1 project(s) in 2 sec
2025-03-19 12:40:30,836 [Worker-60: Import Getting Started Content] INFO  o.e.m.c.i.p.ProjectConfigurationManager - Update started
2025-03-19 12:40:31,264 [Worker-60: Import Getting Started Content] INFO  o.e.m.c.i.l.LifecycleMappingFactory - Using org.eclipse.m2e.jdt.JarLifecycleMapping lifecycle mapping for MavenProject: com.example:client:0.0.1-SNAPSHOT @ C:\Users\prasa\eclipse-workspace\Micoservice-eclipse-workspace\SimpleDiscoveryClient\pom.xml.
2025-03-19 12:40:31,748 [Worker-62: Download sources and javadoc] INFO  o.e.m.c.i.e.AbstractTransferListenerAdapter - Downloaded https://repo.maven.apache.org/maven2/org/springframework/cloud/spring-cloud-starter-netflix-eureka-client/4.2.0/spring-cloud-starter-netflix-eureka-client-4.2.0-sources.jar
2025-03-19 12:40:31,751 [Worker-62: Download sources and javadoc] ERROR o.e.m.j.internal.DownloadSourcesJob - Could not download sources for org.springframework.cloud:spring-cloud-starter-netflix-eureka-client:4.2.0
org.eclipse.core.runtime.CoreException: Could not resolve artifact org.springframework.cloud:spring-cloud-starter-netflix-eureka-client:jar:sources:4.2.0
	at org.eclipse.m2e.core.internal.embedder.MavenImpl.lambda$7(MavenImpl.java:540)
	at org.eclipse.m2e.core.internal.embedder.MavenExecutionContext.executeBare(MavenExecutionContext.java:458)
	at org.eclipse.m2e.core.internal.embedder.MavenExecutionContext.execute(MavenExecutionContext.java:292)
	at org.eclipse.m2e.core.internal.embedder.MavenExecutionContext.execute(MavenExecutionContext.java:278)
	at org.eclipse.m2e.core.internal.embedder.MavenImpl.resolve(MavenImpl.java:509)
	at org.eclipse.m2e.core.internal.embedder.MavenImpl.resolve(MavenImpl.java:494)
	at org.eclipse.m2e.jdt.internal.DownloadSourcesJob.download(DownloadSourcesJob.java:308)
	at org.eclipse.m2e.jdt.internal.DownloadSourcesJob.downloadAttachments(DownloadSourcesJob.java:282)
	at org.eclipse.m2e.jdt.internal.DownloadSourcesJob.downloadMaven(DownloadSourcesJob.java:252)
	at org.eclipse.m2e.jdt.internal.DownloadSourcesJob.downloadFilesAndPopulateToUpdate(DownloadSourcesJob.java:220)
	at org.eclipse.m2e.jdt.internal.DownloadSourcesJob.lambda$0(DownloadSourcesJob.java:149)
	at org.eclipse.m2e.core.internal.embedder.MavenExecutionContext.executeBare(MavenExecutionContext.java:458)
	at org.eclipse.m2e.core.internal.embedder.MavenExecutionContext.execute(MavenExecutionContext.java:339)
	at org.eclipse.m2e.core.internal.embedder.MavenExecutionContext.execute(MavenExecutionContext.java:278)
	at org.eclipse.m2e.core.embedder.IMaven.execute(IMaven.java:300)
	at org.eclipse.m2e.jdt.internal.DownloadSourcesJob.run(DownloadSourcesJob.java:149)
	at org.eclipse.core.internal.jobs.Worker.run(Worker.java:63)
2025-03-19 12:40:31,862 [Worker-62: Download sources and javadoc] INFO  o.e.m.c.i.e.AbstractTransferListenerAdapter - Downloading https://repo.maven.apache.org/maven2/com/google/guava/guava/14.0.1/guava-14.0.1-sources.jar
2025-03-19 12:40:32,026 [Worker-62: Download sources and javadoc] INFO  o.e.m.c.i.e.AbstractTransferListenerAdapter - Downloaded https://repo.maven.apache.org/maven2/com/google/guava/guava/14.0.1/guava-14.0.1-sources.jar
2025-03-19 12:40:32,125 [Worker-62: Download sources and javadoc] INFO  o.e.m.j.internal.DownloadSourcesJob - Downloaded sources for com.google.guava:guava:14.0.1
2025-03-19 12:40:32,235 [Worker-62: Download sources and javadoc] INFO  o.e.m.c.i.e.AbstractTransferListenerAdapter - Downloading https://repo.maven.apache.org/maven2/com/google/errorprone/error_prone_annotations/2.27.0/error_prone_annotations-2.27.0-sources.jar
2025-03-19 12:40:32,254 [Worker-62: Download sources and javadoc] INFO  o.e.m.c.i.e.AbstractTransferListenerAdapter - Downloaded https://repo.maven.apache.org/maven2/com/google/errorprone/error_prone_annotations/2.27.0/error_prone_annotations-2.27.0-sources.jar
2025-03-19 12:40:32,259 [Worker-62: Download sources and javadoc] INFO  o.e.m.j.internal.DownloadSourcesJob - Downloaded sources for com.google.errorprone:error_prone_annotations:2.27.0
2025-03-19 12:40:32,407 [Worker-60: Import Getting Started Content] INFO  o.e.m.j.i.AbstractJavaProjectConfigurator - Adding source folder /SimpleDiscoveryClient/src/main/java
2025-03-19 12:40:32,408 [Worker-60: Import Getting Started Content] INFO  o.e.m.j.i.AbstractJavaProjectConfigurator - Adding resource folder /SimpleDiscoveryClient/src/main/resources
2025-03-19 12:40:32,409 [Worker-60: Import Getting Started Content] INFO  o.e.m.j.i.AbstractJavaProjectConfigurator - Adding resource folder /SimpleDiscoveryClient/src/main/resources
2025-03-19 12:40:32,410 [Worker-60: Import Getting Started Content] INFO  o.e.m.j.i.AbstractJavaProjectConfigurator - Adding source folder /SimpleDiscoveryClient/src/test/java
2025-03-19 12:40:32,411 [Worker-60: Import Getting Started Content] INFO  o.e.m.j.i.AbstractJavaProjectConfigurator - Adding resource folder /SimpleDiscoveryClient/src/test/resources
2025-03-19 12:40:32,773 [Worker-60: Import Getting Started Content] INFO  o.e.m.c.i.p.ProjectConfigurationManager - Update completed for 1 poms: local refresh takes 0.00 sec, refresh facades takes 1.00 sec, update config takes 0.00 sec 
2025-03-19 12:40:33,773 [Worker-62: Building] INFO  o.a.m.s.f.DefaultMavenResourcesFiltering - Copying 1 resource from src\main\resources to target\classes
2025-03-19 12:40:33,803 [Worker-62: Building] INFO  o.a.m.s.f.DefaultMavenResourcesFiltering - Copying 0 resource from src\main\resources to target\classes
2025-03-19 12:40:33,811 [Worker-62: Building] INFO  o.a.m.s.f.DefaultMavenResourcesFiltering - skip non existing resourceDirectory C:\Users\prasa\eclipse-workspace\Micoservice-eclipse-workspace\SimpleDiscoveryClient\src\test\resources
2025-03-19 12:41:49,331 [Worker-61: Building] INFO  o.a.m.s.f.DefaultMavenResourcesFiltering - Copying 1 resource from src\main\resources to target\classes
2025-03-19 12:41:49,347 [Worker-61: Building] INFO  o.a.m.s.f.DefaultMavenResourcesFiltering - Copying 0 resource from src\main\resources to target\classes
2025-03-19 12:41:49,350 [Worker-61: Building] INFO  o.a.m.s.f.DefaultMavenResourcesFiltering - skip non existing resourceDirectory C:\Users\prasa\eclipse-workspace\Micoservice-eclipse-workspace\SimpleDiscoveryClient\src\test\resources
2025-03-19 12:42:10,570 [Worker-58: Building] INFO  o.a.m.s.f.DefaultMavenResourcesFiltering - Copying 1 resource from src\main\resources to target\classes
2025-03-19 12:42:10,577 [Worker-58: Building] INFO  o.a.m.s.f.DefaultMavenResourcesFiltering - Copying 0 resource from src\main\resources to target\classes
2025-03-19 12:42:10,581 [Worker-58: Building] INFO  o.a.m.s.f.DefaultMavenResourcesFiltering - skip non existing resourceDirectory C:\Users\prasa\eclipse-workspace\Micoservice-eclipse-workspace\SimpleDiscoveryClient\src\test\resources
2025-03-19 12:42:55,847 [Worker-64: Building] INFO  o.a.m.s.f.DefaultMavenResourcesFiltering - Copying 1 resource from src\main\resources to target\classes
2025-03-19 12:42:55,859 [Worker-64: Building] INFO  o.a.m.s.f.DefaultMavenResourcesFiltering - Copying 0 resource from src\main\resources to target\classes
2025-03-19 12:42:55,862 [Worker-64: Building] INFO  o.a.m.s.f.DefaultMavenResourcesFiltering - skip non existing resourceDirectory C:\Users\prasa\eclipse-workspace\Micoservice-eclipse-workspace\SimpleDiscoveryClient\src\test\resources
2025-03-19 12:44:43,431 [Worker-61: Building] INFO  o.a.m.s.f.DefaultMavenResourcesFiltering - Copying 1 resource from src\main\resources to target\classes
2025-03-19 12:44:43,438 [Worker-61: Building] INFO  o.a.m.s.f.DefaultMavenResourcesFiltering - Copying 0 resource from src\main\resources to target\classes
2025-03-19 12:44:43,441 [Worker-61: Building] INFO  o.a.m.s.f.DefaultMavenResourcesFiltering - skip non existing resourceDirectory C:\Users\prasa\eclipse-workspace\Micoservice-eclipse-workspace\SimpleDiscoveryClient\src\test\resources
2025-03-19 12:44:49,943 [Worker-59: Building] INFO  o.a.m.s.f.DefaultMavenResourcesFiltering - Copying 1 resource from src\main\resources to target\classes
2025-03-19 12:44:49,951 [Worker-59: Building] INFO  o.a.m.s.f.DefaultMavenResourcesFiltering - Copying 0 resource from src\main\resources to target\classes
2025-03-19 12:44:49,953 [Worker-59: Building] INFO  o.a.m.s.f.DefaultMavenResourcesFiltering - skip non existing resourceDirectory C:\Users\prasa\eclipse-workspace\Micoservice-eclipse-workspace\SimpleDiscoveryClient\src\test\resources
2025-03-19 12:45:32,318 [Worker-58: Download sources and javadoc] INFO  o.e.m.c.i.e.AbstractTransferListenerAdapter - Downloaded https://repo.maven.apache.org/maven2/org/springframework/cloud/spring-cloud-starter-netflix-eureka-client/4.2.0/spring-cloud-starter-netflix-eureka-client-4.2.0-javadoc.jar
2025-03-19 12:45:32,321 [Worker-58: Download sources and javadoc] ERROR o.e.m.j.internal.DownloadSourcesJob - Could not download javadoc for org.springframework.cloud:spring-cloud-starter-netflix-eureka-client:4.2.0
org.eclipse.core.runtime.CoreException: Could not resolve artifact org.springframework.cloud:spring-cloud-starter-netflix-eureka-client:jar:javadoc:4.2.0
	at org.eclipse.m2e.core.internal.embedder.MavenImpl.lambda$7(MavenImpl.java:540)
	at org.eclipse.m2e.core.internal.embedder.MavenExecutionContext.executeBare(MavenExecutionContext.java:458)
	at org.eclipse.m2e.core.internal.embedder.MavenExecutionContext.execute(MavenExecutionContext.java:292)
	at org.eclipse.m2e.core.internal.embedder.MavenExecutionContext.execute(MavenExecutionContext.java:278)
	at org.eclipse.m2e.core.internal.embedder.MavenImpl.resolve(MavenImpl.java:509)
	at org.eclipse.m2e.core.internal.embedder.MavenImpl.resolve(MavenImpl.java:494)
	at org.eclipse.m2e.jdt.internal.DownloadSourcesJob.download(DownloadSourcesJob.java:308)
	at org.eclipse.m2e.jdt.internal.DownloadSourcesJob.downloadAttachments(DownloadSourcesJob.java:294)
	at org.eclipse.m2e.jdt.internal.DownloadSourcesJob.downloadMaven(DownloadSourcesJob.java:252)
	at org.eclipse.m2e.jdt.internal.DownloadSourcesJob.downloadFilesAndPopulateToUpdate(DownloadSourcesJob.java:220)
	at org.eclipse.m2e.jdt.internal.DownloadSourcesJob.lambda$0(DownloadSourcesJob.java:149)
	at org.eclipse.m2e.core.internal.embedder.MavenExecutionContext.executeBare(MavenExecutionContext.java:458)
	at org.eclipse.m2e.core.internal.embedder.MavenExecutionContext.execute(MavenExecutionContext.java:339)
	at org.eclipse.m2e.core.internal.embedder.MavenExecutionContext.execute(MavenExecutionContext.java:278)
	at org.eclipse.m2e.core.embedder.IMaven.execute(IMaven.java:300)
	at org.eclipse.m2e.jdt.internal.DownloadSourcesJob.run(DownloadSourcesJob.java:149)
	at org.eclipse.core.internal.jobs.Worker.run(Worker.java:63)
2025-03-19 12:51:16,185 [Worker-61: Building] INFO  o.a.m.s.f.DefaultMavenResourcesFiltering - Copying 1 resource from src\main\resources to target\classes
2025-03-19 12:51:16,191 [Worker-61: Building] INFO  o.a.m.s.f.DefaultMavenResourcesFiltering - Copying 0 resource from src\main\resources to target\classes
2025-03-19 12:51:16,194 [Worker-61: Building] INFO  o.a.m.s.f.DefaultMavenResourcesFiltering - skip non existing resourceDirectory C:\Users\prasa\eclipse-workspace\Micoservice-eclipse-workspace\SimpleDiscoveryClient\src\test\resources
2025-03-19 12:56:09,688 [Worker-64: Building] INFO  o.a.m.s.f.DefaultMavenResourcesFiltering - Copying 1 resource from src\main\resources to target\classes
2025-03-19 12:56:09,697 [Worker-64: Building] INFO  o.a.m.s.f.DefaultMavenResourcesFiltering - Copying 0 resource from src\main\resources to target\classes
2025-03-19 12:56:09,699 [Worker-64: Building] INFO  o.a.m.s.f.DefaultMavenResourcesFiltering - skip non existing resourceDirectory C:\Users\prasa\eclipse-workspace\Micoservice-eclipse-workspace\SimpleDiscoveryClient\src\test\resources
2025-03-19 17:41:46,508 [Worker-86: Import Getting Started Content] INFO  o.e.m.c.i.l.LifecycleMappingFactory - Using org.eclipse.m2e.jdt.JarLifecycleMapping lifecycle mapping for MavenProject: com.example:client:0.0.1-SNAPSHOT @ C:\Users\prasa\eclipse-workspace\Micoservice-eclipse-workspace\MSItnerCommunication\pom.xml.
2025-03-19 17:41:47,886 [Worker-86: Import Getting Started Content] INFO  o.e.m.j.i.AbstractJavaProjectConfigurator - Adding source folder /MSItnerCommunication/src/main/java
2025-03-19 17:41:47,887 [Worker-86: Import Getting Started Content] INFO  o.e.m.j.i.AbstractJavaProjectConfigurator - Adding resource folder /MSItnerCommunication/src/main/resources
2025-03-19 17:41:47,891 [Worker-86: Import Getting Started Content] INFO  o.e.m.j.i.AbstractJavaProjectConfigurator - Adding resource folder /MSItnerCommunication/src/main/resources
2025-03-19 17:41:47,895 [Worker-86: Import Getting Started Content] INFO  o.e.m.j.i.AbstractJavaProjectConfigurator - Adding source folder /MSItnerCommunication/src/test/java
2025-03-19 17:41:47,896 [Worker-86: Import Getting Started Content] INFO  o.e.m.j.i.AbstractJavaProjectConfigurator - Adding resource folder /MSItnerCommunication/src/test/resources
2025-03-19 17:41:48,347 [Worker-86: Import Getting Started Content] INFO  o.e.m.c.i.p.ProjectConfigurationManager - Imported and configured 1 project(s) in 2 sec
2025-03-19 17:41:48,350 [Worker-86: Import Getting Started Content] INFO  o.e.m.c.i.p.ProjectConfigurationManager - Update started
2025-03-19 17:41:48,800 [Worker-86: Import Getting Started Content] INFO  o.e.m.c.i.l.LifecycleMappingFactory - Using org.eclipse.m2e.jdt.JarLifecycleMapping lifecycle mapping for MavenProject: com.example:client:0.0.1-SNAPSHOT @ C:\Users\prasa\eclipse-workspace\Micoservice-eclipse-workspace\MSItnerCommunication\pom.xml.
2025-03-19 17:41:50,137 [Worker-86: Import Getting Started Content] INFO  o.e.m.j.i.AbstractJavaProjectConfigurator - Adding source folder /MSItnerCommunication/src/main/java
2025-03-19 17:41:50,139 [Worker-86: Import Getting Started Content] INFO  o.e.m.j.i.AbstractJavaProjectConfigurator - Adding resource folder /MSItnerCommunication/src/main/resources
2025-03-19 17:41:50,139 [Worker-86: Import Getting Started Content] INFO  o.e.m.j.i.AbstractJavaProjectConfigurator - Adding resource folder /MSItnerCommunication/src/main/resources
2025-03-19 17:41:50,140 [Worker-86: Import Getting Started Content] INFO  o.e.m.j.i.AbstractJavaProjectConfigurator - Adding source folder /MSItnerCommunication/src/test/java
2025-03-19 17:41:50,141 [Worker-86: Import Getting Started Content] INFO  o.e.m.j.i.AbstractJavaProjectConfigurator - Adding resource folder /MSItnerCommunication/src/test/resources
2025-03-19 17:41:50,493 [Worker-86: Import Getting Started Content] INFO  o.e.m.c.i.p.ProjectConfigurationManager - Update completed for 1 poms: local refresh takes 0.00 sec, refresh facades takes 1.00 sec, update config takes 0.00 sec 
2025-03-19 17:41:50,888 [Worker-88: Building] INFO  o.a.m.s.f.DefaultMavenResourcesFiltering - Copying 1 resource from src\main\resources to target\classes
2025-03-19 17:41:50,902 [Worker-88: Building] INFO  o.a.m.s.f.DefaultMavenResourcesFiltering - Copying 0 resource from src\main\resources to target\classes
2025-03-19 17:41:50,907 [Worker-88: Building] INFO  o.a.m.s.f.DefaultMavenResourcesFiltering - skip non existing resourceDirectory C:\Users\prasa\eclipse-workspace\Micoservice-eclipse-workspace\MSItnerCommunication\src\test\resources
2025-03-19 17:42:24,124 [Worker-92: Building] INFO  o.a.m.s.f.DefaultMavenResourcesFiltering - Copying 1 resource from src\main\resources to target\classes
2025-03-19 17:42:24,133 [Worker-92: Building] INFO  o.a.m.s.f.DefaultMavenResourcesFiltering - Copying 0 resource from src\main\resources to target\classes
2025-03-19 17:42:24,136 [Worker-92: Building] INFO  o.a.m.s.f.DefaultMavenResourcesFiltering - skip non existing resourceDirectory C:\Users\prasa\eclipse-workspace\Micoservice-eclipse-workspace\MSItnerCommunication\src\test\resources
2025-03-19 17:42:40,833 [Worker-86: Building] INFO  o.a.m.s.f.DefaultMavenResourcesFiltering - Copying 1 resource from src\main\resources to target\classes
2025-03-19 17:42:40,845 [Worker-86: Building] INFO  o.a.m.s.f.DefaultMavenResourcesFiltering - Copying 0 resource from src\main\resources to target\classes
2025-03-19 17:42:40,848 [Worker-86: Building] INFO  o.a.m.s.f.DefaultMavenResourcesFiltering - skip non existing resourceDirectory C:\Users\prasa\eclipse-workspace\Micoservice-eclipse-workspace\MSItnerCommunication\src\test\resources
2025-03-19 17:43:08,162 [Worker-90: Building] INFO  o.a.m.s.f.DefaultMavenResourcesFiltering - Copying 1 resource from src\main\resources to target\classes
2025-03-19 17:43:08,169 [Worker-90: Building] INFO  o.a.m.s.f.DefaultMavenResourcesFiltering - Copying 0 resource from src\main\resources to target\classes
2025-03-19 17:43:08,172 [Worker-90: Building] INFO  o.a.m.s.f.DefaultMavenResourcesFiltering - skip non existing resourceDirectory C:\Users\prasa\eclipse-workspace\Micoservice-eclipse-workspace\MSItnerCommunication\src\test\resources
2025-03-19 17:44:43,296 [Worker-92: Building] INFO  o.a.m.s.f.DefaultMavenResourcesFiltering - Copying 1 resource from src\main\resources to target\classes
2025-03-19 17:44:43,304 [Worker-92: Building] INFO  o.a.m.s.f.DefaultMavenResourcesFiltering - Copying 0 resource from src\main\resources to target\classes
2025-03-19 17:44:43,306 [Worker-92: Building] INFO  o.a.m.s.f.DefaultMavenResourcesFiltering - skip non existing resourceDirectory C:\Users\prasa\eclipse-workspace\Micoservice-eclipse-workspace\MSItnerCommunication\src\test\resources
2025-03-19 17:51:58,653 [Worker-91: Building] INFO  o.a.m.s.f.DefaultMavenResourcesFiltering - Copying 1 resource from src\main\resources to target\classes
2025-03-19 17:51:58,661 [Worker-91: Building] INFO  o.a.m.s.f.DefaultMavenResourcesFiltering - Copying 0 resource from src\main\resources to target\classes
2025-03-19 17:51:58,664 [Worker-91: Building] INFO  o.a.m.s.f.DefaultMavenResourcesFiltering - skip non existing resourceDirectory C:\Users\prasa\eclipse-workspace\Micoservice-eclipse-workspace\MSItnerCommunication\src\test\resources
2025-03-19 17:52:14,427 [Worker-89: Building] INFO  o.a.m.s.f.DefaultMavenResourcesFiltering - Copying 1 resource from src\main\resources to target\classes
2025-03-19 17:52:14,433 [Worker-89: Building] INFO  o.a.m.s.f.DefaultMavenResourcesFiltering - Copying 0 resource from src\main\resources to target\classes
2025-03-19 17:52:14,435 [Worker-89: Building] INFO  o.a.m.s.f.DefaultMavenResourcesFiltering - skip non existing resourceDirectory C:\Users\prasa\eclipse-workspace\Micoservice-eclipse-workspace\MSItnerCommunication\src\test\resources
2025-03-19 17:52:44,852 [Worker-86: Building] INFO  o.a.m.s.f.DefaultMavenResourcesFiltering - Copying 1 resource from src\main\resources to target\classes
2025-03-19 17:52:44,858 [Worker-86: Building] INFO  o.a.m.s.f.DefaultMavenResourcesFiltering - Copying 0 resource from src\main\resources to target\classes
2025-03-19 17:52:44,862 [Worker-86: Building] INFO  o.a.m.s.f.DefaultMavenResourcesFiltering - skip non existing resourceDirectory C:\Users\prasa\eclipse-workspace\Micoservice-eclipse-workspace\MSItnerCommunication\src\test\resources
2025-03-20 23:13:17,758 [Worker-7: Loading available Gradle versions] INFO  o.e.b.c.i.u.g.PublishedGradleVersions - Gradle version information cache is out-of-date. Trying to update.
2025-03-20 23:27:33,933 [Worker-46: Building] INFO  o.a.m.s.f.DefaultMavenResourcesFiltering - Copying 1 resource from src\main\resources to target\classes
2025-03-20 23:27:33,954 [Worker-46: Building] INFO  o.a.m.s.f.DefaultMavenResourcesFiltering - Copying 0 resource from src\main\resources to target\classes
2025-03-20 23:27:33,961 [Worker-46: Building] INFO  o.a.m.s.f.DefaultMavenResourcesFiltering - skip non existing resourceDirectory C:\Users\prasa\eclipse-workspace\Micoservice-eclipse-workspace\MSItnerCommunication\src\test\resources
2025-03-20 23:27:35,726 [Worker-46: Building] INFO  o.a.m.s.f.DefaultMavenResourcesFiltering - Copying 1 resource from src\main\resources to target\classes
2025-03-20 23:27:35,740 [Worker-46: Building] INFO  o.a.m.s.f.DefaultMavenResourcesFiltering - Copying 0 resource from src\main\resources to target\classes
2025-03-20 23:27:35,745 [Worker-46: Building] INFO  o.a.m.s.f.DefaultMavenResourcesFiltering - skip non existing resourceDirectory C:\Users\prasa\eclipse-workspace\Micoservice-eclipse-workspace\SimpleDiscoveryClient\src\test\resources
2025-03-20 23:27:37,473 [Worker-46: Building] INFO  o.a.m.s.f.DefaultMavenResourcesFiltering - Copying 1 resource from src\main\resources to target\classes
2025-03-20 23:27:37,502 [Worker-46: Building] INFO  o.a.m.s.f.DefaultMavenResourcesFiltering - Copying 0 resource from src\main\resources to target\classes
2025-03-20 23:27:37,508 [Worker-46: Building] INFO  o.a.m.s.f.DefaultMavenResourcesFiltering - skip non existing resourceDirectory C:\Users\prasa\eclipse-workspace\Micoservice-eclipse-workspace\SpringCloudEurekaServer\src\test\resources
2025-03-20 23:28:12,767 [Worker-46: Import Getting Started Content] INFO  o.e.m.c.i.e.AbstractTransferListenerAdapter - Downloading https://repo.maven.apache.org/maven2/org/springframework/cloud/spring-cloud-dependencies/2024.0.1/spring-cloud-dependencies-2024.0.1.pom
2025-03-20 23:28:12,800 [Worker-46: Import Getting Started Content] INFO  o.e.m.c.i.e.AbstractTransferListenerAdapter - Downloaded https://repo.maven.apache.org/maven2/org/springframework/cloud/spring-cloud-dependencies/2024.0.1/spring-cloud-dependencies-2024.0.1.pom
2025-03-20 23:28:12,840 [Worker-46: Import Getting Started Content] INFO  o.e.m.c.i.e.AbstractTransferListenerAdapter - Downloading https://repo.maven.apache.org/maven2/org/springframework/cloud/spring-cloud-dependencies-parent/4.2.1/spring-cloud-dependencies-parent-4.2.1.pom
2025-03-20 23:28:12,850 [Worker-46: Import Getting Started Content] INFO  o.e.m.c.i.e.AbstractTransferListenerAdapter - Downloaded https://repo.maven.apache.org/maven2/org/springframework/cloud/spring-cloud-dependencies-parent/4.2.1/spring-cloud-dependencies-parent-4.2.1.pom
2025-03-20 23:28:12,887 [Worker-46: Import Getting Started Content] INFO  o.e.m.c.i.e.AbstractTransferListenerAdapter - Downloading https://repo.maven.apache.org/maven2/org/springframework/cloud/spring-cloud-commons-dependencies/4.2.1/spring-cloud-commons-dependencies-4.2.1.pom
2025-03-20 23:28:12,894 [Worker-46: Import Getting Started Content] INFO  o.e.m.c.i.e.AbstractTransferListenerAdapter - Downloaded https://repo.maven.apache.org/maven2/org/springframework/cloud/spring-cloud-commons-dependencies/4.2.1/spring-cloud-commons-dependencies-4.2.1.pom
2025-03-20 23:28:12,931 [Worker-46: Import Getting Started Content] INFO  o.e.m.c.i.e.AbstractTransferListenerAdapter - Downloading https://repo.maven.apache.org/maven2/org/springframework/cloud/spring-cloud-netflix-dependencies/4.2.1/spring-cloud-netflix-dependencies-4.2.1.pom
2025-03-20 23:28:12,940 [Worker-46: Import Getting Started Content] INFO  o.e.m.c.i.e.AbstractTransferListenerAdapter - Downloaded https://repo.maven.apache.org/maven2/org/springframework/cloud/spring-cloud-netflix-dependencies/4.2.1/spring-cloud-netflix-dependencies-4.2.1.pom
2025-03-20 23:28:12,975 [Worker-46: Import Getting Started Content] INFO  o.e.m.c.i.e.AbstractTransferListenerAdapter - Downloading https://repo.maven.apache.org/maven2/org/springframework/cloud/spring-cloud-stream-dependencies/4.2.1/spring-cloud-stream-dependencies-4.2.1.pom
2025-03-20 23:28:12,987 [Worker-46: Import Getting Started Content] INFO  o.e.m.c.i.e.AbstractTransferListenerAdapter - Downloaded https://repo.maven.apache.org/maven2/org/springframework/cloud/spring-cloud-stream-dependencies/4.2.1/spring-cloud-stream-dependencies-4.2.1.pom
2025-03-20 23:28:13,023 [Worker-46: Import Getting Started Content] INFO  o.e.m.c.i.e.AbstractTransferListenerAdapter - Downloading https://repo.maven.apache.org/maven2/org/springframework/cloud/spring-cloud-task-dependencies/3.2.1/spring-cloud-task-dependencies-3.2.1.pom
2025-03-20 23:28:13,031 [Worker-46: Import Getting Started Content] INFO  o.e.m.c.i.e.AbstractTransferListenerAdapter - Downloaded https://repo.maven.apache.org/maven2/org/springframework/cloud/spring-cloud-task-dependencies/3.2.1/spring-cloud-task-dependencies-3.2.1.pom
2025-03-20 23:28:13,065 [Worker-46: Import Getting Started Content] INFO  o.e.m.c.i.e.AbstractTransferListenerAdapter - Downloading https://repo.maven.apache.org/maven2/org/springframework/cloud/spring-cloud-circuitbreaker-dependencies/3.2.1/spring-cloud-circuitbreaker-dependencies-3.2.1.pom
2025-03-20 23:28:13,073 [Worker-46: Import Getting Started Content] INFO  o.e.m.c.i.e.AbstractTransferListenerAdapter - Downloaded https://repo.maven.apache.org/maven2/org/springframework/cloud/spring-cloud-circuitbreaker-dependencies/3.2.1/spring-cloud-circuitbreaker-dependencies-3.2.1.pom
2025-03-20 23:28:13,111 [Worker-46: Import Getting Started Content] INFO  o.e.m.c.i.e.AbstractTransferListenerAdapter - Downloading https://repo.maven.apache.org/maven2/org/springframework/cloud/spring-cloud-config-dependencies/4.2.1/spring-cloud-config-dependencies-4.2.1.pom
2025-03-20 23:28:13,119 [Worker-46: Import Getting Started Content] INFO  o.e.m.c.i.e.AbstractTransferListenerAdapter - Downloaded https://repo.maven.apache.org/maven2/org/springframework/cloud/spring-cloud-config-dependencies/4.2.1/spring-cloud-config-dependencies-4.2.1.pom
2025-03-20 23:28:13,154 [Worker-46: Import Getting Started Content] INFO  o.e.m.c.i.e.AbstractTransferListenerAdapter - Downloading https://repo.maven.apache.org/maven2/org/springframework/cloud/spring-cloud-function-dependencies/4.2.2/spring-cloud-function-dependencies-4.2.2.pom
2025-03-20 23:28:13,162 [Worker-46: Import Getting Started Content] INFO  o.e.m.c.i.e.AbstractTransferListenerAdapter - Downloaded https://repo.maven.apache.org/maven2/org/springframework/cloud/spring-cloud-function-dependencies/4.2.2/spring-cloud-function-dependencies-4.2.2.pom
2025-03-20 23:28:13,202 [Worker-46: Import Getting Started Content] INFO  o.e.m.c.i.e.AbstractTransferListenerAdapter - Downloading https://repo.maven.apache.org/maven2/org/springframework/cloud/spring-cloud-gateway-dependencies/4.2.1/spring-cloud-gateway-dependencies-4.2.1.pom
2025-03-20 23:28:13,212 [Worker-46: Import Getting Started Content] INFO  o.e.m.c.i.e.AbstractTransferListenerAdapter - Downloaded https://repo.maven.apache.org/maven2/org/springframework/cloud/spring-cloud-gateway-dependencies/4.2.1/spring-cloud-gateway-dependencies-4.2.1.pom
2025-03-20 23:28:13,258 [Worker-46: Import Getting Started Content] INFO  o.e.m.c.i.e.AbstractTransferListenerAdapter - Downloading https://repo.maven.apache.org/maven2/org/springframework/cloud/spring-cloud-consul-dependencies/4.2.1/spring-cloud-consul-dependencies-4.2.1.pom
2025-03-20 23:28:13,266 [Worker-46: Import Getting Started Content] INFO  o.e.m.c.i.e.AbstractTransferListenerAdapter - Downloaded https://repo.maven.apache.org/maven2/org/springframework/cloud/spring-cloud-consul-dependencies/4.2.1/spring-cloud-consul-dependencies-4.2.1.pom
2025-03-20 23:28:13,302 [Worker-46: Import Getting Started Content] INFO  o.e.m.c.i.e.AbstractTransferListenerAdapter - Downloading https://repo.maven.apache.org/maven2/org/springframework/cloud/spring-cloud-vault-dependencies/4.2.1/spring-cloud-vault-dependencies-4.2.1.pom
2025-03-20 23:28:13,310 [Worker-46: Import Getting Started Content] INFO  o.e.m.c.i.e.AbstractTransferListenerAdapter - Downloaded https://repo.maven.apache.org/maven2/org/springframework/cloud/spring-cloud-vault-dependencies/4.2.1/spring-cloud-vault-dependencies-4.2.1.pom
2025-03-20 23:28:13,346 [Worker-46: Import Getting Started Content] INFO  o.e.m.c.i.e.AbstractTransferListenerAdapter - Downloading https://repo.maven.apache.org/maven2/org/springframework/cloud/spring-cloud-zookeeper-dependencies/4.2.1/spring-cloud-zookeeper-dependencies-4.2.1.pom
2025-03-20 23:28:13,354 [Worker-46: Import Getting Started Content] INFO  o.e.m.c.i.e.AbstractTransferListenerAdapter - Downloaded https://repo.maven.apache.org/maven2/org/springframework/cloud/spring-cloud-zookeeper-dependencies/4.2.1/spring-cloud-zookeeper-dependencies-4.2.1.pom
2025-03-20 23:28:13,391 [Worker-46: Import Getting Started Content] INFO  o.e.m.c.i.e.AbstractTransferListenerAdapter - Downloading https://repo.maven.apache.org/maven2/org/springframework/cloud/spring-cloud-bus-dependencies/4.2.1/spring-cloud-bus-dependencies-4.2.1.pom
2025-03-20 23:28:13,398 [Worker-46: Import Getting Started Content] INFO  o.e.m.c.i.e.AbstractTransferListenerAdapter - Downloaded https://repo.maven.apache.org/maven2/org/springframework/cloud/spring-cloud-bus-dependencies/4.2.1/spring-cloud-bus-dependencies-4.2.1.pom
2025-03-20 23:28:13,440 [Worker-46: Import Getting Started Content] INFO  o.e.m.c.i.e.AbstractTransferListenerAdapter - Downloading https://repo.maven.apache.org/maven2/org/springframework/cloud/spring-cloud-contract-dependencies/4.2.1/spring-cloud-contract-dependencies-4.2.1.pom
2025-03-20 23:28:13,449 [Worker-46: Import Getting Started Content] INFO  o.e.m.c.i.e.AbstractTransferListenerAdapter - Downloaded https://repo.maven.apache.org/maven2/org/springframework/cloud/spring-cloud-contract-dependencies/4.2.1/spring-cloud-contract-dependencies-4.2.1.pom
2025-03-20 23:28:13,485 [Worker-46: Import Getting Started Content] INFO  o.e.m.c.i.e.AbstractTransferListenerAdapter - Downloading https://repo.maven.apache.org/maven2/org/springframework/cloud/spring-cloud-openfeign-dependencies/4.2.1/spring-cloud-openfeign-dependencies-4.2.1.pom
2025-03-20 23:28:13,493 [Worker-46: Import Getting Started Content] INFO  o.e.m.c.i.e.AbstractTransferListenerAdapter - Downloaded https://repo.maven.apache.org/maven2/org/springframework/cloud/spring-cloud-openfeign-dependencies/4.2.1/spring-cloud-openfeign-dependencies-4.2.1.pom
2025-03-20 23:28:13,530 [Worker-46: Import Getting Started Content] INFO  o.e.m.c.i.e.AbstractTransferListenerAdapter - Downloading https://repo.maven.apache.org/maven2/org/springframework/cloud/spring-cloud-kubernetes-dependencies/3.2.1/spring-cloud-kubernetes-dependencies-3.2.1.pom
2025-03-20 23:28:13,540 [Worker-46: Import Getting Started Content] INFO  o.e.m.c.i.e.AbstractTransferListenerAdapter - Downloaded https://repo.maven.apache.org/maven2/org/springframework/cloud/spring-cloud-kubernetes-dependencies/3.2.1/spring-cloud-kubernetes-dependencies-3.2.1.pom
2025-03-20 23:28:13,574 [Worker-46: Import Getting Started Content] INFO  o.e.m.c.i.e.AbstractTransferListenerAdapter - Downloading https://repo.maven.apache.org/maven2/io/fabric8/kubernetes-client-bom/6.13.5/kubernetes-client-bom-6.13.5.pom
2025-03-20 23:28:13,595 [Worker-46: Import Getting Started Content] INFO  o.e.m.c.i.e.AbstractTransferListenerAdapter - Downloaded https://repo.maven.apache.org/maven2/io/fabric8/kubernetes-client-bom/6.13.5/kubernetes-client-bom-6.13.5.pom
2025-03-20 23:28:16,132 [Worker-46: Import Getting Started Content] INFO  o.e.m.c.i.l.LifecycleMappingFactory - Using org.eclipse.m2e.jdt.JarLifecycleMapping lifecycle mapping for MavenProject: com.example:SimpleLoadBalancerClient:0.0.1-SNAPSHOT @ C:\Users\prasa\eclipse-workspace\Micoservice-eclipse-workspace\SimpleLoadBalancerClient\pom.xml.
2025-03-20 23:28:16,318 [Worker-46: Import Getting Started Content] INFO  o.e.m.c.i.e.AbstractTransferListenerAdapter - Downloading https://repo.maven.apache.org/maven2/org/springframework/cloud/spring-cloud-starter-netflix-eureka-client/4.2.1/spring-cloud-starter-netflix-eureka-client-4.2.1.pom
2025-03-20 23:28:16,325 [Worker-46: Import Getting Started Content] INFO  o.e.m.c.i.e.AbstractTransferListenerAdapter - Downloaded https://repo.maven.apache.org/maven2/org/springframework/cloud/spring-cloud-starter-netflix-eureka-client/4.2.1/spring-cloud-starter-netflix-eureka-client-4.2.1.pom
2025-03-20 23:28:16,359 [Worker-46: Import Getting Started Content] INFO  o.e.m.c.i.e.AbstractTransferListenerAdapter - Downloading https://repo.maven.apache.org/maven2/org/springframework/cloud/spring-cloud-netflix/4.2.1/spring-cloud-netflix-4.2.1.pom
2025-03-20 23:28:16,364 [Worker-46: Import Getting Started Content] INFO  o.e.m.c.i.e.AbstractTransferListenerAdapter - Downloaded https://repo.maven.apache.org/maven2/org/springframework/cloud/spring-cloud-netflix/4.2.1/spring-cloud-netflix-4.2.1.pom
2025-03-20 23:28:16,397 [Worker-46: Import Getting Started Content] INFO  o.e.m.c.i.e.AbstractTransferListenerAdapter - Downloading https://repo.maven.apache.org/maven2/org/springframework/cloud/spring-cloud-build/4.2.1/spring-cloud-build-4.2.1.pom
2025-03-20 23:28:16,409 [Worker-46: Import Getting Started Content] INFO  o.e.m.c.i.e.AbstractTransferListenerAdapter - Downloaded https://repo.maven.apache.org/maven2/org/springframework/cloud/spring-cloud-build/4.2.1/spring-cloud-build-4.2.1.pom
2025-03-20 23:28:16,448 [Worker-46: Import Getting Started Content] INFO  o.e.m.c.i.e.AbstractTransferListenerAdapter - Downloading https://repo.maven.apache.org/maven2/org/springframework/cloud/spring-cloud-build-dependencies/4.2.1/spring-cloud-build-dependencies-4.2.1.pom
2025-03-20 23:28:16,455 [Worker-46: Import Getting Started Content] INFO  o.e.m.c.i.e.AbstractTransferListenerAdapter - Downloaded https://repo.maven.apache.org/maven2/org/springframework/cloud/spring-cloud-build-dependencies/4.2.1/spring-cloud-build-dependencies-4.2.1.pom
2025-03-20 23:28:16,609 [Worker-46: Import Getting Started Content] INFO  o.e.m.c.i.e.AbstractTransferListenerAdapter - Downloading https://repo.maven.apache.org/maven2/org/springframework/cloud/spring-cloud-starter/4.2.1/spring-cloud-starter-4.2.1.pom
2025-03-20 23:28:16,616 [Worker-46: Import Getting Started Content] INFO  o.e.m.c.i.e.AbstractTransferListenerAdapter - Downloaded https://repo.maven.apache.org/maven2/org/springframework/cloud/spring-cloud-starter/4.2.1/spring-cloud-starter-4.2.1.pom
2025-03-20 23:28:16,651 [Worker-46: Import Getting Started Content] INFO  o.e.m.c.i.e.AbstractTransferListenerAdapter - Downloading https://repo.maven.apache.org/maven2/org/springframework/cloud/spring-cloud-commons-parent/4.2.1/spring-cloud-commons-parent-4.2.1.pom
2025-03-20 23:28:16,658 [Worker-46: Import Getting Started Content] INFO  o.e.m.c.i.e.AbstractTransferListenerAdapter - Downloaded https://repo.maven.apache.org/maven2/org/springframework/cloud/spring-cloud-commons-parent/4.2.1/spring-cloud-commons-parent-4.2.1.pom
2025-03-20 23:28:16,692 [Worker-46: Import Getting Started Content] INFO  o.e.m.c.i.e.AbstractTransferListenerAdapter - Downloading https://repo.maven.apache.org/maven2/org/springframework/cloud/spring-cloud-context/4.2.1/spring-cloud-context-4.2.1.pom
2025-03-20 23:28:16,699 [Worker-46: Import Getting Started Content] INFO  o.e.m.c.i.e.AbstractTransferListenerAdapter - Downloaded https://repo.maven.apache.org/maven2/org/springframework/cloud/spring-cloud-context/4.2.1/spring-cloud-context-4.2.1.pom
2025-03-20 23:28:16,738 [Worker-46: Import Getting Started Content] INFO  o.e.m.c.i.e.AbstractTransferListenerAdapter - Downloading https://repo.maven.apache.org/maven2/org/springframework/cloud/spring-cloud-commons/4.2.1/spring-cloud-commons-4.2.1.pom
2025-03-20 23:28:16,745 [Worker-46: Import Getting Started Content] INFO  o.e.m.c.i.e.AbstractTransferListenerAdapter - Downloaded https://repo.maven.apache.org/maven2/org/springframework/cloud/spring-cloud-commons/4.2.1/spring-cloud-commons-4.2.1.pom
2025-03-20 23:28:16,780 [Worker-46: Import Getting Started Content] INFO  o.e.m.c.i.e.AbstractTransferListenerAdapter - Downloading https://repo.maven.apache.org/maven2/org/springframework/cloud/spring-cloud-netflix-eureka-client/4.2.1/spring-cloud-netflix-eureka-client-4.2.1.pom
2025-03-20 23:28:16,787 [Worker-46: Import Getting Started Content] INFO  o.e.m.c.i.e.AbstractTransferListenerAdapter - Downloaded https://repo.maven.apache.org/maven2/org/springframework/cloud/spring-cloud-netflix-eureka-client/4.2.1/spring-cloud-netflix-eureka-client-4.2.1.pom
2025-03-20 23:28:16,970 [Worker-46: Import Getting Started Content] INFO  o.e.m.c.i.e.AbstractTransferListenerAdapter - Downloading https://repo.maven.apache.org/maven2/org/springframework/cloud/spring-cloud-starter-loadbalancer/4.2.1/spring-cloud-starter-loadbalancer-4.2.1.pom
2025-03-20 23:28:16,976 [Worker-46: Import Getting Started Content] INFO  o.e.m.c.i.e.AbstractTransferListenerAdapter - Downloaded https://repo.maven.apache.org/maven2/org/springframework/cloud/spring-cloud-starter-loadbalancer/4.2.1/spring-cloud-starter-loadbalancer-4.2.1.pom
2025-03-20 23:28:17,011 [Worker-46: Import Getting Started Content] INFO  o.e.m.c.i.e.AbstractTransferListenerAdapter - Downloading https://repo.maven.apache.org/maven2/org/springframework/cloud/spring-cloud-loadbalancer/4.2.1/spring-cloud-loadbalancer-4.2.1.pom
2025-03-20 23:28:17,017 [Worker-46: Import Getting Started Content] INFO  o.e.m.c.i.e.AbstractTransferListenerAdapter - Downloaded https://repo.maven.apache.org/maven2/org/springframework/cloud/spring-cloud-loadbalancer/4.2.1/spring-cloud-loadbalancer-4.2.1.pom
2025-03-20 23:28:17,362 [Worker-46: Import Getting Started Content] INFO  o.e.m.c.i.e.AbstractTransferListenerAdapter - Downloading https://repo.maven.apache.org/maven2/org/springframework/cloud/spring-cloud-starter-netflix-eureka-client/4.2.1/spring-cloud-starter-netflix-eureka-client-4.2.1.jar
2025-03-20 23:28:17,368 [Worker-46: Import Getting Started Content] INFO  o.e.m.c.i.e.AbstractTransferListenerAdapter - Downloaded https://repo.maven.apache.org/maven2/org/springframework/cloud/spring-cloud-starter-netflix-eureka-client/4.2.1/spring-cloud-starter-netflix-eureka-client-4.2.1.jar
2025-03-20 23:28:17,397 [BasicRepositoryConnector-repo.maven.apache.org-0-0] INFO  o.e.m.c.i.e.AbstractTransferListenerAdapter - Downloading https://repo.maven.apache.org/maven2/org/springframework/cloud/spring-cloud-starter/4.2.1/spring-cloud-starter-4.2.1.jar
2025-03-20 23:28:17,406 [BasicRepositoryConnector-repo.maven.apache.org-0-0] INFO  o.e.m.c.i.e.AbstractTransferListenerAdapter - Downloaded https://repo.maven.apache.org/maven2/org/springframework/cloud/spring-cloud-starter/4.2.1/spring-cloud-starter-4.2.1.jar
2025-03-20 23:28:17,432 [BasicRepositoryConnector-repo.maven.apache.org-0-0] INFO  o.e.m.c.i.e.AbstractTransferListenerAdapter - Downloading https://repo.maven.apache.org/maven2/org/springframework/cloud/spring-cloud-loadbalancer/4.2.1/spring-cloud-loadbalancer-4.2.1.jar
2025-03-20 23:28:17,455 [BasicRepositoryConnector-repo.maven.apache.org-0-2] INFO  o.e.m.c.i.e.AbstractTransferListenerAdapter - Downloading https://repo.maven.apache.org/maven2/org/springframework/cloud/spring-cloud-commons/4.2.1/spring-cloud-commons-4.2.1.jar
2025-03-20 23:28:17,470 [BasicRepositoryConnector-repo.maven.apache.org-0-1] INFO  o.e.m.c.i.e.AbstractTransferListenerAdapter - Downloading https://repo.maven.apache.org/maven2/org/springframework/cloud/spring-cloud-context/4.2.1/spring-cloud-context-4.2.1.jar
2025-03-20 23:28:17,470 [BasicRepositoryConnector-repo.maven.apache.org-0-3] INFO  o.e.m.c.i.e.AbstractTransferListenerAdapter - Downloading https://repo.maven.apache.org/maven2/org/springframework/cloud/spring-cloud-netflix-eureka-client/4.2.1/spring-cloud-netflix-eureka-client-4.2.1.jar
2025-03-20 23:28:17,470 [BasicRepositoryConnector-repo.maven.apache.org-0-4] INFO  o.e.m.c.i.e.AbstractTransferListenerAdapter - Downloading https://repo.maven.apache.org/maven2/org/springframework/cloud/spring-cloud-starter-loadbalancer/4.2.1/spring-cloud-starter-loadbalancer-4.2.1.jar
2025-03-20 23:28:17,478 [BasicRepositoryConnector-repo.maven.apache.org-0-4] INFO  o.e.m.c.i.e.AbstractTransferListenerAdapter - Downloaded https://repo.maven.apache.org/maven2/org/springframework/cloud/spring-cloud-starter-loadbalancer/4.2.1/spring-cloud-starter-loadbalancer-4.2.1.jar
2025-03-20 23:28:17,479 [BasicRepositoryConnector-repo.maven.apache.org-0-0] INFO  o.e.m.c.i.e.AbstractTransferListenerAdapter - Downloaded https://repo.maven.apache.org/maven2/org/springframework/cloud/spring-cloud-loadbalancer/4.2.1/spring-cloud-loadbalancer-4.2.1.jar
2025-03-20 23:28:17,524 [BasicRepositoryConnector-repo.maven.apache.org-0-1] INFO  o.e.m.c.i.e.AbstractTransferListenerAdapter - Downloaded https://repo.maven.apache.org/maven2/org/springframework/cloud/spring-cloud-context/4.2.1/spring-cloud-context-4.2.1.jar
2025-03-20 23:28:17,524 [BasicRepositoryConnector-repo.maven.apache.org-0-3] INFO  o.e.m.c.i.e.AbstractTransferListenerAdapter - Downloaded https://repo.maven.apache.org/maven2/org/springframework/cloud/spring-cloud-netflix-eureka-client/4.2.1/spring-cloud-netflix-eureka-client-4.2.1.jar
2025-03-20 23:28:17,533 [BasicRepositoryConnector-repo.maven.apache.org-0-2] INFO  o.e.m.c.i.e.AbstractTransferListenerAdapter - Downloaded https://repo.maven.apache.org/maven2/org/springframework/cloud/spring-cloud-commons/4.2.1/spring-cloud-commons-4.2.1.jar
2025-03-20 23:28:17,628 [Worker-46: Import Getting Started Content] INFO  o.e.m.c.i.l.LifecycleMappingFactory - Using org.eclipse.m2e.jdt.JarLifecycleMapping lifecycle mapping for MavenProject: com.example:eureka:0.0.1-SNAPSHOT @ C:\Users\prasa\eclipse-workspace\Micoservice-eclipse-workspace\SpringCloudEurekaServer\pom.xml.
2025-03-20 23:28:18,127 [Worker-46: Import Getting Started Content] INFO  o.e.m.c.i.l.LifecycleMappingFactory - Using org.eclipse.m2e.jdt.JarLifecycleMapping lifecycle mapping for MavenProject: com.example:client:0.0.1-SNAPSHOT @ C:\Users\prasa\eclipse-workspace\Micoservice-eclipse-workspace\SimpleDiscoveryClient\pom.xml.
2025-03-20 23:28:18,326 [Worker-46: Import Getting Started Content] INFO  o.e.m.c.i.l.LifecycleMappingFactory - Using org.eclipse.m2e.jdt.JarLifecycleMapping lifecycle mapping for MavenProject: com.example:client:0.0.1-SNAPSHOT @ C:\Users\prasa\eclipse-workspace\Micoservice-eclipse-workspace\MSItnerCommunication\pom.xml.
2025-03-20 23:28:20,654 [Worker-46: Import Getting Started Content] INFO  o.e.m.j.i.AbstractJavaProjectConfigurator - Adding source folder /SimpleLoadBalancerClient/src/main/java
2025-03-20 23:28:20,656 [Worker-46: Import Getting Started Content] INFO  o.e.m.j.i.AbstractJavaProjectConfigurator - Adding resource folder /SimpleLoadBalancerClient/src/main/resources
2025-03-20 23:28:20,662 [Worker-46: Import Getting Started Content] INFO  o.e.m.j.i.AbstractJavaProjectConfigurator - Adding resource folder /SimpleLoadBalancerClient/src/main/resources
2025-03-20 23:28:20,667 [Worker-46: Import Getting Started Content] INFO  o.e.m.j.i.AbstractJavaProjectConfigurator - Adding source folder /SimpleLoadBalancerClient/src/test/java
2025-03-20 23:28:20,668 [Worker-46: Import Getting Started Content] INFO  o.e.m.j.i.AbstractJavaProjectConfigurator - Adding resource folder /SimpleLoadBalancerClient/src/test/resources
2025-03-20 23:28:21,069 [Worker-47: Download sources and javadoc] INFO  o.e.m.c.i.e.AbstractTransferListenerAdapter - Downloaded https://repo.maven.apache.org/maven2/org/springframework/cloud/spring-cloud-starter-netflix-eureka-client/4.2.1/spring-cloud-starter-netflix-eureka-client-4.2.1-sources.jar
2025-03-20 23:28:21,074 [Worker-47: Download sources and javadoc] ERROR o.e.m.j.internal.DownloadSourcesJob - Could not download sources for org.springframework.cloud:spring-cloud-starter-netflix-eureka-client:4.2.1
org.eclipse.core.runtime.CoreException: Could not resolve artifact org.springframework.cloud:spring-cloud-starter-netflix-eureka-client:jar:sources:4.2.1
	at org.eclipse.m2e.core.internal.embedder.MavenImpl.lambda$7(MavenImpl.java:540)
	at org.eclipse.m2e.core.internal.embedder.MavenExecutionContext.executeBare(MavenExecutionContext.java:458)
	at org.eclipse.m2e.core.internal.embedder.MavenExecutionContext.execute(MavenExecutionContext.java:292)
	at org.eclipse.m2e.core.internal.embedder.MavenExecutionContext.execute(MavenExecutionContext.java:278)
	at org.eclipse.m2e.core.internal.embedder.MavenImpl.resolve(MavenImpl.java:509)
	at org.eclipse.m2e.core.internal.embedder.MavenImpl.resolve(MavenImpl.java:494)
	at org.eclipse.m2e.jdt.internal.DownloadSourcesJob.download(DownloadSourcesJob.java:308)
	at org.eclipse.m2e.jdt.internal.DownloadSourcesJob.downloadAttachments(DownloadSourcesJob.java:282)
	at org.eclipse.m2e.jdt.internal.DownloadSourcesJob.downloadMaven(DownloadSourcesJob.java:252)
	at org.eclipse.m2e.jdt.internal.DownloadSourcesJob.downloadFilesAndPopulateToUpdate(DownloadSourcesJob.java:220)
	at org.eclipse.m2e.jdt.internal.DownloadSourcesJob.lambda$0(DownloadSourcesJob.java:149)
	at org.eclipse.m2e.core.internal.embedder.MavenExecutionContext.executeBare(MavenExecutionContext.java:458)
	at org.eclipse.m2e.core.internal.embedder.MavenExecutionContext.execute(MavenExecutionContext.java:339)
	at org.eclipse.m2e.core.internal.embedder.MavenExecutionContext.execute(MavenExecutionContext.java:278)
	at org.eclipse.m2e.core.embedder.IMaven.execute(IMaven.java:300)
	at org.eclipse.m2e.jdt.internal.DownloadSourcesJob.run(DownloadSourcesJob.java:149)
	at org.eclipse.core.internal.jobs.Worker.run(Worker.java:63)
2025-03-20 23:28:21,148 [Worker-46: Import Getting Started Content] INFO  o.e.m.c.i.p.ProjectConfigurationManager - Imported and configured 1 project(s) in 8 sec
2025-03-20 23:28:21,154 [Worker-46: Import Getting Started Content] INFO  o.e.m.c.i.p.ProjectConfigurationManager - Update started
2025-03-20 23:28:21,391 [Worker-47: Download sources and javadoc] INFO  o.e.m.c.i.e.AbstractTransferListenerAdapter - Downloaded https://repo.maven.apache.org/maven2/org/springframework/cloud/spring-cloud-starter/4.2.1/spring-cloud-starter-4.2.1-sources.jar
2025-03-20 23:28:21,394 [Worker-47: Download sources and javadoc] ERROR o.e.m.j.internal.DownloadSourcesJob - Could not download sources for org.springframework.cloud:spring-cloud-starter:4.2.1
org.eclipse.core.runtime.CoreException: Could not resolve artifact org.springframework.cloud:spring-cloud-starter:jar:sources:4.2.1
	at org.eclipse.m2e.core.internal.embedder.MavenImpl.lambda$7(MavenImpl.java:540)
	at org.eclipse.m2e.core.internal.embedder.MavenExecutionContext.executeBare(MavenExecutionContext.java:458)
	at org.eclipse.m2e.core.internal.embedder.MavenExecutionContext.execute(MavenExecutionContext.java:292)
	at org.eclipse.m2e.core.internal.embedder.MavenExecutionContext.execute(MavenExecutionContext.java:278)
	at org.eclipse.m2e.core.internal.embedder.MavenImpl.resolve(MavenImpl.java:509)
	at org.eclipse.m2e.core.internal.embedder.MavenImpl.resolve(MavenImpl.java:494)
	at org.eclipse.m2e.jdt.internal.DownloadSourcesJob.download(DownloadSourcesJob.java:308)
	at org.eclipse.m2e.jdt.internal.DownloadSourcesJob.downloadAttachments(DownloadSourcesJob.java:282)
	at org.eclipse.m2e.jdt.internal.DownloadSourcesJob.downloadMaven(DownloadSourcesJob.java:252)
	at org.eclipse.m2e.jdt.internal.DownloadSourcesJob.downloadFilesAndPopulateToUpdate(DownloadSourcesJob.java:220)
	at org.eclipse.m2e.jdt.internal.DownloadSourcesJob.lambda$0(DownloadSourcesJob.java:149)
	at org.eclipse.m2e.core.internal.embedder.MavenExecutionContext.executeBare(MavenExecutionContext.java:458)
	at org.eclipse.m2e.core.internal.embedder.MavenExecutionContext.execute(MavenExecutionContext.java:339)
	at org.eclipse.m2e.core.internal.embedder.MavenExecutionContext.execute(MavenExecutionContext.java:278)
	at org.eclipse.m2e.core.embedder.IMaven.execute(IMaven.java:300)
	at org.eclipse.m2e.jdt.internal.DownloadSourcesJob.run(DownloadSourcesJob.java:149)
	at org.eclipse.core.internal.jobs.Worker.run(Worker.java:63)
2025-03-20 23:28:22,553 [Worker-46: Import Getting Started Content] INFO  o.e.m.c.i.l.LifecycleMappingFactory - Using org.eclipse.m2e.jdt.JarLifecycleMapping lifecycle mapping for MavenProject: com.example:SimpleLoadBalancerClient:0.0.1-SNAPSHOT @ C:\Users\prasa\eclipse-workspace\Micoservice-eclipse-workspace\SimpleLoadBalancerClient\pom.xml.
2025-03-20 23:28:22,594 [Worker-47: Download sources and javadoc] INFO  o.e.m.c.i.e.AbstractTransferListenerAdapter - Downloading https://repo.maven.apache.org/maven2/org/springframework/cloud/spring-cloud-context/4.2.1/spring-cloud-context-4.2.1-sources.jar
2025-03-20 23:28:22,653 [Worker-47: Download sources and javadoc] INFO  o.e.m.c.i.e.AbstractTransferListenerAdapter - Downloaded https://repo.maven.apache.org/maven2/org/springframework/cloud/spring-cloud-context/4.2.1/spring-cloud-context-4.2.1-sources.jar
2025-03-20 23:28:22,659 [Worker-47: Download sources and javadoc] INFO  o.e.m.j.internal.DownloadSourcesJob - Downloaded sources for org.springframework.cloud:spring-cloud-context:4.2.1
2025-03-20 23:28:22,742 [Worker-47: Download sources and javadoc] INFO  o.e.m.c.i.e.AbstractTransferListenerAdapter - Downloading https://repo.maven.apache.org/maven2/org/springframework/cloud/spring-cloud-commons/4.2.1/spring-cloud-commons-4.2.1-sources.jar
2025-03-20 23:28:22,804 [Worker-47: Download sources and javadoc] INFO  o.e.m.c.i.e.AbstractTransferListenerAdapter - Downloaded https://repo.maven.apache.org/maven2/org/springframework/cloud/spring-cloud-commons/4.2.1/spring-cloud-commons-4.2.1-sources.jar
2025-03-20 23:28:22,809 [Worker-47: Download sources and javadoc] INFO  o.e.m.j.internal.DownloadSourcesJob - Downloaded sources for org.springframework.cloud:spring-cloud-commons:4.2.1
2025-03-20 23:28:22,891 [Worker-47: Download sources and javadoc] INFO  o.e.m.c.i.e.AbstractTransferListenerAdapter - Downloading https://repo.maven.apache.org/maven2/org/springframework/cloud/spring-cloud-netflix-eureka-client/4.2.1/spring-cloud-netflix-eureka-client-4.2.1-sources.jar
2025-03-20 23:28:22,927 [Worker-47: Download sources and javadoc] INFO  o.e.m.c.i.e.AbstractTransferListenerAdapter - Downloaded https://repo.maven.apache.org/maven2/org/springframework/cloud/spring-cloud-netflix-eureka-client/4.2.1/spring-cloud-netflix-eureka-client-4.2.1-sources.jar
2025-03-20 23:28:22,934 [Worker-47: Download sources and javadoc] INFO  o.e.m.j.internal.DownloadSourcesJob - Downloaded sources for org.springframework.cloud:spring-cloud-netflix-eureka-client:4.2.1
2025-03-20 23:28:23,272 [Worker-47: Download sources and javadoc] INFO  o.e.m.c.i.e.AbstractTransferListenerAdapter - Downloaded https://repo.maven.apache.org/maven2/org/springframework/cloud/spring-cloud-starter-loadbalancer/4.2.1/spring-cloud-starter-loadbalancer-4.2.1-sources.jar
2025-03-20 23:28:23,275 [Worker-47: Download sources and javadoc] ERROR o.e.m.j.internal.DownloadSourcesJob - Could not download sources for org.springframework.cloud:spring-cloud-starter-loadbalancer:4.2.1
org.eclipse.core.runtime.CoreException: Could not resolve artifact org.springframework.cloud:spring-cloud-starter-loadbalancer:jar:sources:4.2.1
	at org.eclipse.m2e.core.internal.embedder.MavenImpl.lambda$7(MavenImpl.java:540)
	at org.eclipse.m2e.core.internal.embedder.MavenExecutionContext.executeBare(MavenExecutionContext.java:458)
	at org.eclipse.m2e.core.internal.embedder.MavenExecutionContext.execute(MavenExecutionContext.java:292)
	at org.eclipse.m2e.core.internal.embedder.MavenExecutionContext.execute(MavenExecutionContext.java:278)
	at org.eclipse.m2e.core.internal.embedder.MavenImpl.resolve(MavenImpl.java:509)
	at org.eclipse.m2e.core.internal.embedder.MavenImpl.resolve(MavenImpl.java:494)
	at org.eclipse.m2e.jdt.internal.DownloadSourcesJob.download(DownloadSourcesJob.java:308)
	at org.eclipse.m2e.jdt.internal.DownloadSourcesJob.downloadAttachments(DownloadSourcesJob.java:282)
	at org.eclipse.m2e.jdt.internal.DownloadSourcesJob.downloadMaven(DownloadSourcesJob.java:252)
	at org.eclipse.m2e.jdt.internal.DownloadSourcesJob.downloadFilesAndPopulateToUpdate(DownloadSourcesJob.java:220)
	at org.eclipse.m2e.jdt.internal.DownloadSourcesJob.lambda$0(DownloadSourcesJob.java:149)
	at org.eclipse.m2e.core.internal.embedder.MavenExecutionContext.executeBare(MavenExecutionContext.java:458)
	at org.eclipse.m2e.core.internal.embedder.MavenExecutionContext.execute(MavenExecutionContext.java:339)
	at org.eclipse.m2e.core.internal.embedder.MavenExecutionContext.execute(MavenExecutionContext.java:278)
	at org.eclipse.m2e.core.embedder.IMaven.execute(IMaven.java:300)
	at org.eclipse.m2e.jdt.internal.DownloadSourcesJob.run(DownloadSourcesJob.java:149)
	at org.eclipse.core.internal.jobs.Worker.run(Worker.java:63)
2025-03-20 23:28:23,328 [Worker-46: Import Getting Started Content] INFO  o.e.m.j.i.AbstractJavaProjectConfigurator - Adding source folder /SimpleLoadBalancerClient/src/main/java
2025-03-20 23:28:23,329 [Worker-46: Import Getting Started Content] INFO  o.e.m.j.i.AbstractJavaProjectConfigurator - Adding resource folder /SimpleLoadBalancerClient/src/main/resources
2025-03-20 23:28:23,329 [Worker-46: Import Getting Started Content] INFO  o.e.m.j.i.AbstractJavaProjectConfigurator - Adding resource folder /SimpleLoadBalancerClient/src/main/resources
2025-03-20 23:28:23,330 [Worker-46: Import Getting Started Content] INFO  o.e.m.j.i.AbstractJavaProjectConfigurator - Adding source folder /SimpleLoadBalancerClient/src/test/java
2025-03-20 23:28:23,331 [Worker-46: Import Getting Started Content] INFO  o.e.m.j.i.AbstractJavaProjectConfigurator - Adding resource folder /SimpleLoadBalancerClient/src/test/resources
2025-03-20 23:28:23,360 [Worker-47: Download sources and javadoc] INFO  o.e.m.c.i.e.AbstractTransferListenerAdapter - Downloading https://repo.maven.apache.org/maven2/org/springframework/cloud/spring-cloud-loadbalancer/4.2.1/spring-cloud-loadbalancer-4.2.1-sources.jar
2025-03-20 23:28:23,395 [Worker-47: Download sources and javadoc] INFO  o.e.m.c.i.e.AbstractTransferListenerAdapter - Downloaded https://repo.maven.apache.org/maven2/org/springframework/cloud/spring-cloud-loadbalancer/4.2.1/spring-cloud-loadbalancer-4.2.1-sources.jar
2025-03-20 23:28:23,399 [Worker-47: Download sources and javadoc] INFO  o.e.m.j.internal.DownloadSourcesJob - Downloaded sources for org.springframework.cloud:spring-cloud-loadbalancer:4.2.1
2025-03-20 23:28:23,651 [Worker-46: Import Getting Started Content] INFO  o.e.m.c.i.p.ProjectConfigurationManager - Update completed for 1 poms: local refresh takes 0.00 sec, refresh facades takes 2.00 sec, update config takes 0.00 sec 
2025-03-20 23:28:23,911 [Worker-45: Updating Maven Project] INFO  o.e.m.c.i.p.ProjectConfigurationManager - Update started
2025-03-20 23:28:24,340 [Worker-45: Updating Maven Project] INFO  o.e.m.c.i.l.LifecycleMappingFactory - Using org.eclipse.m2e.jdt.JarLifecycleMapping lifecycle mapping for MavenProject: com.example:SimpleLoadBalancerClient:0.0.1-SNAPSHOT @ C:\Users\prasa\eclipse-workspace\Micoservice-eclipse-workspace\SimpleLoadBalancerClient\pom.xml.
2025-03-20 23:28:25,060 [Worker-45: Updating Maven Project] INFO  o.e.m.j.i.AbstractJavaProjectConfigurator - Adding source folder /SimpleLoadBalancerClient/src/main/java
2025-03-20 23:28:25,061 [Worker-45: Updating Maven Project] INFO  o.e.m.j.i.AbstractJavaProjectConfigurator - Adding resource folder /SimpleLoadBalancerClient/src/main/resources
2025-03-20 23:28:25,062 [Worker-45: Updating Maven Project] INFO  o.e.m.j.i.AbstractJavaProjectConfigurator - Adding resource folder /SimpleLoadBalancerClient/src/main/resources
2025-03-20 23:28:25,063 [Worker-45: Updating Maven Project] INFO  o.e.m.j.i.AbstractJavaProjectConfigurator - Adding source folder /SimpleLoadBalancerClient/src/test/java
2025-03-20 23:28:25,064 [Worker-45: Updating Maven Project] INFO  o.e.m.j.i.AbstractJavaProjectConfigurator - Adding resource folder /SimpleLoadBalancerClient/src/test/resources
2025-03-20 23:28:25,354 [Worker-45: Updating Maven Project] INFO  o.e.m.c.i.p.ProjectConfigurationManager - Update completed for 1 poms: local refresh takes 0.00 sec, refresh facades takes 1.00 sec, update config takes 0.00 sec 
2025-03-20 23:28:25,698 [Worker-44: Building] INFO  o.a.m.s.f.DefaultMavenResourcesFiltering - Copying 1 resource from src\main\resources to target\classes
2025-03-20 23:28:25,711 [Worker-44: Building] INFO  o.a.m.s.f.DefaultMavenResourcesFiltering - Copying 0 resource from src\main\resources to target\classes
2025-03-20 23:28:25,716 [Worker-44: Building] INFO  o.a.m.s.f.DefaultMavenResourcesFiltering - skip non existing resourceDirectory C:\Users\prasa\eclipse-workspace\Micoservice-eclipse-workspace\SimpleLoadBalancerClient\src\test\resources
2025-03-20 23:28:26,271 [Worker-42: Download sources and javadoc] INFO  o.e.m.c.i.e.AbstractTransferListenerAdapter - Downloaded https://repo.maven.apache.org/maven2/org/springframework/cloud/spring-cloud-starter-netflix-eureka-client/4.2.1/spring-cloud-starter-netflix-eureka-client-4.2.1-javadoc.jar
2025-03-20 23:28:26,275 [Worker-42: Download sources and javadoc] ERROR o.e.m.j.internal.DownloadSourcesJob - Could not download javadoc for org.springframework.cloud:spring-cloud-starter-netflix-eureka-client:4.2.1
org.eclipse.core.runtime.CoreException: Could not resolve artifact org.springframework.cloud:spring-cloud-starter-netflix-eureka-client:jar:javadoc:4.2.1
	at org.eclipse.m2e.core.internal.embedder.MavenImpl.lambda$7(MavenImpl.java:540)
	at org.eclipse.m2e.core.internal.embedder.MavenExecutionContext.executeBare(MavenExecutionContext.java:458)
	at org.eclipse.m2e.core.internal.embedder.MavenExecutionContext.execute(MavenExecutionContext.java:292)
	at org.eclipse.m2e.core.internal.embedder.MavenExecutionContext.execute(MavenExecutionContext.java:278)
	at org.eclipse.m2e.core.internal.embedder.MavenImpl.resolve(MavenImpl.java:509)
	at org.eclipse.m2e.core.internal.embedder.MavenImpl.resolve(MavenImpl.java:494)
	at org.eclipse.m2e.jdt.internal.DownloadSourcesJob.download(DownloadSourcesJob.java:308)
	at org.eclipse.m2e.jdt.internal.DownloadSourcesJob.downloadAttachments(DownloadSourcesJob.java:294)
	at org.eclipse.m2e.jdt.internal.DownloadSourcesJob.downloadMaven(DownloadSourcesJob.java:252)
	at org.eclipse.m2e.jdt.internal.DownloadSourcesJob.downloadFilesAndPopulateToUpdate(DownloadSourcesJob.java:220)
	at org.eclipse.m2e.jdt.internal.DownloadSourcesJob.lambda$0(DownloadSourcesJob.java:149)
	at org.eclipse.m2e.core.internal.embedder.MavenExecutionContext.executeBare(MavenExecutionContext.java:458)
	at org.eclipse.m2e.core.internal.embedder.MavenExecutionContext.execute(MavenExecutionContext.java:339)
	at org.eclipse.m2e.core.internal.embedder.MavenExecutionContext.execute(MavenExecutionContext.java:278)
	at org.eclipse.m2e.core.embedder.IMaven.execute(IMaven.java:300)
	at org.eclipse.m2e.jdt.internal.DownloadSourcesJob.run(DownloadSourcesJob.java:149)
	at org.eclipse.core.internal.jobs.Worker.run(Worker.java:63)
2025-03-20 23:28:26,357 [Worker-42: Download sources and javadoc] INFO  o.e.m.c.i.e.AbstractTransferListenerAdapter - Downloading https://repo.maven.apache.org/maven2/org/springframework/cloud/spring-cloud-starter/4.2.1/spring-cloud-starter-4.2.1-javadoc.jar
2025-03-20 23:28:26,361 [Worker-42: Download sources and javadoc] INFO  o.e.m.c.i.e.AbstractTransferListenerAdapter - Downloaded https://repo.maven.apache.org/maven2/org/springframework/cloud/spring-cloud-starter/4.2.1/spring-cloud-starter-4.2.1-javadoc.jar
2025-03-20 23:28:26,364 [Worker-42: Download sources and javadoc] INFO  o.e.m.j.internal.DownloadSourcesJob - Downloaded javadoc for org.springframework.cloud:spring-cloud-starter:4.2.1
2025-03-20 23:28:26,687 [Worker-42: Download sources and javadoc] INFO  o.e.m.c.i.e.AbstractTransferListenerAdapter - Downloaded https://repo.maven.apache.org/maven2/org/springframework/cloud/spring-cloud-starter-loadbalancer/4.2.1/spring-cloud-starter-loadbalancer-4.2.1-javadoc.jar
2025-03-20 23:28:26,690 [Worker-42: Download sources and javadoc] ERROR o.e.m.j.internal.DownloadSourcesJob - Could not download javadoc for org.springframework.cloud:spring-cloud-starter-loadbalancer:4.2.1
org.eclipse.core.runtime.CoreException: Could not resolve artifact org.springframework.cloud:spring-cloud-starter-loadbalancer:jar:javadoc:4.2.1
	at org.eclipse.m2e.core.internal.embedder.MavenImpl.lambda$7(MavenImpl.java:540)
	at org.eclipse.m2e.core.internal.embedder.MavenExecutionContext.executeBare(MavenExecutionContext.java:458)
	at org.eclipse.m2e.core.internal.embedder.MavenExecutionContext.execute(MavenExecutionContext.java:292)
	at org.eclipse.m2e.core.internal.embedder.MavenExecutionContext.execute(MavenExecutionContext.java:278)
	at org.eclipse.m2e.core.internal.embedder.MavenImpl.resolve(MavenImpl.java:509)
	at org.eclipse.m2e.core.internal.embedder.MavenImpl.resolve(MavenImpl.java:494)
	at org.eclipse.m2e.jdt.internal.DownloadSourcesJob.download(DownloadSourcesJob.java:308)
	at org.eclipse.m2e.jdt.internal.DownloadSourcesJob.downloadAttachments(DownloadSourcesJob.java:294)
	at org.eclipse.m2e.jdt.internal.DownloadSourcesJob.downloadMaven(DownloadSourcesJob.java:252)
	at org.eclipse.m2e.jdt.internal.DownloadSourcesJob.downloadFilesAndPopulateToUpdate(DownloadSourcesJob.java:220)
	at org.eclipse.m2e.jdt.internal.DownloadSourcesJob.lambda$0(DownloadSourcesJob.java:149)
	at org.eclipse.m2e.core.internal.embedder.MavenExecutionContext.executeBare(MavenExecutionContext.java:458)
	at org.eclipse.m2e.core.internal.embedder.MavenExecutionContext.execute(MavenExecutionContext.java:339)
	at org.eclipse.m2e.core.internal.embedder.MavenExecutionContext.execute(MavenExecutionContext.java:278)
	at org.eclipse.m2e.core.embedder.IMaven.execute(IMaven.java:300)
	at org.eclipse.m2e.jdt.internal.DownloadSourcesJob.run(DownloadSourcesJob.java:149)
	at org.eclipse.core.internal.jobs.Worker.run(Worker.java:63)
2025-03-20 23:31:02,292 [Worker-47: Building] INFO  o.a.m.s.f.DefaultMavenResourcesFiltering - Copying 1 resource from src\main\resources to target\classes
2025-03-20 23:31:02,307 [Worker-47: Building] INFO  o.a.m.s.f.DefaultMavenResourcesFiltering - Copying 0 resource from src\main\resources to target\classes
2025-03-20 23:31:02,314 [Worker-47: Building] INFO  o.a.m.s.f.DefaultMavenResourcesFiltering - skip non existing resourceDirectory C:\Users\prasa\eclipse-workspace\Micoservice-eclipse-workspace\SimpleLoadBalancerClient\src\test\resources
2025-03-20 23:32:39,447 [Worker-51: Building] INFO  o.a.m.s.f.DefaultMavenResourcesFiltering - Copying 1 resource from src\main\resources to target\classes
2025-03-20 23:32:39,457 [Worker-51: Building] INFO  o.a.m.s.f.DefaultMavenResourcesFiltering - Copying 0 resource from src\main\resources to target\classes
2025-03-20 23:32:39,463 [Worker-51: Building] INFO  o.a.m.s.f.DefaultMavenResourcesFiltering - skip non existing resourceDirectory C:\Users\prasa\eclipse-workspace\Micoservice-eclipse-workspace\SimpleLoadBalancerClient\src\test\resources
2025-03-20 23:33:02,022 [Worker-49: Building] INFO  o.a.m.s.f.DefaultMavenResourcesFiltering - Copying 1 resource from src\main\resources to target\classes
2025-03-20 23:33:02,039 [Worker-49: Building] INFO  o.a.m.s.f.DefaultMavenResourcesFiltering - Copying 0 resource from src\main\resources to target\classes
2025-03-20 23:33:02,046 [Worker-49: Building] INFO  o.a.m.s.f.DefaultMavenResourcesFiltering - skip non existing resourceDirectory C:\Users\prasa\eclipse-workspace\Micoservice-eclipse-workspace\SimpleLoadBalancerClient\src\test\resources
2025-03-20 23:36:26,786 [Worker-45: Building] INFO  o.a.m.s.f.DefaultMavenResourcesFiltering - Copying 1 resource from src\main\resources to target\classes
2025-03-20 23:36:26,800 [Worker-45: Building] INFO  o.a.m.s.f.DefaultMavenResourcesFiltering - Copying 0 resource from src\main\resources to target\classes
2025-03-20 23:36:26,806 [Worker-45: Building] INFO  o.a.m.s.f.DefaultMavenResourcesFiltering - skip non existing resourceDirectory C:\Users\prasa\eclipse-workspace\Micoservice-eclipse-workspace\SimpleLoadBalancerClient\src\test\resources
2025-03-20 23:37:26,406 [Worker-44: Building] INFO  o.a.m.s.f.DefaultMavenResourcesFiltering - Copying 1 resource from src\main\resources to target\classes
2025-03-20 23:37:26,420 [Worker-44: Building] INFO  o.a.m.s.f.DefaultMavenResourcesFiltering - Copying 0 resource from src\main\resources to target\classes
2025-03-20 23:37:26,426 [Worker-44: Building] INFO  o.a.m.s.f.DefaultMavenResourcesFiltering - skip non existing resourceDirectory C:\Users\prasa\eclipse-workspace\Micoservice-eclipse-workspace\SimpleLoadBalancerClient\src\test\resources
2025-03-20 23:38:45,216 [Worker-50: Building] INFO  o.a.m.s.f.DefaultMavenResourcesFiltering - Copying 1 resource from src\main\resources to target\classes
2025-03-20 23:38:45,230 [Worker-50: Building] INFO  o.a.m.s.f.DefaultMavenResourcesFiltering - Copying 0 resource from src\main\resources to target\classes
2025-03-20 23:38:45,237 [Worker-50: Building] INFO  o.a.m.s.f.DefaultMavenResourcesFiltering - skip non existing resourceDirectory C:\Users\prasa\eclipse-workspace\Micoservice-eclipse-workspace\SimpleLoadBalancerClient\src\test\resources
2025-03-20 23:39:15,193 [Worker-49: Building] INFO  o.a.m.s.f.DefaultMavenResourcesFiltering - Copying 1 resource from src\main\resources to target\classes
2025-03-20 23:39:15,203 [Worker-49: Building] INFO  o.a.m.s.f.DefaultMavenResourcesFiltering - Copying 0 resource from src\main\resources to target\classes
2025-03-20 23:39:15,208 [Worker-49: Building] INFO  o.a.m.s.f.DefaultMavenResourcesFiltering - skip non existing resourceDirectory C:\Users\prasa\eclipse-workspace\Micoservice-eclipse-workspace\SimpleLoadBalancerClient\src\test\resources
2025-03-21 14:36:33,054 [Worker-4: Loading available Gradle versions] INFO  o.e.b.c.i.u.g.PublishedGradleVersions - Gradle version information cache is up-to-date. Trying to read.
2025-03-21 14:51:48,112 [Worker-40: Import Getting Started Content] INFO  o.e.m.c.i.e.AbstractTransferListenerAdapter - Downloading https://repo.maven.apache.org/maven2/org/springframework/boot/spring-boot-starter-parent/3.4.4/spring-boot-starter-parent-3.4.4.pom
2025-03-21 14:51:48,129 [Worker-40: Import Getting Started Content] INFO  o.e.m.c.i.e.AbstractTransferListenerAdapter - Downloaded https://repo.maven.apache.org/maven2/org/springframework/boot/spring-boot-starter-parent/3.4.4/spring-boot-starter-parent-3.4.4.pom
2025-03-21 14:51:48,165 [Worker-40: Import Getting Started Content] INFO  o.e.m.c.i.e.AbstractTransferListenerAdapter - Downloading https://repo.maven.apache.org/maven2/org/springframework/boot/spring-boot-dependencies/3.4.4/spring-boot-dependencies-3.4.4.pom
2025-03-21 14:51:48,197 [Worker-40: Import Getting Started Content] INFO  o.e.m.c.i.e.AbstractTransferListenerAdapter - Downloaded https://repo.maven.apache.org/maven2/org/springframework/boot/spring-boot-dependencies/3.4.4/spring-boot-dependencies-3.4.4.pom
2025-03-21 14:51:48,365 [Worker-40: Import Getting Started Content] INFO  o.e.m.c.i.e.AbstractTransferListenerAdapter - Downloading https://repo.maven.apache.org/maven2/org/apache/activemq/activemq-bom/6.1.6/activemq-bom-6.1.6.pom
2025-03-21 14:51:48,370 [Worker-40: Import Getting Started Content] INFO  o.e.m.c.i.e.AbstractTransferListenerAdapter - Downloaded https://repo.maven.apache.org/maven2/org/apache/activemq/activemq-bom/6.1.6/activemq-bom-6.1.6.pom
2025-03-21 14:51:48,440 [Worker-40: Import Getting Started Content] INFO  o.e.m.c.i.e.AbstractTransferListenerAdapter - Downloading https://repo.maven.apache.org/maven2/org/apache/groovy/groovy-bom/4.0.26/groovy-bom-4.0.26.pom
2025-03-21 14:51:48,445 [Worker-40: Import Getting Started Content] INFO  o.e.m.c.i.e.AbstractTransferListenerAdapter - Downloaded https://repo.maven.apache.org/maven2/org/apache/groovy/groovy-bom/4.0.26/groovy-bom-4.0.26.pom
2025-03-21 14:51:48,479 [Worker-40: Import Getting Started Content] INFO  o.e.m.c.i.e.AbstractTransferListenerAdapter - Downloading https://repo.maven.apache.org/maven2/org/infinispan/infinispan-bom/15.0.14.Final/infinispan-bom-15.0.14.Final.pom
2025-03-21 14:51:48,483 [Worker-40: Import Getting Started Content] INFO  o.e.m.c.i.e.AbstractTransferListenerAdapter - Downloaded https://repo.maven.apache.org/maven2/org/infinispan/infinispan-bom/15.0.14.Final/infinispan-bom-15.0.14.Final.pom
2025-03-21 14:51:48,514 [Worker-40: Import Getting Started Content] INFO  o.e.m.c.i.e.AbstractTransferListenerAdapter - Downloading https://repo.maven.apache.org/maven2/org/infinispan/infinispan-build-configuration-parent/15.0.14.Final/infinispan-build-configuration-parent-15.0.14.Final.pom
2025-03-21 14:51:48,518 [Worker-40: Import Getting Started Content] INFO  o.e.m.c.i.e.AbstractTransferListenerAdapter - Downloaded https://repo.maven.apache.org/maven2/org/infinispan/infinispan-build-configuration-parent/15.0.14.Final/infinispan-build-configuration-parent-15.0.14.Final.pom
2025-03-21 14:51:48,557 [Worker-40: Import Getting Started Content] INFO  o.e.m.c.i.e.AbstractTransferListenerAdapter - Downloading https://repo.maven.apache.org/maven2/com/fasterxml/jackson/jackson-bom/2.18.3/jackson-bom-2.18.3.pom
2025-03-21 14:51:48,562 [Worker-40: Import Getting Started Content] INFO  o.e.m.c.i.e.AbstractTransferListenerAdapter - Downloaded https://repo.maven.apache.org/maven2/com/fasterxml/jackson/jackson-bom/2.18.3/jackson-bom-2.18.3.pom
2025-03-21 14:51:48,608 [Worker-40: Import Getting Started Content] INFO  o.e.m.c.i.e.AbstractTransferListenerAdapter - Downloading https://repo.maven.apache.org/maven2/org/eclipse/jetty/ee10/jetty-ee10-bom/12.0.18/jetty-ee10-bom-12.0.18.pom
2025-03-21 14:51:48,612 [Worker-40: Import Getting Started Content] INFO  o.e.m.c.i.e.AbstractTransferListenerAdapter - Downloaded https://repo.maven.apache.org/maven2/org/eclipse/jetty/ee10/jetty-ee10-bom/12.0.18/jetty-ee10-bom-12.0.18.pom
2025-03-21 14:51:48,642 [Worker-40: Import Getting Started Content] INFO  o.e.m.c.i.e.AbstractTransferListenerAdapter - Downloading https://repo.maven.apache.org/maven2/org/eclipse/jetty/jetty-bom/12.0.18/jetty-bom-12.0.18.pom
2025-03-21 14:51:48,646 [Worker-40: Import Getting Started Content] INFO  o.e.m.c.i.e.AbstractTransferListenerAdapter - Downloaded https://repo.maven.apache.org/maven2/org/eclipse/jetty/jetty-bom/12.0.18/jetty-bom-12.0.18.pom
2025-03-21 14:51:48,704 [Worker-40: Import Getting Started Content] INFO  o.e.m.c.i.e.AbstractTransferListenerAdapter - Downloading https://repo.maven.apache.org/maven2/io/micrometer/micrometer-bom/1.14.5/micrometer-bom-1.14.5.pom
2025-03-21 14:51:48,709 [Worker-40: Import Getting Started Content] INFO  o.e.m.c.i.e.AbstractTransferListenerAdapter - Downloaded https://repo.maven.apache.org/maven2/io/micrometer/micrometer-bom/1.14.5/micrometer-bom-1.14.5.pom
2025-03-21 14:51:48,741 [Worker-40: Import Getting Started Content] INFO  o.e.m.c.i.e.AbstractTransferListenerAdapter - Downloading https://repo.maven.apache.org/maven2/io/micrometer/micrometer-tracing-bom/1.4.4/micrometer-tracing-bom-1.4.4.pom
2025-03-21 14:51:48,745 [Worker-40: Import Getting Started Content] INFO  o.e.m.c.i.e.AbstractTransferListenerAdapter - Downloaded https://repo.maven.apache.org/maven2/io/micrometer/micrometer-tracing-bom/1.4.4/micrometer-tracing-bom-1.4.4.pom
2025-03-21 14:51:48,779 [Worker-40: Import Getting Started Content] INFO  o.e.m.c.i.e.AbstractTransferListenerAdapter - Downloading https://repo.maven.apache.org/maven2/io/netty/netty-bom/4.1.119.Final/netty-bom-4.1.119.Final.pom
2025-03-21 14:51:48,782 [Worker-40: Import Getting Started Content] INFO  o.e.m.c.i.e.AbstractTransferListenerAdapter - Downloaded https://repo.maven.apache.org/maven2/io/netty/netty-bom/4.1.119.Final/netty-bom-4.1.119.Final.pom
2025-03-21 14:51:48,835 [Worker-40: Import Getting Started Content] INFO  o.e.m.c.i.e.AbstractTransferListenerAdapter - Downloading https://repo.maven.apache.org/maven2/org/apache/pulsar/pulsar-bom/3.3.5/pulsar-bom-3.3.5.pom
2025-03-21 14:51:48,839 [Worker-40: Import Getting Started Content] INFO  o.e.m.c.i.e.AbstractTransferListenerAdapter - Downloaded https://repo.maven.apache.org/maven2/org/apache/pulsar/pulsar-bom/3.3.5/pulsar-bom-3.3.5.pom
2025-03-21 14:51:48,877 [Worker-40: Import Getting Started Content] INFO  o.e.m.c.i.e.AbstractTransferListenerAdapter - Downloading https://repo.maven.apache.org/maven2/io/projectreactor/reactor-bom/2024.0.4/reactor-bom-2024.0.4.pom
2025-03-21 14:51:48,881 [Worker-40: Import Getting Started Content] INFO  o.e.m.c.i.e.AbstractTransferListenerAdapter - Downloaded https://repo.maven.apache.org/maven2/io/projectreactor/reactor-bom/2024.0.4/reactor-bom-2024.0.4.pom
2025-03-21 14:51:48,921 [Worker-40: Import Getting Started Content] INFO  o.e.m.c.i.e.AbstractTransferListenerAdapter - Downloading https://repo.maven.apache.org/maven2/org/springframework/amqp/spring-amqp-bom/3.2.4/spring-amqp-bom-3.2.4.pom
2025-03-21 14:51:48,925 [Worker-40: Import Getting Started Content] INFO  o.e.m.c.i.e.AbstractTransferListenerAdapter - Downloaded https://repo.maven.apache.org/maven2/org/springframework/amqp/spring-amqp-bom/3.2.4/spring-amqp-bom-3.2.4.pom
2025-03-21 14:51:48,954 [Worker-40: Import Getting Started Content] INFO  o.e.m.c.i.e.AbstractTransferListenerAdapter - Downloading https://repo.maven.apache.org/maven2/org/springframework/batch/spring-batch-bom/5.2.2/spring-batch-bom-5.2.2.pom
2025-03-21 14:51:48,957 [Worker-40: Import Getting Started Content] INFO  o.e.m.c.i.e.AbstractTransferListenerAdapter - Downloaded https://repo.maven.apache.org/maven2/org/springframework/batch/spring-batch-bom/5.2.2/spring-batch-bom-5.2.2.pom
2025-03-21 14:51:48,987 [Worker-40: Import Getting Started Content] INFO  o.e.m.c.i.e.AbstractTransferListenerAdapter - Downloading https://repo.maven.apache.org/maven2/org/springframework/data/spring-data-bom/2024.1.4/spring-data-bom-2024.1.4.pom
2025-03-21 14:51:48,991 [Worker-40: Import Getting Started Content] INFO  o.e.m.c.i.e.AbstractTransferListenerAdapter - Downloaded https://repo.maven.apache.org/maven2/org/springframework/data/spring-data-bom/2024.1.4/spring-data-bom-2024.1.4.pom
2025-03-21 14:51:49,022 [Worker-40: Import Getting Started Content] INFO  o.e.m.c.i.e.AbstractTransferListenerAdapter - Downloading https://repo.maven.apache.org/maven2/org/springframework/spring-framework-bom/6.2.5/spring-framework-bom-6.2.5.pom
2025-03-21 14:51:49,026 [Worker-40: Import Getting Started Content] INFO  o.e.m.c.i.e.AbstractTransferListenerAdapter - Downloaded https://repo.maven.apache.org/maven2/org/springframework/spring-framework-bom/6.2.5/spring-framework-bom-6.2.5.pom
2025-03-21 14:51:49,056 [Worker-40: Import Getting Started Content] INFO  o.e.m.c.i.e.AbstractTransferListenerAdapter - Downloading https://repo.maven.apache.org/maven2/org/springframework/integration/spring-integration-bom/6.4.3/spring-integration-bom-6.4.3.pom
2025-03-21 14:51:49,060 [Worker-40: Import Getting Started Content] INFO  o.e.m.c.i.e.AbstractTransferListenerAdapter - Downloaded https://repo.maven.apache.org/maven2/org/springframework/integration/spring-integration-bom/6.4.3/spring-integration-bom-6.4.3.pom
2025-03-21 14:51:49,090 [Worker-40: Import Getting Started Content] INFO  o.e.m.c.i.e.AbstractTransferListenerAdapter - Downloading https://repo.maven.apache.org/maven2/org/springframework/pulsar/spring-pulsar-bom/1.2.4/spring-pulsar-bom-1.2.4.pom
2025-03-21 14:51:49,094 [Worker-40: Import Getting Started Content] INFO  o.e.m.c.i.e.AbstractTransferListenerAdapter - Downloaded https://repo.maven.apache.org/maven2/org/springframework/pulsar/spring-pulsar-bom/1.2.4/spring-pulsar-bom-1.2.4.pom
2025-03-21 14:51:49,126 [Worker-40: Import Getting Started Content] INFO  o.e.m.c.i.e.AbstractTransferListenerAdapter - Downloading https://repo.maven.apache.org/maven2/org/springframework/security/spring-security-bom/6.4.4/spring-security-bom-6.4.4.pom
2025-03-21 14:51:49,129 [Worker-40: Import Getting Started Content] INFO  o.e.m.c.i.e.AbstractTransferListenerAdapter - Downloaded https://repo.maven.apache.org/maven2/org/springframework/security/spring-security-bom/6.4.4/spring-security-bom-6.4.4.pom
2025-03-21 14:51:49,163 [Worker-40: Import Getting Started Content] INFO  o.e.m.c.i.e.AbstractTransferListenerAdapter - Downloading https://repo.maven.apache.org/maven2/org/springframework/ws/spring-ws-bom/4.0.12/spring-ws-bom-4.0.12.pom
2025-03-21 14:51:49,167 [Worker-40: Import Getting Started Content] INFO  o.e.m.c.i.e.AbstractTransferListenerAdapter - Downloaded https://repo.maven.apache.org/maven2/org/springframework/ws/spring-ws-bom/4.0.12/spring-ws-bom-4.0.12.pom
2025-03-21 14:51:49,197 [Worker-40: Import Getting Started Content] INFO  o.e.m.c.i.e.AbstractTransferListenerAdapter - Downloading https://repo.maven.apache.org/maven2/org/testcontainers/testcontainers-bom/1.20.6/testcontainers-bom-1.20.6.pom
2025-03-21 14:51:49,201 [Worker-40: Import Getting Started Content] INFO  o.e.m.c.i.e.AbstractTransferListenerAdapter - Downloaded https://repo.maven.apache.org/maven2/org/testcontainers/testcontainers-bom/1.20.6/testcontainers-bom-1.20.6.pom
2025-03-21 14:51:51,340 [Worker-40: Import Getting Started Content] INFO  o.e.m.c.i.e.AbstractTransferListenerAdapter - Downloading https://repo.maven.apache.org/maven2/org/springframework/boot/spring-boot-maven-plugin/3.4.4/spring-boot-maven-plugin-3.4.4.pom
2025-03-21 14:51:51,346 [Worker-40: Import Getting Started Content] INFO  o.e.m.c.i.e.AbstractTransferListenerAdapter - Downloaded https://repo.maven.apache.org/maven2/org/springframework/boot/spring-boot-maven-plugin/3.4.4/spring-boot-maven-plugin-3.4.4.pom
2025-03-21 14:51:51,386 [Worker-40: Import Getting Started Content] INFO  o.e.m.c.i.e.AbstractTransferListenerAdapter - Downloading https://repo.maven.apache.org/maven2/org/springframework/boot/spring-boot-maven-plugin/3.4.4/spring-boot-maven-plugin-3.4.4.jar
2025-03-21 14:51:51,409 [Worker-40: Import Getting Started Content] INFO  o.e.m.c.i.e.AbstractTransferListenerAdapter - Downloaded https://repo.maven.apache.org/maven2/org/springframework/boot/spring-boot-maven-plugin/3.4.4/spring-boot-maven-plugin-3.4.4.jar
2025-03-21 14:51:51,517 [Worker-40: Import Getting Started Content] INFO  o.e.m.c.i.e.AbstractTransferListenerAdapter - Downloading https://repo.maven.apache.org/maven2/org/apache/maven/plugins/maven-install-plugin/3.1.4/maven-install-plugin-3.1.4.jar
2025-03-21 14:51:51,521 [Worker-40: Import Getting Started Content] INFO  o.e.m.c.i.e.AbstractTransferListenerAdapter - Downloaded https://repo.maven.apache.org/maven2/org/apache/maven/plugins/maven-install-plugin/3.1.4/maven-install-plugin-3.1.4.jar
2025-03-21 14:51:51,552 [Worker-40: Import Getting Started Content] INFO  o.e.m.c.i.e.AbstractTransferListenerAdapter - Downloading https://repo.maven.apache.org/maven2/org/apache/maven/plugins/maven-deploy-plugin/3.1.4/maven-deploy-plugin-3.1.4.jar
2025-03-21 14:51:51,557 [Worker-40: Import Getting Started Content] INFO  o.e.m.c.i.e.AbstractTransferListenerAdapter - Downloaded https://repo.maven.apache.org/maven2/org/apache/maven/plugins/maven-deploy-plugin/3.1.4/maven-deploy-plugin-3.1.4.jar
2025-03-21 14:51:51,887 [Worker-40: Import Getting Started Content] INFO  o.e.m.c.i.l.LifecycleMappingFactory - Using org.eclipse.m2e.jdt.JarLifecycleMapping lifecycle mapping for MavenProject: com.example:SimpleFeignClient:0.0.1-SNAPSHOT @ C:\Users\prasa\eclipse-workspace\Micoservice-eclipse-workspace\SimpleLoadBalancerClient-1\pom.xml.
2025-03-21 14:51:51,922 [Worker-40: Import Getting Started Content] INFO  o.e.m.c.i.e.AbstractTransferListenerAdapter - Downloading https://repo.maven.apache.org/maven2/org/springframework/boot/spring-boot-starter-web/3.4.4/spring-boot-starter-web-3.4.4.pom
2025-03-21 14:51:51,926 [Worker-40: Import Getting Started Content] INFO  o.e.m.c.i.e.AbstractTransferListenerAdapter - Downloaded https://repo.maven.apache.org/maven2/org/springframework/boot/spring-boot-starter-web/3.4.4/spring-boot-starter-web-3.4.4.pom
2025-03-21 14:51:51,958 [Worker-40: Import Getting Started Content] INFO  o.e.m.c.i.e.AbstractTransferListenerAdapter - Downloading https://repo.maven.apache.org/maven2/org/springframework/boot/spring-boot-starter/3.4.4/spring-boot-starter-3.4.4.pom
2025-03-21 14:51:51,962 [Worker-40: Import Getting Started Content] INFO  o.e.m.c.i.e.AbstractTransferListenerAdapter - Downloaded https://repo.maven.apache.org/maven2/org/springframework/boot/spring-boot-starter/3.4.4/spring-boot-starter-3.4.4.pom
2025-03-21 14:51:51,990 [Worker-40: Import Getting Started Content] INFO  o.e.m.c.i.e.AbstractTransferListenerAdapter - Downloading https://repo.maven.apache.org/maven2/org/springframework/boot/spring-boot/3.4.4/spring-boot-3.4.4.pom
2025-03-21 14:51:51,994 [Worker-40: Import Getting Started Content] INFO  o.e.m.c.i.e.AbstractTransferListenerAdapter - Downloaded https://repo.maven.apache.org/maven2/org/springframework/boot/spring-boot/3.4.4/spring-boot-3.4.4.pom
2025-03-21 14:51:52,020 [Worker-40: Import Getting Started Content] INFO  o.e.m.c.i.e.AbstractTransferListenerAdapter - Downloading https://repo.maven.apache.org/maven2/org/springframework/spring-core/6.2.5/spring-core-6.2.5.pom
2025-03-21 14:51:52,024 [Worker-40: Import Getting Started Content] INFO  o.e.m.c.i.e.AbstractTransferListenerAdapter - Downloaded https://repo.maven.apache.org/maven2/org/springframework/spring-core/6.2.5/spring-core-6.2.5.pom
2025-03-21 14:51:52,052 [Worker-40: Import Getting Started Content] INFO  o.e.m.c.i.e.AbstractTransferListenerAdapter - Downloading https://repo.maven.apache.org/maven2/org/springframework/spring-jcl/6.2.5/spring-jcl-6.2.5.pom
2025-03-21 14:51:52,056 [Worker-40: Import Getting Started Content] INFO  o.e.m.c.i.e.AbstractTransferListenerAdapter - Downloaded https://repo.maven.apache.org/maven2/org/springframework/spring-jcl/6.2.5/spring-jcl-6.2.5.pom
2025-03-21 14:51:52,083 [Worker-40: Import Getting Started Content] INFO  o.e.m.c.i.e.AbstractTransferListenerAdapter - Downloading https://repo.maven.apache.org/maven2/org/springframework/spring-context/6.2.5/spring-context-6.2.5.pom
2025-03-21 14:51:52,087 [Worker-40: Import Getting Started Content] INFO  o.e.m.c.i.e.AbstractTransferListenerAdapter - Downloaded https://repo.maven.apache.org/maven2/org/springframework/spring-context/6.2.5/spring-context-6.2.5.pom
2025-03-21 14:51:52,114 [Worker-40: Import Getting Started Content] INFO  o.e.m.c.i.e.AbstractTransferListenerAdapter - Downloading https://repo.maven.apache.org/maven2/org/springframework/spring-aop/6.2.5/spring-aop-6.2.5.pom
2025-03-21 14:51:52,117 [Worker-40: Import Getting Started Content] INFO  o.e.m.c.i.e.AbstractTransferListenerAdapter - Downloaded https://repo.maven.apache.org/maven2/org/springframework/spring-aop/6.2.5/spring-aop-6.2.5.pom
2025-03-21 14:51:52,144 [Worker-40: Import Getting Started Content] INFO  o.e.m.c.i.e.AbstractTransferListenerAdapter - Downloading https://repo.maven.apache.org/maven2/org/springframework/spring-beans/6.2.5/spring-beans-6.2.5.pom
2025-03-21 14:51:52,148 [Worker-40: Import Getting Started Content] INFO  o.e.m.c.i.e.AbstractTransferListenerAdapter - Downloaded https://repo.maven.apache.org/maven2/org/springframework/spring-beans/6.2.5/spring-beans-6.2.5.pom
2025-03-21 14:51:52,175 [Worker-40: Import Getting Started Content] INFO  o.e.m.c.i.e.AbstractTransferListenerAdapter - Downloading https://repo.maven.apache.org/maven2/org/springframework/spring-expression/6.2.5/spring-expression-6.2.5.pom
2025-03-21 14:51:52,178 [Worker-40: Import Getting Started Content] INFO  o.e.m.c.i.e.AbstractTransferListenerAdapter - Downloaded https://repo.maven.apache.org/maven2/org/springframework/spring-expression/6.2.5/spring-expression-6.2.5.pom
2025-03-21 14:51:52,205 [Worker-40: Import Getting Started Content] INFO  o.e.m.c.i.e.AbstractTransferListenerAdapter - Downloading https://repo.maven.apache.org/maven2/io/micrometer/micrometer-observation/1.14.5/micrometer-observation-1.14.5.pom
2025-03-21 14:51:52,209 [Worker-40: Import Getting Started Content] INFO  o.e.m.c.i.e.AbstractTransferListenerAdapter - Downloaded https://repo.maven.apache.org/maven2/io/micrometer/micrometer-observation/1.14.5/micrometer-observation-1.14.5.pom
2025-03-21 14:51:52,236 [Worker-40: Import Getting Started Content] INFO  o.e.m.c.i.e.AbstractTransferListenerAdapter - Downloading https://repo.maven.apache.org/maven2/io/micrometer/micrometer-commons/1.14.5/micrometer-commons-1.14.5.pom
2025-03-21 14:51:52,240 [Worker-40: Import Getting Started Content] INFO  o.e.m.c.i.e.AbstractTransferListenerAdapter - Downloaded https://repo.maven.apache.org/maven2/io/micrometer/micrometer-commons/1.14.5/micrometer-commons-1.14.5.pom
2025-03-21 14:51:52,270 [Worker-40: Import Getting Started Content] INFO  o.e.m.c.i.e.AbstractTransferListenerAdapter - Downloading https://repo.maven.apache.org/maven2/org/springframework/boot/spring-boot-autoconfigure/3.4.4/spring-boot-autoconfigure-3.4.4.pom
2025-03-21 14:51:52,274 [Worker-40: Import Getting Started Content] INFO  o.e.m.c.i.e.AbstractTransferListenerAdapter - Downloaded https://repo.maven.apache.org/maven2/org/springframework/boot/spring-boot-autoconfigure/3.4.4/spring-boot-autoconfigure-3.4.4.pom
2025-03-21 14:51:52,301 [Worker-40: Import Getting Started Content] INFO  o.e.m.c.i.e.AbstractTransferListenerAdapter - Downloading https://repo.maven.apache.org/maven2/org/springframework/boot/spring-boot-starter-logging/3.4.4/spring-boot-starter-logging-3.4.4.pom
2025-03-21 14:51:52,307 [Worker-40: Import Getting Started Content] INFO  o.e.m.c.i.e.AbstractTransferListenerAdapter - Downloaded https://repo.maven.apache.org/maven2/org/springframework/boot/spring-boot-starter-logging/3.4.4/spring-boot-starter-logging-3.4.4.pom
2025-03-21 14:51:52,336 [Worker-40: Import Getting Started Content] INFO  o.e.m.c.i.e.AbstractTransferListenerAdapter - Downloading https://repo.maven.apache.org/maven2/ch/qos/logback/logback-classic/1.5.18/logback-classic-1.5.18.pom
2025-03-21 14:51:52,340 [Worker-40: Import Getting Started Content] INFO  o.e.m.c.i.e.AbstractTransferListenerAdapter - Downloaded https://repo.maven.apache.org/maven2/ch/qos/logback/logback-classic/1.5.18/logback-classic-1.5.18.pom
2025-03-21 14:51:52,371 [Worker-40: Import Getting Started Content] INFO  o.e.m.c.i.e.AbstractTransferListenerAdapter - Downloading https://repo.maven.apache.org/maven2/ch/qos/logback/logback-parent/1.5.18/logback-parent-1.5.18.pom
2025-03-21 14:51:52,375 [Worker-40: Import Getting Started Content] INFO  o.e.m.c.i.e.AbstractTransferListenerAdapter - Downloaded https://repo.maven.apache.org/maven2/ch/qos/logback/logback-parent/1.5.18/logback-parent-1.5.18.pom
2025-03-21 14:51:52,407 [Worker-40: Import Getting Started Content] INFO  o.e.m.c.i.e.AbstractTransferListenerAdapter - Downloading https://repo.maven.apache.org/maven2/ch/qos/logback/logback-core/1.5.18/logback-core-1.5.18.pom
2025-03-21 14:51:52,411 [Worker-40: Import Getting Started Content] INFO  o.e.m.c.i.e.AbstractTransferListenerAdapter - Downloaded https://repo.maven.apache.org/maven2/ch/qos/logback/logback-core/1.5.18/logback-core-1.5.18.pom
2025-03-21 14:51:52,447 [Worker-40: Import Getting Started Content] INFO  o.e.m.c.i.e.AbstractTransferListenerAdapter - Downloading https://repo.maven.apache.org/maven2/org/slf4j/slf4j-api/2.0.17/slf4j-api-2.0.17.pom
2025-03-21 14:51:52,451 [Worker-40: Import Getting Started Content] INFO  o.e.m.c.i.e.AbstractTransferListenerAdapter - Downloaded https://repo.maven.apache.org/maven2/org/slf4j/slf4j-api/2.0.17/slf4j-api-2.0.17.pom
2025-03-21 14:51:52,498 [Worker-40: Import Getting Started Content] INFO  o.e.m.c.i.e.AbstractTransferListenerAdapter - Downloading https://repo.maven.apache.org/maven2/org/slf4j/slf4j-parent/2.0.17/slf4j-parent-2.0.17.pom
2025-03-21 14:51:52,502 [Worker-40: Import Getting Started Content] INFO  o.e.m.c.i.e.AbstractTransferListenerAdapter - Downloaded https://repo.maven.apache.org/maven2/org/slf4j/slf4j-parent/2.0.17/slf4j-parent-2.0.17.pom
2025-03-21 14:51:52,532 [Worker-40: Import Getting Started Content] INFO  o.e.m.c.i.e.AbstractTransferListenerAdapter - Downloading https://repo.maven.apache.org/maven2/org/slf4j/slf4j-bom/2.0.17/slf4j-bom-2.0.17.pom
2025-03-21 14:51:52,536 [Worker-40: Import Getting Started Content] INFO  o.e.m.c.i.e.AbstractTransferListenerAdapter - Downloaded https://repo.maven.apache.org/maven2/org/slf4j/slf4j-bom/2.0.17/slf4j-bom-2.0.17.pom
2025-03-21 14:51:52,615 [Worker-40: Import Getting Started Content] INFO  o.e.m.c.i.e.AbstractTransferListenerAdapter - Downloading https://repo.maven.apache.org/maven2/org/slf4j/jul-to-slf4j/2.0.17/jul-to-slf4j-2.0.17.pom
2025-03-21 14:51:52,618 [Worker-40: Import Getting Started Content] INFO  o.e.m.c.i.e.AbstractTransferListenerAdapter - Downloaded https://repo.maven.apache.org/maven2/org/slf4j/jul-to-slf4j/2.0.17/jul-to-slf4j-2.0.17.pom
2025-03-21 14:51:52,654 [Worker-40: Import Getting Started Content] INFO  o.e.m.c.i.e.AbstractTransferListenerAdapter - Downloading https://repo.maven.apache.org/maven2/org/springframework/boot/spring-boot-starter-json/3.4.4/spring-boot-starter-json-3.4.4.pom
2025-03-21 14:51:52,657 [Worker-40: Import Getting Started Content] INFO  o.e.m.c.i.e.AbstractTransferListenerAdapter - Downloaded https://repo.maven.apache.org/maven2/org/springframework/boot/spring-boot-starter-json/3.4.4/spring-boot-starter-json-3.4.4.pom
2025-03-21 14:51:52,684 [Worker-40: Import Getting Started Content] INFO  o.e.m.c.i.e.AbstractTransferListenerAdapter - Downloading https://repo.maven.apache.org/maven2/org/springframework/spring-web/6.2.5/spring-web-6.2.5.pom
2025-03-21 14:51:52,687 [Worker-40: Import Getting Started Content] INFO  o.e.m.c.i.e.AbstractTransferListenerAdapter - Downloaded https://repo.maven.apache.org/maven2/org/springframework/spring-web/6.2.5/spring-web-6.2.5.pom
2025-03-21 14:51:52,714 [Worker-40: Import Getting Started Content] INFO  o.e.m.c.i.e.AbstractTransferListenerAdapter - Downloading https://repo.maven.apache.org/maven2/com/fasterxml/jackson/core/jackson-databind/2.18.3/jackson-databind-2.18.3.pom
2025-03-21 14:51:52,719 [Worker-40: Import Getting Started Content] INFO  o.e.m.c.i.e.AbstractTransferListenerAdapter - Downloaded https://repo.maven.apache.org/maven2/com/fasterxml/jackson/core/jackson-databind/2.18.3/jackson-databind-2.18.3.pom
2025-03-21 14:51:52,750 [Worker-40: Import Getting Started Content] INFO  o.e.m.c.i.e.AbstractTransferListenerAdapter - Downloading https://repo.maven.apache.org/maven2/com/fasterxml/jackson/jackson-base/2.18.3/jackson-base-2.18.3.pom
2025-03-21 14:51:52,754 [Worker-40: Import Getting Started Content] INFO  o.e.m.c.i.e.AbstractTransferListenerAdapter - Downloaded https://repo.maven.apache.org/maven2/com/fasterxml/jackson/jackson-base/2.18.3/jackson-base-2.18.3.pom
2025-03-21 14:51:52,787 [Worker-40: Import Getting Started Content] INFO  o.e.m.c.i.e.AbstractTransferListenerAdapter - Downloading https://repo.maven.apache.org/maven2/com/fasterxml/jackson/core/jackson-annotations/2.18.3/jackson-annotations-2.18.3.pom
2025-03-21 14:51:52,790 [Worker-40: Import Getting Started Content] INFO  o.e.m.c.i.e.AbstractTransferListenerAdapter - Downloaded https://repo.maven.apache.org/maven2/com/fasterxml/jackson/core/jackson-annotations/2.18.3/jackson-annotations-2.18.3.pom
2025-03-21 14:51:52,818 [Worker-40: Import Getting Started Content] INFO  o.e.m.c.i.e.AbstractTransferListenerAdapter - Downloading https://repo.maven.apache.org/maven2/com/fasterxml/jackson/core/jackson-core/2.18.3/jackson-core-2.18.3.pom
2025-03-21 14:51:52,822 [Worker-40: Import Getting Started Content] INFO  o.e.m.c.i.e.AbstractTransferListenerAdapter - Downloaded https://repo.maven.apache.org/maven2/com/fasterxml/jackson/core/jackson-core/2.18.3/jackson-core-2.18.3.pom
2025-03-21 14:51:52,852 [Worker-40: Import Getting Started Content] INFO  o.e.m.c.i.e.AbstractTransferListenerAdapter - Downloading https://repo.maven.apache.org/maven2/com/fasterxml/jackson/datatype/jackson-datatype-jdk8/2.18.3/jackson-datatype-jdk8-2.18.3.pom
2025-03-21 14:51:52,855 [Worker-40: Import Getting Started Content] INFO  o.e.m.c.i.e.AbstractTransferListenerAdapter - Downloaded https://repo.maven.apache.org/maven2/com/fasterxml/jackson/datatype/jackson-datatype-jdk8/2.18.3/jackson-datatype-jdk8-2.18.3.pom
2025-03-21 14:51:52,883 [Worker-40: Import Getting Started Content] INFO  o.e.m.c.i.e.AbstractTransferListenerAdapter - Downloading https://repo.maven.apache.org/maven2/com/fasterxml/jackson/module/jackson-modules-java8/2.18.3/jackson-modules-java8-2.18.3.pom
2025-03-21 14:51:52,886 [Worker-40: Import Getting Started Content] INFO  o.e.m.c.i.e.AbstractTransferListenerAdapter - Downloaded https://repo.maven.apache.org/maven2/com/fasterxml/jackson/module/jackson-modules-java8/2.18.3/jackson-modules-java8-2.18.3.pom
2025-03-21 14:51:52,914 [Worker-40: Import Getting Started Content] INFO  o.e.m.c.i.e.AbstractTransferListenerAdapter - Downloading https://repo.maven.apache.org/maven2/com/fasterxml/jackson/datatype/jackson-datatype-jsr310/2.18.3/jackson-datatype-jsr310-2.18.3.pom
2025-03-21 14:51:52,917 [Worker-40: Import Getting Started Content] INFO  o.e.m.c.i.e.AbstractTransferListenerAdapter - Downloaded https://repo.maven.apache.org/maven2/com/fasterxml/jackson/datatype/jackson-datatype-jsr310/2.18.3/jackson-datatype-jsr310-2.18.3.pom
2025-03-21 14:51:52,945 [Worker-40: Import Getting Started Content] INFO  o.e.m.c.i.e.AbstractTransferListenerAdapter - Downloading https://repo.maven.apache.org/maven2/com/fasterxml/jackson/module/jackson-module-parameter-names/2.18.3/jackson-module-parameter-names-2.18.3.pom
2025-03-21 14:51:52,948 [Worker-40: Import Getting Started Content] INFO  o.e.m.c.i.e.AbstractTransferListenerAdapter - Downloaded https://repo.maven.apache.org/maven2/com/fasterxml/jackson/module/jackson-module-parameter-names/2.18.3/jackson-module-parameter-names-2.18.3.pom
2025-03-21 14:51:52,978 [Worker-40: Import Getting Started Content] INFO  o.e.m.c.i.e.AbstractTransferListenerAdapter - Downloading https://repo.maven.apache.org/maven2/org/springframework/boot/spring-boot-starter-tomcat/3.4.4/spring-boot-starter-tomcat-3.4.4.pom
2025-03-21 14:51:52,982 [Worker-40: Import Getting Started Content] INFO  o.e.m.c.i.e.AbstractTransferListenerAdapter - Downloaded https://repo.maven.apache.org/maven2/org/springframework/boot/spring-boot-starter-tomcat/3.4.4/spring-boot-starter-tomcat-3.4.4.pom
2025-03-21 14:51:53,010 [Worker-40: Import Getting Started Content] INFO  o.e.m.c.i.e.AbstractTransferListenerAdapter - Downloading https://repo.maven.apache.org/maven2/org/apache/tomcat/embed/tomcat-embed-core/10.1.39/tomcat-embed-core-10.1.39.pom
2025-03-21 14:51:53,014 [Worker-40: Import Getting Started Content] INFO  o.e.m.c.i.e.AbstractTransferListenerAdapter - Downloaded https://repo.maven.apache.org/maven2/org/apache/tomcat/embed/tomcat-embed-core/10.1.39/tomcat-embed-core-10.1.39.pom
2025-03-21 14:51:53,041 [Worker-40: Import Getting Started Content] INFO  o.e.m.c.i.e.AbstractTransferListenerAdapter - Downloading https://repo.maven.apache.org/maven2/org/apache/tomcat/embed/tomcat-embed-el/10.1.39/tomcat-embed-el-10.1.39.pom
2025-03-21 14:51:53,044 [Worker-40: Import Getting Started Content] INFO  o.e.m.c.i.e.AbstractTransferListenerAdapter - Downloaded https://repo.maven.apache.org/maven2/org/apache/tomcat/embed/tomcat-embed-el/10.1.39/tomcat-embed-el-10.1.39.pom
2025-03-21 14:51:53,072 [Worker-40: Import Getting Started Content] INFO  o.e.m.c.i.e.AbstractTransferListenerAdapter - Downloading https://repo.maven.apache.org/maven2/org/apache/tomcat/embed/tomcat-embed-websocket/10.1.39/tomcat-embed-websocket-10.1.39.pom
2025-03-21 14:51:53,077 [Worker-40: Import Getting Started Content] INFO  o.e.m.c.i.e.AbstractTransferListenerAdapter - Downloaded https://repo.maven.apache.org/maven2/org/apache/tomcat/embed/tomcat-embed-websocket/10.1.39/tomcat-embed-websocket-10.1.39.pom
2025-03-21 14:51:53,106 [Worker-40: Import Getting Started Content] INFO  o.e.m.c.i.e.AbstractTransferListenerAdapter - Downloading https://repo.maven.apache.org/maven2/org/springframework/spring-webmvc/6.2.5/spring-webmvc-6.2.5.pom
2025-03-21 14:51:53,110 [Worker-40: Import Getting Started Content] INFO  o.e.m.c.i.e.AbstractTransferListenerAdapter - Downloaded https://repo.maven.apache.org/maven2/org/springframework/spring-webmvc/6.2.5/spring-webmvc-6.2.5.pom
2025-03-21 14:51:53,271 [Worker-40: Import Getting Started Content] INFO  o.e.m.c.i.e.AbstractTransferListenerAdapter - Downloading https://repo.maven.apache.org/maven2/org/springframework/security/spring-security-crypto/6.4.4/spring-security-crypto-6.4.4.pom
2025-03-21 14:51:53,274 [Worker-40: Import Getting Started Content] INFO  o.e.m.c.i.e.AbstractTransferListenerAdapter - Downloaded https://repo.maven.apache.org/maven2/org/springframework/security/spring-security-crypto/6.4.4/spring-security-crypto-6.4.4.pom
2025-03-21 14:51:53,543 [Worker-40: Import Getting Started Content] INFO  o.e.m.c.i.e.AbstractTransferListenerAdapter - Downloading https://repo.maven.apache.org/maven2/io/projectreactor/reactor-core/3.7.4/reactor-core-3.7.4.pom
2025-03-21 14:51:53,547 [Worker-40: Import Getting Started Content] INFO  o.e.m.c.i.e.AbstractTransferListenerAdapter - Downloaded https://repo.maven.apache.org/maven2/io/projectreactor/reactor-core/3.7.4/reactor-core-3.7.4.pom
2025-03-21 14:51:53,582 [Worker-40: Import Getting Started Content] INFO  o.e.m.c.i.e.AbstractTransferListenerAdapter - Downloading https://repo.maven.apache.org/maven2/org/springframework/boot/spring-boot-starter-cache/3.4.4/spring-boot-starter-cache-3.4.4.pom
2025-03-21 14:51:53,587 [Worker-40: Import Getting Started Content] INFO  o.e.m.c.i.e.AbstractTransferListenerAdapter - Downloaded https://repo.maven.apache.org/maven2/org/springframework/boot/spring-boot-starter-cache/3.4.4/spring-boot-starter-cache-3.4.4.pom
2025-03-21 14:51:53,615 [Worker-40: Import Getting Started Content] INFO  o.e.m.c.i.e.AbstractTransferListenerAdapter - Downloading https://repo.maven.apache.org/maven2/org/springframework/spring-context-support/6.2.5/spring-context-support-6.2.5.pom
2025-03-21 14:51:53,619 [Worker-40: Import Getting Started Content] INFO  o.e.m.c.i.e.AbstractTransferListenerAdapter - Downloaded https://repo.maven.apache.org/maven2/org/springframework/spring-context-support/6.2.5/spring-context-support-6.2.5.pom
2025-03-21 14:51:53,651 [Worker-40: Import Getting Started Content] INFO  o.e.m.c.i.e.AbstractTransferListenerAdapter - Downloading https://repo.maven.apache.org/maven2/org/springframework/cloud/spring-cloud-starter-openfeign/4.2.1/spring-cloud-starter-openfeign-4.2.1.pom
2025-03-21 14:51:53,656 [Worker-40: Import Getting Started Content] INFO  o.e.m.c.i.e.AbstractTransferListenerAdapter - Downloaded https://repo.maven.apache.org/maven2/org/springframework/cloud/spring-cloud-starter-openfeign/4.2.1/spring-cloud-starter-openfeign-4.2.1.pom
2025-03-21 14:51:53,686 [Worker-40: Import Getting Started Content] INFO  o.e.m.c.i.e.AbstractTransferListenerAdapter - Downloading https://repo.maven.apache.org/maven2/org/springframework/cloud/spring-cloud-openfeign/4.2.1/spring-cloud-openfeign-4.2.1.pom
2025-03-21 14:51:53,690 [Worker-40: Import Getting Started Content] INFO  o.e.m.c.i.e.AbstractTransferListenerAdapter - Downloaded https://repo.maven.apache.org/maven2/org/springframework/cloud/spring-cloud-openfeign/4.2.1/spring-cloud-openfeign-4.2.1.pom
2025-03-21 14:51:53,721 [Worker-40: Import Getting Started Content] INFO  o.e.m.c.i.e.AbstractTransferListenerAdapter - Downloading https://repo.maven.apache.org/maven2/org/springframework/cloud/spring-cloud-openfeign-core/4.2.1/spring-cloud-openfeign-core-4.2.1.pom
2025-03-21 14:51:53,725 [Worker-40: Import Getting Started Content] INFO  o.e.m.c.i.e.AbstractTransferListenerAdapter - Downloaded https://repo.maven.apache.org/maven2/org/springframework/cloud/spring-cloud-openfeign-core/4.2.1/spring-cloud-openfeign-core-4.2.1.pom
2025-03-21 14:51:53,757 [Worker-40: Import Getting Started Content] INFO  o.e.m.c.i.e.AbstractTransferListenerAdapter - Downloading https://repo.maven.apache.org/maven2/io/github/openfeign/feign-form-spring/13.5/feign-form-spring-13.5.pom
2025-03-21 14:51:53,761 [Worker-40: Import Getting Started Content] INFO  o.e.m.c.i.e.AbstractTransferListenerAdapter - Downloaded https://repo.maven.apache.org/maven2/io/github/openfeign/feign-form-spring/13.5/feign-form-spring-13.5.pom
2025-03-21 14:51:53,791 [Worker-40: Import Getting Started Content] INFO  o.e.m.c.i.e.AbstractTransferListenerAdapter - Downloading https://repo.maven.apache.org/maven2/io/github/openfeign/parent/13.5/parent-13.5.pom
2025-03-21 14:51:53,797 [Worker-40: Import Getting Started Content] INFO  o.e.m.c.i.e.AbstractTransferListenerAdapter - Downloaded https://repo.maven.apache.org/maven2/io/github/openfeign/parent/13.5/parent-13.5.pom
2025-03-21 14:51:53,826 [Worker-40: Import Getting Started Content] INFO  o.e.m.c.i.e.AbstractTransferListenerAdapter - Downloading https://repo.maven.apache.org/maven2/io/github/openfeign/feign-form/13.5/feign-form-13.5.pom
2025-03-21 14:51:53,831 [Worker-40: Import Getting Started Content] INFO  o.e.m.c.i.e.AbstractTransferListenerAdapter - Downloaded https://repo.maven.apache.org/maven2/io/github/openfeign/feign-form/13.5/feign-form-13.5.pom
2025-03-21 14:51:53,862 [Worker-40: Import Getting Started Content] INFO  o.e.m.c.i.e.AbstractTransferListenerAdapter - Downloading https://repo.maven.apache.org/maven2/io/github/openfeign/feign-core/13.5/feign-core-13.5.pom
2025-03-21 14:51:53,866 [Worker-40: Import Getting Started Content] INFO  o.e.m.c.i.e.AbstractTransferListenerAdapter - Downloaded https://repo.maven.apache.org/maven2/io/github/openfeign/feign-core/13.5/feign-core-13.5.pom
2025-03-21 14:51:53,897 [Worker-40: Import Getting Started Content] INFO  o.e.m.c.i.e.AbstractTransferListenerAdapter - Downloading https://repo.maven.apache.org/maven2/commons-fileupload/commons-fileupload/1.5/commons-fileupload-1.5.pom
2025-03-21 14:51:53,900 [Worker-40: Import Getting Started Content] INFO  o.e.m.c.i.e.AbstractTransferListenerAdapter - Downloaded https://repo.maven.apache.org/maven2/commons-fileupload/commons-fileupload/1.5/commons-fileupload-1.5.pom
2025-03-21 14:51:53,927 [Worker-40: Import Getting Started Content] INFO  o.e.m.c.i.e.AbstractTransferListenerAdapter - Downloading https://repo.maven.apache.org/maven2/org/apache/commons/commons-parent/56/commons-parent-56.pom
2025-03-21 14:51:53,932 [Worker-40: Import Getting Started Content] INFO  o.e.m.c.i.e.AbstractTransferListenerAdapter - Downloaded https://repo.maven.apache.org/maven2/org/apache/commons/commons-parent/56/commons-parent-56.pom
2025-03-21 14:51:53,962 [Worker-40: Import Getting Started Content] INFO  o.e.m.c.i.e.AbstractTransferListenerAdapter - Downloading https://repo.maven.apache.org/maven2/org/junit/junit-bom/5.9.1/junit-bom-5.9.1.pom
2025-03-21 14:51:53,966 [Worker-40: Import Getting Started Content] INFO  o.e.m.c.i.e.AbstractTransferListenerAdapter - Downloaded https://repo.maven.apache.org/maven2/org/junit/junit-bom/5.9.1/junit-bom-5.9.1.pom
2025-03-21 14:51:53,994 [Worker-40: Import Getting Started Content] INFO  o.e.m.c.i.e.AbstractTransferListenerAdapter - Downloading https://repo.maven.apache.org/maven2/io/github/openfeign/feign-slf4j/13.5/feign-slf4j-13.5.pom
2025-03-21 14:51:53,997 [Worker-40: Import Getting Started Content] INFO  o.e.m.c.i.e.AbstractTransferListenerAdapter - Downloaded https://repo.maven.apache.org/maven2/io/github/openfeign/feign-slf4j/13.5/feign-slf4j-13.5.pom
2025-03-21 14:51:54,025 [Worker-40: Import Getting Started Content] INFO  o.e.m.c.i.e.AbstractTransferListenerAdapter - Downloading https://repo.maven.apache.org/maven2/org/springframework/boot/spring-boot-starter-test/3.4.4/spring-boot-starter-test-3.4.4.pom
2025-03-21 14:51:54,029 [Worker-40: Import Getting Started Content] INFO  o.e.m.c.i.e.AbstractTransferListenerAdapter - Downloaded https://repo.maven.apache.org/maven2/org/springframework/boot/spring-boot-starter-test/3.4.4/spring-boot-starter-test-3.4.4.pom
2025-03-21 14:51:54,066 [Worker-40: Import Getting Started Content] INFO  o.e.m.c.i.e.AbstractTransferListenerAdapter - Downloading https://repo.maven.apache.org/maven2/org/springframework/boot/spring-boot-test/3.4.4/spring-boot-test-3.4.4.pom
2025-03-21 14:51:54,070 [Worker-40: Import Getting Started Content] INFO  o.e.m.c.i.e.AbstractTransferListenerAdapter - Downloaded https://repo.maven.apache.org/maven2/org/springframework/boot/spring-boot-test/3.4.4/spring-boot-test-3.4.4.pom
2025-03-21 14:51:54,097 [Worker-40: Import Getting Started Content] INFO  o.e.m.c.i.e.AbstractTransferListenerAdapter - Downloading https://repo.maven.apache.org/maven2/org/springframework/spring-test/6.2.5/spring-test-6.2.5.pom
2025-03-21 14:51:54,100 [Worker-40: Import Getting Started Content] INFO  o.e.m.c.i.e.AbstractTransferListenerAdapter - Downloaded https://repo.maven.apache.org/maven2/org/springframework/spring-test/6.2.5/spring-test-6.2.5.pom
2025-03-21 14:51:54,127 [Worker-40: Import Getting Started Content] INFO  o.e.m.c.i.e.AbstractTransferListenerAdapter - Downloading https://repo.maven.apache.org/maven2/org/springframework/boot/spring-boot-test-autoconfigure/3.4.4/spring-boot-test-autoconfigure-3.4.4.pom
2025-03-21 14:51:54,131 [Worker-40: Import Getting Started Content] INFO  o.e.m.c.i.e.AbstractTransferListenerAdapter - Downloaded https://repo.maven.apache.org/maven2/org/springframework/boot/spring-boot-test-autoconfigure/3.4.4/spring-boot-test-autoconfigure-3.4.4.pom
2025-03-21 14:51:54,332 [Worker-40: Import Getting Started Content] INFO  o.e.m.c.i.e.AbstractTransferListenerAdapter - Downloading https://repo.maven.apache.org/maven2/org/springframework/boot/spring-boot-starter-web/3.4.4/spring-boot-starter-web-3.4.4.jar
2025-03-21 14:51:54,336 [Worker-40: Import Getting Started Content] INFO  o.e.m.c.i.e.AbstractTransferListenerAdapter - Downloaded https://repo.maven.apache.org/maven2/org/springframework/boot/spring-boot-starter-web/3.4.4/spring-boot-starter-web-3.4.4.jar
2025-03-21 14:51:54,360 [BasicRepositoryConnector-repo.maven.apache.org-0-0] INFO  o.e.m.c.i.e.AbstractTransferListenerAdapter - Downloading https://repo.maven.apache.org/maven2/org/springframework/boot/spring-boot-starter/3.4.4/spring-boot-starter-3.4.4.jar
2025-03-21 14:51:54,365 [BasicRepositoryConnector-repo.maven.apache.org-0-0] INFO  o.e.m.c.i.e.AbstractTransferListenerAdapter - Downloaded https://repo.maven.apache.org/maven2/org/springframework/boot/spring-boot-starter/3.4.4/spring-boot-starter-3.4.4.jar
2025-03-21 14:51:54,392 [BasicRepositoryConnector-repo.maven.apache.org-0-0] INFO  o.e.m.c.i.e.AbstractTransferListenerAdapter - Downloading https://repo.maven.apache.org/maven2/ch/qos/logback/logback-core/1.5.18/logback-core-1.5.18.jar
2025-03-21 14:51:54,409 [BasicRepositoryConnector-repo.maven.apache.org-0-2] INFO  o.e.m.c.i.e.AbstractTransferListenerAdapter - Downloading https://repo.maven.apache.org/maven2/org/springframework/boot/spring-boot-autoconfigure/3.4.4/spring-boot-autoconfigure-3.4.4.jar
2025-03-21 14:51:54,409 [BasicRepositoryConnector-repo.maven.apache.org-0-3] INFO  o.e.m.c.i.e.AbstractTransferListenerAdapter - Downloading https://repo.maven.apache.org/maven2/org/springframework/boot/spring-boot-starter-logging/3.4.4/spring-boot-starter-logging-3.4.4.jar
2025-03-21 14:51:54,410 [BasicRepositoryConnector-repo.maven.apache.org-0-1] INFO  o.e.m.c.i.e.AbstractTransferListenerAdapter - Downloading https://repo.maven.apache.org/maven2/org/springframework/boot/spring-boot/3.4.4/spring-boot-3.4.4.jar
2025-03-21 14:51:54,413 [BasicRepositoryConnector-repo.maven.apache.org-0-4] INFO  o.e.m.c.i.e.AbstractTransferListenerAdapter - Downloading https://repo.maven.apache.org/maven2/ch/qos/logback/logback-classic/1.5.18/logback-classic-1.5.18.jar
2025-03-21 14:51:54,414 [BasicRepositoryConnector-repo.maven.apache.org-0-3] INFO  o.e.m.c.i.e.AbstractTransferListenerAdapter - Downloaded https://repo.maven.apache.org/maven2/org/springframework/boot/spring-boot-starter-logging/3.4.4/spring-boot-starter-logging-3.4.4.jar
2025-03-21 14:51:54,440 [BasicRepositoryConnector-repo.maven.apache.org-0-3] INFO  o.e.m.c.i.e.AbstractTransferListenerAdapter - Downloading https://repo.maven.apache.org/maven2/org/slf4j/jul-to-slf4j/2.0.17/jul-to-slf4j-2.0.17.jar
2025-03-21 14:51:54,443 [BasicRepositoryConnector-repo.maven.apache.org-0-3] INFO  o.e.m.c.i.e.AbstractTransferListenerAdapter - Downloaded https://repo.maven.apache.org/maven2/org/slf4j/jul-to-slf4j/2.0.17/jul-to-slf4j-2.0.17.jar
2025-03-21 14:51:54,453 [BasicRepositoryConnector-repo.maven.apache.org-0-0] INFO  o.e.m.c.i.e.AbstractTransferListenerAdapter - Downloaded https://repo.maven.apache.org/maven2/ch/qos/logback/logback-core/1.5.18/logback-core-1.5.18.jar
2025-03-21 14:51:54,468 [BasicRepositoryConnector-repo.maven.apache.org-0-3] INFO  o.e.m.c.i.e.AbstractTransferListenerAdapter - Downloading https://repo.maven.apache.org/maven2/org/springframework/boot/spring-boot-starter-json/3.4.4/spring-boot-starter-json-3.4.4.jar
2025-03-21 14:51:54,471 [BasicRepositoryConnector-repo.maven.apache.org-0-3] INFO  o.e.m.c.i.e.AbstractTransferListenerAdapter - Downloaded https://repo.maven.apache.org/maven2/org/springframework/boot/spring-boot-starter-json/3.4.4/spring-boot-starter-json-3.4.4.jar
2025-03-21 14:51:54,493 [BasicRepositoryConnector-repo.maven.apache.org-0-0] INFO  o.e.m.c.i.e.AbstractTransferListenerAdapter - Downloading https://repo.maven.apache.org/maven2/com/fasterxml/jackson/core/jackson-databind/2.18.3/jackson-databind-2.18.3.jar
2025-03-21 14:51:54,510 [BasicRepositoryConnector-repo.maven.apache.org-0-4] INFO  o.e.m.c.i.e.AbstractTransferListenerAdapter - Downloaded https://repo.maven.apache.org/maven2/ch/qos/logback/logback-classic/1.5.18/logback-classic-1.5.18.jar
2025-03-21 14:51:54,512 [BasicRepositoryConnector-repo.maven.apache.org-0-3] INFO  o.e.m.c.i.e.AbstractTransferListenerAdapter - Downloading https://repo.maven.apache.org/maven2/com/fasterxml/jackson/datatype/jackson-datatype-jdk8/2.18.3/jackson-datatype-jdk8-2.18.3.jar
2025-03-21 14:51:54,521 [BasicRepositoryConnector-repo.maven.apache.org-0-3] INFO  o.e.m.c.i.e.AbstractTransferListenerAdapter - Downloaded https://repo.maven.apache.org/maven2/com/fasterxml/jackson/datatype/jackson-datatype-jdk8/2.18.3/jackson-datatype-jdk8-2.18.3.jar
2025-03-21 14:51:54,536 [BasicRepositoryConnector-repo.maven.apache.org-0-4] INFO  o.e.m.c.i.e.AbstractTransferListenerAdapter - Downloading https://repo.maven.apache.org/maven2/com/fasterxml/jackson/datatype/jackson-datatype-jsr310/2.18.3/jackson-datatype-jsr310-2.18.3.jar
2025-03-21 14:51:54,580 [BasicRepositoryConnector-repo.maven.apache.org-0-3] INFO  o.e.m.c.i.e.AbstractTransferListenerAdapter - Downloading https://repo.maven.apache.org/maven2/com/fasterxml/jackson/module/jackson-module-parameter-names/2.18.3/jackson-module-parameter-names-2.18.3.jar
2025-03-21 14:51:54,582 [BasicRepositoryConnector-repo.maven.apache.org-0-4] INFO  o.e.m.c.i.e.AbstractTransferListenerAdapter - Downloaded https://repo.maven.apache.org/maven2/com/fasterxml/jackson/datatype/jackson-datatype-jsr310/2.18.3/jackson-datatype-jsr310-2.18.3.jar
2025-03-21 14:51:54,597 [BasicRepositoryConnector-repo.maven.apache.org-0-3] INFO  o.e.m.c.i.e.AbstractTransferListenerAdapter - Downloaded https://repo.maven.apache.org/maven2/com/fasterxml/jackson/module/jackson-module-parameter-names/2.18.3/jackson-module-parameter-names-2.18.3.jar
2025-03-21 14:51:54,623 [BasicRepositoryConnector-repo.maven.apache.org-0-4] INFO  o.e.m.c.i.e.AbstractTransferListenerAdapter - Downloading https://repo.maven.apache.org/maven2/org/springframework/boot/spring-boot-starter-tomcat/3.4.4/spring-boot-starter-tomcat-3.4.4.jar
2025-03-21 14:51:54,625 [BasicRepositoryConnector-repo.maven.apache.org-0-3] INFO  o.e.m.c.i.e.AbstractTransferListenerAdapter - Downloading https://repo.maven.apache.org/maven2/org/apache/tomcat/embed/tomcat-embed-core/10.1.39/tomcat-embed-core-10.1.39.jar
2025-03-21 14:51:54,627 [BasicRepositoryConnector-repo.maven.apache.org-0-4] INFO  o.e.m.c.i.e.AbstractTransferListenerAdapter - Downloaded https://repo.maven.apache.org/maven2/org/springframework/boot/spring-boot-starter-tomcat/3.4.4/spring-boot-starter-tomcat-3.4.4.jar
2025-03-21 14:51:54,672 [BasicRepositoryConnector-repo.maven.apache.org-0-4] INFO  o.e.m.c.i.e.AbstractTransferListenerAdapter - Downloading https://repo.maven.apache.org/maven2/org/apache/tomcat/embed/tomcat-embed-el/10.1.39/tomcat-embed-el-10.1.39.jar
2025-03-21 14:51:54,676 [BasicRepositoryConnector-repo.maven.apache.org-0-1] INFO  o.e.m.c.i.e.AbstractTransferListenerAdapter - Downloaded https://repo.maven.apache.org/maven2/org/springframework/boot/spring-boot/3.4.4/spring-boot-3.4.4.jar
2025-03-21 14:51:54,695 [BasicRepositoryConnector-repo.maven.apache.org-0-2] INFO  o.e.m.c.i.e.AbstractTransferListenerAdapter - Downloaded https://repo.maven.apache.org/maven2/org/springframework/boot/spring-boot-autoconfigure/3.4.4/spring-boot-autoconfigure-3.4.4.jar
2025-03-21 14:51:54,698 [BasicRepositoryConnector-repo.maven.apache.org-0-4] INFO  o.e.m.c.i.e.AbstractTransferListenerAdapter - Downloaded https://repo.maven.apache.org/maven2/org/apache/tomcat/embed/tomcat-embed-el/10.1.39/tomcat-embed-el-10.1.39.jar
2025-03-21 14:51:54,707 [BasicRepositoryConnector-repo.maven.apache.org-0-1] INFO  o.e.m.c.i.e.AbstractTransferListenerAdapter - Downloading https://repo.maven.apache.org/maven2/org/apache/tomcat/embed/tomcat-embed-websocket/10.1.39/tomcat-embed-websocket-10.1.39.jar
2025-03-21 14:51:54,720 [BasicRepositoryConnector-repo.maven.apache.org-0-2] INFO  o.e.m.c.i.e.AbstractTransferListenerAdapter - Downloading https://repo.maven.apache.org/maven2/org/springframework/spring-web/6.2.5/spring-web-6.2.5.jar
2025-03-21 14:51:54,723 [BasicRepositoryConnector-repo.maven.apache.org-0-0] INFO  o.e.m.c.i.e.AbstractTransferListenerAdapter - Downloaded https://repo.maven.apache.org/maven2/com/fasterxml/jackson/core/jackson-databind/2.18.3/jackson-databind-2.18.3.jar
2025-03-21 14:51:54,724 [BasicRepositoryConnector-repo.maven.apache.org-0-4] INFO  o.e.m.c.i.e.AbstractTransferListenerAdapter - Downloading https://repo.maven.apache.org/maven2/org/springframework/spring-beans/6.2.5/spring-beans-6.2.5.jar
2025-03-21 14:51:54,726 [BasicRepositoryConnector-repo.maven.apache.org-0-1] INFO  o.e.m.c.i.e.AbstractTransferListenerAdapter - Downloaded https://repo.maven.apache.org/maven2/org/apache/tomcat/embed/tomcat-embed-websocket/10.1.39/tomcat-embed-websocket-10.1.39.jar
2025-03-21 14:51:54,773 [BasicRepositoryConnector-repo.maven.apache.org-0-0] INFO  o.e.m.c.i.e.AbstractTransferListenerAdapter - Downloading https://repo.maven.apache.org/maven2/io/micrometer/micrometer-observation/1.14.5/micrometer-observation-1.14.5.jar
2025-03-21 14:51:54,774 [BasicRepositoryConnector-repo.maven.apache.org-0-1] INFO  o.e.m.c.i.e.AbstractTransferListenerAdapter - Downloading https://repo.maven.apache.org/maven2/io/micrometer/micrometer-commons/1.14.5/micrometer-commons-1.14.5.jar
2025-03-21 14:51:54,780 [BasicRepositoryConnector-repo.maven.apache.org-0-1] INFO  o.e.m.c.i.e.AbstractTransferListenerAdapter - Downloaded https://repo.maven.apache.org/maven2/io/micrometer/micrometer-commons/1.14.5/micrometer-commons-1.14.5.jar
2025-03-21 14:51:54,781 [BasicRepositoryConnector-repo.maven.apache.org-0-0] INFO  o.e.m.c.i.e.AbstractTransferListenerAdapter - Downloaded https://repo.maven.apache.org/maven2/io/micrometer/micrometer-observation/1.14.5/micrometer-observation-1.14.5.jar
2025-03-21 14:51:54,808 [BasicRepositoryConnector-repo.maven.apache.org-0-4] INFO  o.e.m.c.i.e.AbstractTransferListenerAdapter - Downloaded https://repo.maven.apache.org/maven2/org/springframework/spring-beans/6.2.5/spring-beans-6.2.5.jar
2025-03-21 14:51:54,826 [BasicRepositoryConnector-repo.maven.apache.org-0-0] INFO  o.e.m.c.i.e.AbstractTransferListenerAdapter - Downloading https://repo.maven.apache.org/maven2/org/springframework/spring-aop/6.2.5/spring-aop-6.2.5.jar
2025-03-21 14:51:54,826 [BasicRepositoryConnector-repo.maven.apache.org-0-1] INFO  o.e.m.c.i.e.AbstractTransferListenerAdapter - Downloading https://repo.maven.apache.org/maven2/org/springframework/spring-webmvc/6.2.5/spring-webmvc-6.2.5.jar
2025-03-21 14:51:54,847 [BasicRepositoryConnector-repo.maven.apache.org-0-4] INFO  o.e.m.c.i.e.AbstractTransferListenerAdapter - Downloading https://repo.maven.apache.org/maven2/org/springframework/spring-context/6.2.5/spring-context-6.2.5.jar
2025-03-21 14:51:54,896 [BasicRepositoryConnector-repo.maven.apache.org-0-0] INFO  o.e.m.c.i.e.AbstractTransferListenerAdapter - Downloaded https://repo.maven.apache.org/maven2/org/springframework/spring-aop/6.2.5/spring-aop-6.2.5.jar
2025-03-21 14:51:54,976 [BasicRepositoryConnector-repo.maven.apache.org-0-0] INFO  o.e.m.c.i.e.AbstractTransferListenerAdapter - Downloading https://repo.maven.apache.org/maven2/org/springframework/spring-expression/6.2.5/spring-expression-6.2.5.jar
2025-03-21 14:51:55,015 [BasicRepositoryConnector-repo.maven.apache.org-0-0] INFO  o.e.m.c.i.e.AbstractTransferListenerAdapter - Downloaded https://repo.maven.apache.org/maven2/org/springframework/spring-expression/6.2.5/spring-expression-6.2.5.jar
2025-03-21 14:51:55,054 [BasicRepositoryConnector-repo.maven.apache.org-0-4] INFO  o.e.m.c.i.e.AbstractTransferListenerAdapter - Downloaded https://repo.maven.apache.org/maven2/org/springframework/spring-context/6.2.5/spring-context-6.2.5.jar
2025-03-21 14:51:55,056 [BasicRepositoryConnector-repo.maven.apache.org-0-1] INFO  o.e.m.c.i.e.AbstractTransferListenerAdapter - Downloaded https://repo.maven.apache.org/maven2/org/springframework/spring-webmvc/6.2.5/spring-webmvc-6.2.5.jar
2025-03-21 14:51:55,067 [BasicRepositoryConnector-repo.maven.apache.org-0-0] INFO  o.e.m.c.i.e.AbstractTransferListenerAdapter - Downloading https://repo.maven.apache.org/maven2/org/slf4j/slf4j-api/2.0.17/slf4j-api-2.0.17.jar
2025-03-21 14:51:55,071 [BasicRepositoryConnector-repo.maven.apache.org-0-0] INFO  o.e.m.c.i.e.AbstractTransferListenerAdapter - Downloaded https://repo.maven.apache.org/maven2/org/slf4j/slf4j-api/2.0.17/slf4j-api-2.0.17.jar
2025-03-21 14:51:55,088 [BasicRepositoryConnector-repo.maven.apache.org-0-4] INFO  o.e.m.c.i.e.AbstractTransferListenerAdapter - Downloading https://repo.maven.apache.org/maven2/com/fasterxml/jackson/core/jackson-annotations/2.18.3/jackson-annotations-2.18.3.jar
2025-03-21 14:51:55,090 [BasicRepositoryConnector-repo.maven.apache.org-0-1] INFO  o.e.m.c.i.e.AbstractTransferListenerAdapter - Downloading https://repo.maven.apache.org/maven2/com/fasterxml/jackson/core/jackson-core/2.18.3/jackson-core-2.18.3.jar
2025-03-21 14:51:55,109 [BasicRepositoryConnector-repo.maven.apache.org-0-0] INFO  o.e.m.c.i.e.AbstractTransferListenerAdapter - Downloading https://repo.maven.apache.org/maven2/io/projectreactor/reactor-core/3.7.4/reactor-core-3.7.4.jar
2025-03-21 14:51:55,122 [BasicRepositoryConnector-repo.maven.apache.org-0-4] INFO  o.e.m.c.i.e.AbstractTransferListenerAdapter - Downloaded https://repo.maven.apache.org/maven2/com/fasterxml/jackson/core/jackson-annotations/2.18.3/jackson-annotations-2.18.3.jar
2025-03-21 14:51:55,136 [BasicRepositoryConnector-repo.maven.apache.org-0-2] INFO  o.e.m.c.i.e.AbstractTransferListenerAdapter - Downloaded https://repo.maven.apache.org/maven2/org/springframework/spring-web/6.2.5/spring-web-6.2.5.jar
2025-03-21 14:51:55,152 [BasicRepositoryConnector-repo.maven.apache.org-0-1] INFO  o.e.m.c.i.e.AbstractTransferListenerAdapter - Downloaded https://repo.maven.apache.org/maven2/com/fasterxml/jackson/core/jackson-core/2.18.3/jackson-core-2.18.3.jar
2025-03-21 14:51:55,155 [BasicRepositoryConnector-repo.maven.apache.org-0-4] INFO  o.e.m.c.i.e.AbstractTransferListenerAdapter - Downloading https://repo.maven.apache.org/maven2/org/springframework/boot/spring-boot-starter-cache/3.4.4/spring-boot-starter-cache-3.4.4.jar
2025-03-21 14:51:55,161 [BasicRepositoryConnector-repo.maven.apache.org-0-4] INFO  o.e.m.c.i.e.AbstractTransferListenerAdapter - Downloaded https://repo.maven.apache.org/maven2/org/springframework/boot/spring-boot-starter-cache/3.4.4/spring-boot-starter-cache-3.4.4.jar
2025-03-21 14:51:55,162 [BasicRepositoryConnector-repo.maven.apache.org-0-2] INFO  o.e.m.c.i.e.AbstractTransferListenerAdapter - Downloading https://repo.maven.apache.org/maven2/org/springframework/spring-context-support/6.2.5/spring-context-support-6.2.5.jar
2025-03-21 14:51:55,179 [BasicRepositoryConnector-repo.maven.apache.org-0-1] INFO  o.e.m.c.i.e.AbstractTransferListenerAdapter - Downloading https://repo.maven.apache.org/maven2/org/springframework/cloud/spring-cloud-starter-openfeign/4.2.1/spring-cloud-starter-openfeign-4.2.1.jar
2025-03-21 14:51:55,191 [BasicRepositoryConnector-repo.maven.apache.org-0-1] INFO  o.e.m.c.i.e.AbstractTransferListenerAdapter - Downloaded https://repo.maven.apache.org/maven2/org/springframework/cloud/spring-cloud-starter-openfeign/4.2.1/spring-cloud-starter-openfeign-4.2.1.jar
2025-03-21 14:51:55,195 [BasicRepositoryConnector-repo.maven.apache.org-0-2] INFO  o.e.m.c.i.e.AbstractTransferListenerAdapter - Downloaded https://repo.maven.apache.org/maven2/org/springframework/spring-context-support/6.2.5/spring-context-support-6.2.5.jar
2025-03-21 14:51:55,197 [BasicRepositoryConnector-repo.maven.apache.org-0-4] INFO  o.e.m.c.i.e.AbstractTransferListenerAdapter - Downloading https://repo.maven.apache.org/maven2/org/springframework/cloud/spring-cloud-openfeign-core/4.2.1/spring-cloud-openfeign-core-4.2.1.jar
2025-03-21 14:51:55,230 [BasicRepositoryConnector-repo.maven.apache.org-0-4] INFO  o.e.m.c.i.e.AbstractTransferListenerAdapter - Downloaded https://repo.maven.apache.org/maven2/org/springframework/cloud/spring-cloud-openfeign-core/4.2.1/spring-cloud-openfeign-core-4.2.1.jar
2025-03-21 14:51:55,231 [BasicRepositoryConnector-repo.maven.apache.org-0-2] INFO  o.e.m.c.i.e.AbstractTransferListenerAdapter - Downloading https://repo.maven.apache.org/maven2/io/github/openfeign/feign-form/13.5/feign-form-13.5.jar
2025-03-21 14:51:55,231 [BasicRepositoryConnector-repo.maven.apache.org-0-1] INFO  o.e.m.c.i.e.AbstractTransferListenerAdapter - Downloading https://repo.maven.apache.org/maven2/io/github/openfeign/feign-form-spring/13.5/feign-form-spring-13.5.jar
2025-03-21 14:51:55,234 [BasicRepositoryConnector-repo.maven.apache.org-0-1] INFO  o.e.m.c.i.e.AbstractTransferListenerAdapter - Downloaded https://repo.maven.apache.org/maven2/io/github/openfeign/feign-form-spring/13.5/feign-form-spring-13.5.jar
2025-03-21 14:51:55,237 [BasicRepositoryConnector-repo.maven.apache.org-0-2] INFO  o.e.m.c.i.e.AbstractTransferListenerAdapter - Downloaded https://repo.maven.apache.org/maven2/io/github/openfeign/feign-form/13.5/feign-form-13.5.jar
2025-03-21 14:51:55,254 [BasicRepositoryConnector-repo.maven.apache.org-0-4] INFO  o.e.m.c.i.e.AbstractTransferListenerAdapter - Downloading https://repo.maven.apache.org/maven2/commons-fileupload/commons-fileupload/1.5/commons-fileupload-1.5.jar
2025-03-21 14:51:55,259 [BasicRepositoryConnector-repo.maven.apache.org-0-1] INFO  o.e.m.c.i.e.AbstractTransferListenerAdapter - Downloading https://repo.maven.apache.org/maven2/org/springframework/security/spring-security-crypto/6.4.4/spring-security-crypto-6.4.4.jar
2025-03-21 14:51:55,262 [BasicRepositoryConnector-repo.maven.apache.org-0-4] INFO  o.e.m.c.i.e.AbstractTransferListenerAdapter - Downloaded https://repo.maven.apache.org/maven2/commons-fileupload/commons-fileupload/1.5/commons-fileupload-1.5.jar
2025-03-21 14:51:55,264 [BasicRepositoryConnector-repo.maven.apache.org-0-2] INFO  o.e.m.c.i.e.AbstractTransferListenerAdapter - Downloading https://repo.maven.apache.org/maven2/io/github/openfeign/feign-core/13.5/feign-core-13.5.jar
2025-03-21 14:51:55,264 [BasicRepositoryConnector-repo.maven.apache.org-0-0] INFO  o.e.m.c.i.e.AbstractTransferListenerAdapter - Downloaded https://repo.maven.apache.org/maven2/io/projectreactor/reactor-core/3.7.4/reactor-core-3.7.4.jar
2025-03-21 14:51:55,268 [BasicRepositoryConnector-repo.maven.apache.org-0-1] INFO  o.e.m.c.i.e.AbstractTransferListenerAdapter - Downloaded https://repo.maven.apache.org/maven2/org/springframework/security/spring-security-crypto/6.4.4/spring-security-crypto-6.4.4.jar
2025-03-21 14:51:55,276 [BasicRepositoryConnector-repo.maven.apache.org-0-2] INFO  o.e.m.c.i.e.AbstractTransferListenerAdapter - Downloaded https://repo.maven.apache.org/maven2/io/github/openfeign/feign-core/13.5/feign-core-13.5.jar
2025-03-21 14:51:55,295 [BasicRepositoryConnector-repo.maven.apache.org-0-1] INFO  o.e.m.c.i.e.AbstractTransferListenerAdapter - Downloading https://repo.maven.apache.org/maven2/org/springframework/boot/spring-boot-test/3.4.4/spring-boot-test-3.4.4.jar
2025-03-21 14:51:55,296 [BasicRepositoryConnector-repo.maven.apache.org-0-0] INFO  o.e.m.c.i.e.AbstractTransferListenerAdapter - Downloading https://repo.maven.apache.org/maven2/org/springframework/boot/spring-boot-starter-test/3.4.4/spring-boot-starter-test-3.4.4.jar
2025-03-21 14:51:55,297 [BasicRepositoryConnector-repo.maven.apache.org-0-4] INFO  o.e.m.c.i.e.AbstractTransferListenerAdapter - Downloading https://repo.maven.apache.org/maven2/io/github/openfeign/feign-slf4j/13.5/feign-slf4j-13.5.jar
2025-03-21 14:51:55,300 [BasicRepositoryConnector-repo.maven.apache.org-0-0] INFO  o.e.m.c.i.e.AbstractTransferListenerAdapter - Downloaded https://repo.maven.apache.org/maven2/org/springframework/boot/spring-boot-starter-test/3.4.4/spring-boot-starter-test-3.4.4.jar
2025-03-21 14:51:55,300 [BasicRepositoryConnector-repo.maven.apache.org-0-4] INFO  o.e.m.c.i.e.AbstractTransferListenerAdapter - Downloaded https://repo.maven.apache.org/maven2/io/github/openfeign/feign-slf4j/13.5/feign-slf4j-13.5.jar
2025-03-21 14:51:55,312 [BasicRepositoryConnector-repo.maven.apache.org-0-2] INFO  o.e.m.c.i.e.AbstractTransferListenerAdapter - Downloading https://repo.maven.apache.org/maven2/org/springframework/boot/spring-boot-test-autoconfigure/3.4.4/spring-boot-test-autoconfigure-3.4.4.jar
2025-03-21 14:51:55,315 [BasicRepositoryConnector-repo.maven.apache.org-0-1] INFO  o.e.m.c.i.e.AbstractTransferListenerAdapter - Downloaded https://repo.maven.apache.org/maven2/org/springframework/boot/spring-boot-test/3.4.4/spring-boot-test-3.4.4.jar
2025-03-21 14:51:55,319 [BasicRepositoryConnector-repo.maven.apache.org-0-2] INFO  o.e.m.c.i.e.AbstractTransferListenerAdapter - Downloaded https://repo.maven.apache.org/maven2/org/springframework/boot/spring-boot-test-autoconfigure/3.4.4/spring-boot-test-autoconfigure-3.4.4.jar
2025-03-21 14:51:55,338 [BasicRepositoryConnector-repo.maven.apache.org-0-4] INFO  o.e.m.c.i.e.AbstractTransferListenerAdapter - Downloading https://repo.maven.apache.org/maven2/org/springframework/spring-jcl/6.2.5/spring-jcl-6.2.5.jar
2025-03-21 14:51:55,339 [BasicRepositoryConnector-repo.maven.apache.org-0-0] INFO  o.e.m.c.i.e.AbstractTransferListenerAdapter - Downloading https://repo.maven.apache.org/maven2/org/springframework/spring-core/6.2.5/spring-core-6.2.5.jar
2025-03-21 14:51:55,342 [BasicRepositoryConnector-repo.maven.apache.org-0-4] INFO  o.e.m.c.i.e.AbstractTransferListenerAdapter - Downloaded https://repo.maven.apache.org/maven2/org/springframework/spring-jcl/6.2.5/spring-jcl-6.2.5.jar
2025-03-21 14:51:55,343 [BasicRepositoryConnector-repo.maven.apache.org-0-1] INFO  o.e.m.c.i.e.AbstractTransferListenerAdapter - Downloading https://repo.maven.apache.org/maven2/org/springframework/spring-test/6.2.5/spring-test-6.2.5.jar
2025-03-21 14:51:55,418 [BasicRepositoryConnector-repo.maven.apache.org-0-1] INFO  o.e.m.c.i.e.AbstractTransferListenerAdapter - Downloaded https://repo.maven.apache.org/maven2/org/springframework/spring-test/6.2.5/spring-test-6.2.5.jar
2025-03-21 14:51:55,504 [BasicRepositoryConnector-repo.maven.apache.org-0-0] INFO  o.e.m.c.i.e.AbstractTransferListenerAdapter - Downloaded https://repo.maven.apache.org/maven2/org/springframework/spring-core/6.2.5/spring-core-6.2.5.jar
2025-03-21 14:51:55,714 [BasicRepositoryConnector-repo.maven.apache.org-0-3] INFO  o.e.m.c.i.e.AbstractTransferListenerAdapter - Downloaded https://repo.maven.apache.org/maven2/org/apache/tomcat/embed/tomcat-embed-core/10.1.39/tomcat-embed-core-10.1.39.jar
2025-03-21 14:51:55,891 [Worker-40: Import Getting Started Content] INFO  o.e.m.c.i.l.LifecycleMappingFactory - Using org.eclipse.m2e.jdt.JarLifecycleMapping lifecycle mapping for MavenProject: com.example:eureka:0.0.1-SNAPSHOT @ C:\Users\prasa\eclipse-workspace\Micoservice-eclipse-workspace\SpringCloudEurekaServer\pom.xml.
2025-03-21 14:51:56,520 [Worker-40: Import Getting Started Content] INFO  o.e.m.c.i.l.LifecycleMappingFactory - Using org.eclipse.m2e.jdt.JarLifecycleMapping lifecycle mapping for MavenProject: com.example:client:0.0.1-SNAPSHOT @ C:\Users\prasa\eclipse-workspace\Micoservice-eclipse-workspace\SimpleDiscoveryClient\pom.xml.
2025-03-21 14:51:56,652 [Worker-40: Import Getting Started Content] INFO  o.e.m.c.i.l.LifecycleMappingFactory - Using org.eclipse.m2e.jdt.JarLifecycleMapping lifecycle mapping for MavenProject: com.example:client:0.0.1-SNAPSHOT @ C:\Users\prasa\eclipse-workspace\Micoservice-eclipse-workspace\MSItnerCommunication\pom.xml.
2025-03-21 14:51:56,760 [Worker-40: Import Getting Started Content] INFO  o.e.m.c.i.l.LifecycleMappingFactory - Using org.eclipse.m2e.jdt.JarLifecycleMapping lifecycle mapping for MavenProject: com.example:SimpleLoadBalancerClient:0.0.1-SNAPSHOT @ C:\Users\prasa\eclipse-workspace\Micoservice-eclipse-workspace\SimpleLoadBalancerClient\pom.xml.
2025-03-21 14:51:56,846 [Worker-40: Import Getting Started Content] INFO  o.e.m.c.i.l.LifecycleMappingFactory - Using org.eclipse.m2e.jdt.JarLifecycleMapping lifecycle mapping for MavenProject: com.example:SimpleFeignClient:0.0.1-SNAPSHOT @ C:\Users\prasa\eclipse-workspace\Micoservice-eclipse-workspace\SimpleLoadBalancerClient-1\pom.xml.
2025-03-21 14:51:58,578 [Worker-40: Import Getting Started Content] INFO  o.e.m.j.i.AbstractJavaProjectConfigurator - Adding source folder /SimpleLoadBalancerClient-1/src/main/java
2025-03-21 14:51:58,580 [Worker-40: Import Getting Started Content] INFO  o.e.m.j.i.AbstractJavaProjectConfigurator - Adding resource folder /SimpleLoadBalancerClient-1/src/main/resources
2025-03-21 14:51:58,584 [Worker-40: Import Getting Started Content] INFO  o.e.m.j.i.AbstractJavaProjectConfigurator - Adding resource folder /SimpleLoadBalancerClient-1/src/main/resources
2025-03-21 14:51:58,588 [Worker-40: Import Getting Started Content] INFO  o.e.m.j.i.AbstractJavaProjectConfigurator - Adding source folder /SimpleLoadBalancerClient-1/src/test/java
2025-03-21 14:51:58,589 [Worker-40: Import Getting Started Content] INFO  o.e.m.j.i.AbstractJavaProjectConfigurator - Adding resource folder /SimpleLoadBalancerClient-1/src/test/resources
2025-03-21 14:51:58,870 [Worker-43: Download sources and javadoc] INFO  o.e.m.c.i.e.AbstractTransferListenerAdapter - Downloading https://repo.maven.apache.org/maven2/org/springframework/boot/spring-boot-starter-web/3.4.4/spring-boot-starter-web-3.4.4-sources.jar
2025-03-21 14:51:58,874 [Worker-43: Download sources and javadoc] INFO  o.e.m.c.i.e.AbstractTransferListenerAdapter - Downloaded https://repo.maven.apache.org/maven2/org/springframework/boot/spring-boot-starter-web/3.4.4/spring-boot-starter-web-3.4.4-sources.jar
2025-03-21 14:51:58,877 [Worker-43: Download sources and javadoc] INFO  o.e.m.j.internal.DownloadSourcesJob - Downloaded sources for org.springframework.boot:spring-boot-starter-web:3.4.4
2025-03-21 14:51:58,884 [Worker-40: Import Getting Started Content] INFO  o.e.m.c.i.p.ProjectConfigurationManager - Imported and configured 1 project(s) in 11 sec
2025-03-21 14:51:58,889 [Worker-40: Import Getting Started Content] INFO  o.e.m.c.i.p.ProjectConfigurationManager - Update started
2025-03-21 14:51:58,955 [Worker-43: Download sources and javadoc] INFO  o.e.m.c.i.e.AbstractTransferListenerAdapter - Downloading https://repo.maven.apache.org/maven2/org/springframework/boot/spring-boot-starter/3.4.4/spring-boot-starter-3.4.4-sources.jar
2025-03-21 14:51:58,960 [Worker-43: Download sources and javadoc] INFO  o.e.m.c.i.e.AbstractTransferListenerAdapter - Downloaded https://repo.maven.apache.org/maven2/org/springframework/boot/spring-boot-starter/3.4.4/spring-boot-starter-3.4.4-sources.jar
2025-03-21 14:51:58,964 [Worker-43: Download sources and javadoc] INFO  o.e.m.j.internal.DownloadSourcesJob - Downloaded sources for org.springframework.boot:spring-boot-starter:3.4.4
2025-03-21 14:52:00,133 [Worker-40: Import Getting Started Content] INFO  o.e.m.c.i.l.LifecycleMappingFactory - Using org.eclipse.m2e.jdt.JarLifecycleMapping lifecycle mapping for MavenProject: com.example:SimpleFeignClient:0.0.1-SNAPSHOT @ C:\Users\prasa\eclipse-workspace\Micoservice-eclipse-workspace\SimpleLoadBalancerClient-1\pom.xml.
2025-03-21 14:52:00,151 [Worker-43: Download sources and javadoc] INFO  o.e.m.c.i.e.AbstractTransferListenerAdapter - Downloading https://repo.maven.apache.org/maven2/org/springframework/boot/spring-boot/3.4.4/spring-boot-3.4.4-sources.jar
2025-03-21 14:52:00,296 [Worker-43: Download sources and javadoc] INFO  o.e.m.c.i.e.AbstractTransferListenerAdapter - Downloaded https://repo.maven.apache.org/maven2/org/springframework/boot/spring-boot/3.4.4/spring-boot-3.4.4-sources.jar
2025-03-21 14:52:00,301 [Worker-43: Download sources and javadoc] INFO  o.e.m.j.internal.DownloadSourcesJob - Downloaded sources for org.springframework.boot:spring-boot:3.4.4
2025-03-21 14:52:00,415 [Worker-43: Download sources and javadoc] INFO  o.e.m.c.i.e.AbstractTransferListenerAdapter - Downloading https://repo.maven.apache.org/maven2/org/springframework/boot/spring-boot-autoconfigure/3.4.4/spring-boot-autoconfigure-3.4.4-sources.jar
2025-03-21 14:52:00,535 [Worker-43: Download sources and javadoc] INFO  o.e.m.c.i.e.AbstractTransferListenerAdapter - Downloaded https://repo.maven.apache.org/maven2/org/springframework/boot/spring-boot-autoconfigure/3.4.4/spring-boot-autoconfigure-3.4.4-sources.jar
2025-03-21 14:52:00,539 [Worker-43: Download sources and javadoc] INFO  o.e.m.j.internal.DownloadSourcesJob - Downloaded sources for org.springframework.boot:spring-boot-autoconfigure:3.4.4
2025-03-21 14:52:00,620 [Worker-43: Download sources and javadoc] INFO  o.e.m.c.i.e.AbstractTransferListenerAdapter - Downloading https://repo.maven.apache.org/maven2/org/springframework/boot/spring-boot-starter-logging/3.4.4/spring-boot-starter-logging-3.4.4-sources.jar
2025-03-21 14:52:00,625 [Worker-43: Download sources and javadoc] INFO  o.e.m.c.i.e.AbstractTransferListenerAdapter - Downloaded https://repo.maven.apache.org/maven2/org/springframework/boot/spring-boot-starter-logging/3.4.4/spring-boot-starter-logging-3.4.4-sources.jar
2025-03-21 14:52:00,629 [Worker-43: Download sources and javadoc] INFO  o.e.m.j.internal.DownloadSourcesJob - Downloaded sources for org.springframework.boot:spring-boot-starter-logging:3.4.4
2025-03-21 14:52:00,783 [Worker-43: Download sources and javadoc] INFO  o.e.m.c.i.e.AbstractTransferListenerAdapter - Downloading https://repo.maven.apache.org/maven2/ch/qos/logback/logback-classic/1.5.18/logback-classic-1.5.18-sources.jar
2025-03-21 14:52:00,853 [Worker-43: Download sources and javadoc] INFO  o.e.m.c.i.e.AbstractTransferListenerAdapter - Downloaded https://repo.maven.apache.org/maven2/ch/qos/logback/logback-classic/1.5.18/logback-classic-1.5.18-sources.jar
2025-03-21 14:52:00,857 [Worker-43: Download sources and javadoc] INFO  o.e.m.j.internal.DownloadSourcesJob - Downloaded sources for ch.qos.logback:logback-classic:1.5.18
2025-03-21 14:52:00,953 [Worker-43: Download sources and javadoc] INFO  o.e.m.c.i.e.AbstractTransferListenerAdapter - Downloading https://repo.maven.apache.org/maven2/ch/qos/logback/logback-core/1.5.18/logback-core-1.5.18-sources.jar
2025-03-21 14:52:01,037 [Worker-43: Download sources and javadoc] INFO  o.e.m.c.i.e.AbstractTransferListenerAdapter - Downloaded https://repo.maven.apache.org/maven2/ch/qos/logback/logback-core/1.5.18/logback-core-1.5.18-sources.jar
2025-03-21 14:52:01,041 [Worker-43: Download sources and javadoc] INFO  o.e.m.j.internal.DownloadSourcesJob - Downloaded sources for ch.qos.logback:logback-core:1.5.18
2025-03-21 14:52:01,131 [Worker-43: Download sources and javadoc] INFO  o.e.m.c.i.e.AbstractTransferListenerAdapter - Downloading https://repo.maven.apache.org/maven2/org/slf4j/jul-to-slf4j/2.0.17/jul-to-slf4j-2.0.17-sources.jar
2025-03-21 14:52:01,136 [Worker-43: Download sources and javadoc] INFO  o.e.m.c.i.e.AbstractTransferListenerAdapter - Downloaded https://repo.maven.apache.org/maven2/org/slf4j/jul-to-slf4j/2.0.17/jul-to-slf4j-2.0.17-sources.jar
2025-03-21 14:52:01,140 [Worker-43: Download sources and javadoc] INFO  o.e.m.j.internal.DownloadSourcesJob - Downloaded sources for org.slf4j:jul-to-slf4j:2.0.17
2025-03-21 14:52:01,160 [Worker-40: Import Getting Started Content] INFO  o.e.m.j.i.AbstractJavaProjectConfigurator - Adding source folder /SimpleLoadBalancerClient-1/src/main/java
2025-03-21 14:52:01,161 [Worker-40: Import Getting Started Content] INFO  o.e.m.j.i.AbstractJavaProjectConfigurator - Adding resource folder /SimpleLoadBalancerClient-1/src/main/resources
2025-03-21 14:52:01,162 [Worker-40: Import Getting Started Content] INFO  o.e.m.j.i.AbstractJavaProjectConfigurator - Adding resource folder /SimpleLoadBalancerClient-1/src/main/resources
2025-03-21 14:52:01,162 [Worker-40: Import Getting Started Content] INFO  o.e.m.j.i.AbstractJavaProjectConfigurator - Adding source folder /SimpleLoadBalancerClient-1/src/test/java
2025-03-21 14:52:01,163 [Worker-40: Import Getting Started Content] INFO  o.e.m.j.i.AbstractJavaProjectConfigurator - Adding resource folder /SimpleLoadBalancerClient-1/src/test/resources
2025-03-21 14:52:01,259 [Worker-43: Download sources and javadoc] INFO  o.e.m.c.i.e.AbstractTransferListenerAdapter - Downloading https://repo.maven.apache.org/maven2/org/springframework/boot/spring-boot-starter-json/3.4.4/spring-boot-starter-json-3.4.4-sources.jar
2025-03-21 14:52:01,264 [Worker-43: Download sources and javadoc] INFO  o.e.m.c.i.e.AbstractTransferListenerAdapter - Downloaded https://repo.maven.apache.org/maven2/org/springframework/boot/spring-boot-starter-json/3.4.4/spring-boot-starter-json-3.4.4-sources.jar
2025-03-21 14:52:01,268 [Worker-43: Download sources and javadoc] INFO  o.e.m.j.internal.DownloadSourcesJob - Downloaded sources for org.springframework.boot:spring-boot-starter-json:3.4.4
2025-03-21 14:52:01,348 [Worker-43: Download sources and javadoc] INFO  o.e.m.c.i.e.AbstractTransferListenerAdapter - Downloading https://repo.maven.apache.org/maven2/com/fasterxml/jackson/core/jackson-databind/2.18.3/jackson-databind-2.18.3-sources.jar
2025-03-21 14:52:01,470 [Worker-43: Download sources and javadoc] INFO  o.e.m.c.i.e.AbstractTransferListenerAdapter - Downloaded https://repo.maven.apache.org/maven2/com/fasterxml/jackson/core/jackson-databind/2.18.3/jackson-databind-2.18.3-sources.jar
2025-03-21 14:52:01,475 [Worker-43: Download sources and javadoc] INFO  o.e.m.j.internal.DownloadSourcesJob - Downloaded sources for com.fasterxml.jackson.core:jackson-databind:2.18.3
2025-03-21 14:52:01,558 [Worker-43: Download sources and javadoc] INFO  o.e.m.c.i.e.AbstractTransferListenerAdapter - Downloading https://repo.maven.apache.org/maven2/com/fasterxml/jackson/datatype/jackson-datatype-jdk8/2.18.3/jackson-datatype-jdk8-2.18.3-sources.jar
2025-03-21 14:52:01,566 [Worker-43: Download sources and javadoc] INFO  o.e.m.c.i.e.AbstractTransferListenerAdapter - Downloaded https://repo.maven.apache.org/maven2/com/fasterxml/jackson/datatype/jackson-datatype-jdk8/2.18.3/jackson-datatype-jdk8-2.18.3-sources.jar
2025-03-21 14:52:01,573 [Worker-43: Download sources and javadoc] INFO  o.e.m.j.internal.DownloadSourcesJob - Downloaded sources for com.fasterxml.jackson.datatype:jackson-datatype-jdk8:2.18.3
2025-03-21 14:52:01,657 [Worker-43: Download sources and javadoc] INFO  o.e.m.c.i.e.AbstractTransferListenerAdapter - Downloading https://repo.maven.apache.org/maven2/com/fasterxml/jackson/datatype/jackson-datatype-jsr310/2.18.3/jackson-datatype-jsr310-2.18.3-sources.jar
2025-03-21 14:52:01,691 [Worker-43: Download sources and javadoc] INFO  o.e.m.c.i.e.AbstractTransferListenerAdapter - Downloaded https://repo.maven.apache.org/maven2/com/fasterxml/jackson/datatype/jackson-datatype-jsr310/2.18.3/jackson-datatype-jsr310-2.18.3-sources.jar
2025-03-21 14:52:01,696 [Worker-43: Download sources and javadoc] INFO  o.e.m.j.internal.DownloadSourcesJob - Downloaded sources for com.fasterxml.jackson.datatype:jackson-datatype-jsr310:2.18.3
2025-03-21 14:52:01,778 [Worker-43: Download sources and javadoc] INFO  o.e.m.c.i.e.AbstractTransferListenerAdapter - Downloading https://repo.maven.apache.org/maven2/com/fasterxml/jackson/module/jackson-module-parameter-names/2.18.3/jackson-module-parameter-names-2.18.3-sources.jar
2025-03-21 14:52:01,783 [Worker-43: Download sources and javadoc] INFO  o.e.m.c.i.e.AbstractTransferListenerAdapter - Downloaded https://repo.maven.apache.org/maven2/com/fasterxml/jackson/module/jackson-module-parameter-names/2.18.3/jackson-module-parameter-names-2.18.3-sources.jar
2025-03-21 14:52:01,789 [Worker-43: Download sources and javadoc] INFO  o.e.m.j.internal.DownloadSourcesJob - Downloaded sources for com.fasterxml.jackson.module:jackson-module-parameter-names:2.18.3
2025-03-21 14:52:01,798 [Worker-40: Import Getting Started Content] INFO  o.e.m.c.i.p.ProjectConfigurationManager - Update completed for 1 poms: local refresh takes 0.00 sec, refresh facades takes 2.00 sec, update config takes 0.00 sec 
2025-03-21 14:52:01,935 [Worker-43: Download sources and javadoc] INFO  o.e.m.c.i.e.AbstractTransferListenerAdapter - Downloading https://repo.maven.apache.org/maven2/org/springframework/boot/spring-boot-starter-tomcat/3.4.4/spring-boot-starter-tomcat-3.4.4-sources.jar
2025-03-21 14:52:01,941 [Worker-43: Download sources and javadoc] INFO  o.e.m.c.i.e.AbstractTransferListenerAdapter - Downloaded https://repo.maven.apache.org/maven2/org/springframework/boot/spring-boot-starter-tomcat/3.4.4/spring-boot-starter-tomcat-3.4.4-sources.jar
2025-03-21 14:52:01,945 [Worker-43: Download sources and javadoc] INFO  o.e.m.j.internal.DownloadSourcesJob - Downloaded sources for org.springframework.boot:spring-boot-starter-tomcat:3.4.4
2025-03-21 14:52:02,034 [Worker-43: Download sources and javadoc] INFO  o.e.m.c.i.e.AbstractTransferListenerAdapter - Downloading https://repo.maven.apache.org/maven2/org/apache/tomcat/embed/tomcat-embed-core/10.1.39/tomcat-embed-core-10.1.39-sources.jar
2025-03-21 14:52:02,120 [Worker-40: Updating Maven Project] INFO  o.e.m.c.i.p.ProjectConfigurationManager - Update started
2025-03-21 14:52:02,344 [Worker-43: Download sources and javadoc] INFO  o.e.m.c.i.e.AbstractTransferListenerAdapter - Downloaded https://repo.maven.apache.org/maven2/org/apache/tomcat/embed/tomcat-embed-core/10.1.39/tomcat-embed-core-10.1.39-sources.jar
2025-03-21 14:52:02,351 [Worker-43: Download sources and javadoc] INFO  o.e.m.j.internal.DownloadSourcesJob - Downloaded sources for org.apache.tomcat.embed:tomcat-embed-core:10.1.39
2025-03-21 14:52:03,380 [Worker-40: Updating Maven Project] INFO  o.e.m.c.i.l.LifecycleMappingFactory - Using org.eclipse.m2e.jdt.JarLifecycleMapping lifecycle mapping for MavenProject: com.example:SimpleFeignClient:0.0.1-SNAPSHOT @ C:\Users\prasa\eclipse-workspace\Micoservice-eclipse-workspace\SimpleLoadBalancerClient-1\pom.xml.
2025-03-21 14:52:03,411 [Worker-43: Download sources and javadoc] INFO  o.e.m.c.i.e.AbstractTransferListenerAdapter - Downloading https://repo.maven.apache.org/maven2/org/apache/tomcat/embed/tomcat-embed-el/10.1.39/tomcat-embed-el-10.1.39-sources.jar
2025-03-21 14:52:03,493 [Worker-43: Download sources and javadoc] INFO  o.e.m.c.i.e.AbstractTransferListenerAdapter - Downloaded https://repo.maven.apache.org/maven2/org/apache/tomcat/embed/tomcat-embed-el/10.1.39/tomcat-embed-el-10.1.39-sources.jar
2025-03-21 14:52:03,500 [Worker-43: Download sources and javadoc] INFO  o.e.m.j.internal.DownloadSourcesJob - Downloaded sources for org.apache.tomcat.embed:tomcat-embed-el:10.1.39
2025-03-21 14:52:03,578 [Worker-43: Download sources and javadoc] INFO  o.e.m.c.i.e.AbstractTransferListenerAdapter - Downloading https://repo.maven.apache.org/maven2/org/apache/tomcat/embed/tomcat-embed-websocket/10.1.39/tomcat-embed-websocket-10.1.39-sources.jar
2025-03-21 14:52:03,644 [Worker-43: Download sources and javadoc] INFO  o.e.m.c.i.e.AbstractTransferListenerAdapter - Downloaded https://repo.maven.apache.org/maven2/org/apache/tomcat/embed/tomcat-embed-websocket/10.1.39/tomcat-embed-websocket-10.1.39-sources.jar
2025-03-21 14:52:03,647 [Worker-43: Download sources and javadoc] INFO  o.e.m.j.internal.DownloadSourcesJob - Downloaded sources for org.apache.tomcat.embed:tomcat-embed-websocket:10.1.39
2025-03-21 14:52:03,725 [Worker-43: Download sources and javadoc] INFO  o.e.m.c.i.e.AbstractTransferListenerAdapter - Downloading https://repo.maven.apache.org/maven2/org/springframework/spring-web/6.2.5/spring-web-6.2.5-sources.jar
2025-03-21 14:52:03,860 [Worker-43: Download sources and javadoc] INFO  o.e.m.c.i.e.AbstractTransferListenerAdapter - Downloaded https://repo.maven.apache.org/maven2/org/springframework/spring-web/6.2.5/spring-web-6.2.5-sources.jar
2025-03-21 14:52:03,863 [Worker-43: Download sources and javadoc] INFO  o.e.m.j.internal.DownloadSourcesJob - Downloaded sources for org.springframework:spring-web:6.2.5
2025-03-21 14:52:03,936 [Worker-43: Download sources and javadoc] INFO  o.e.m.c.i.e.AbstractTransferListenerAdapter - Downloading https://repo.maven.apache.org/maven2/org/springframework/spring-beans/6.2.5/spring-beans-6.2.5-sources.jar
2025-03-21 14:52:04,038 [Worker-43: Download sources and javadoc] INFO  o.e.m.c.i.e.AbstractTransferListenerAdapter - Downloaded https://repo.maven.apache.org/maven2/org/springframework/spring-beans/6.2.5/spring-beans-6.2.5-sources.jar
2025-03-21 14:52:04,041 [Worker-43: Download sources and javadoc] INFO  o.e.m.j.internal.DownloadSourcesJob - Downloaded sources for org.springframework:spring-beans:6.2.5
2025-03-21 14:52:04,064 [Worker-40: Updating Maven Project] INFO  o.e.m.j.i.AbstractJavaProjectConfigurator - Adding source folder /SimpleLoadBalancerClient-1/src/main/java
2025-03-21 14:52:04,065 [Worker-40: Updating Maven Project] INFO  o.e.m.j.i.AbstractJavaProjectConfigurator - Adding resource folder /SimpleLoadBalancerClient-1/src/main/resources
2025-03-21 14:52:04,065 [Worker-40: Updating Maven Project] INFO  o.e.m.j.i.AbstractJavaProjectConfigurator - Adding resource folder /SimpleLoadBalancerClient-1/src/main/resources
2025-03-21 14:52:04,066 [Worker-40: Updating Maven Project] INFO  o.e.m.j.i.AbstractJavaProjectConfigurator - Adding source folder /SimpleLoadBalancerClient-1/src/test/java
2025-03-21 14:52:04,066 [Worker-40: Updating Maven Project] INFO  o.e.m.j.i.AbstractJavaProjectConfigurator - Adding resource folder /SimpleLoadBalancerClient-1/src/test/resources
2025-03-21 14:52:04,116 [Worker-43: Download sources and javadoc] INFO  o.e.m.c.i.e.AbstractTransferListenerAdapter - Downloading https://repo.maven.apache.org/maven2/io/micrometer/micrometer-observation/1.14.5/micrometer-observation-1.14.5-sources.jar
2025-03-21 14:52:04,143 [Worker-43: Download sources and javadoc] INFO  o.e.m.c.i.e.AbstractTransferListenerAdapter - Downloaded https://repo.maven.apache.org/maven2/io/micrometer/micrometer-observation/1.14.5/micrometer-observation-1.14.5-sources.jar
2025-03-21 14:52:04,148 [Worker-43: Download sources and javadoc] INFO  o.e.m.j.internal.DownloadSourcesJob - Downloaded sources for io.micrometer:micrometer-observation:1.14.5
2025-03-21 14:52:04,225 [Worker-43: Download sources and javadoc] INFO  o.e.m.c.i.e.AbstractTransferListenerAdapter - Downloading https://repo.maven.apache.org/maven2/io/micrometer/micrometer-commons/1.14.5/micrometer-commons-1.14.5-sources.jar
2025-03-21 14:52:04,248 [Worker-43: Download sources and javadoc] INFO  o.e.m.c.i.e.AbstractTransferListenerAdapter - Downloaded https://repo.maven.apache.org/maven2/io/micrometer/micrometer-commons/1.14.5/micrometer-commons-1.14.5-sources.jar
2025-03-21 14:52:04,271 [Worker-43: Download sources and javadoc] INFO  o.e.m.j.internal.DownloadSourcesJob - Downloaded sources for io.micrometer:micrometer-commons:1.14.5
2025-03-21 14:52:04,346 [Worker-43: Download sources and javadoc] INFO  o.e.m.c.i.e.AbstractTransferListenerAdapter - Downloading https://repo.maven.apache.org/maven2/org/springframework/spring-webmvc/6.2.5/spring-webmvc-6.2.5-sources.jar
2025-03-21 14:52:04,487 [Worker-43: Download sources and javadoc] INFO  o.e.m.c.i.e.AbstractTransferListenerAdapter - Downloaded https://repo.maven.apache.org/maven2/org/springframework/spring-webmvc/6.2.5/spring-webmvc-6.2.5-sources.jar
2025-03-21 14:52:04,492 [Worker-40: Updating Maven Project] INFO  o.e.m.c.i.p.ProjectConfigurationManager - Update completed for 1 poms: local refresh takes 0.00 sec, refresh facades takes 1.00 sec, update config takes 0.00 sec 
2025-03-21 14:52:04,493 [Worker-43: Download sources and javadoc] INFO  o.e.m.j.internal.DownloadSourcesJob - Downloaded sources for org.springframework:spring-webmvc:6.2.5
2025-03-21 14:52:04,576 [Worker-43: Download sources and javadoc] INFO  o.e.m.c.i.e.AbstractTransferListenerAdapter - Downloading https://repo.maven.apache.org/maven2/org/springframework/spring-aop/6.2.5/spring-aop-6.2.5-sources.jar
2025-03-21 14:52:04,650 [Worker-43: Download sources and javadoc] INFO  o.e.m.c.i.e.AbstractTransferListenerAdapter - Downloaded https://repo.maven.apache.org/maven2/org/springframework/spring-aop/6.2.5/spring-aop-6.2.5-sources.jar
2025-03-21 14:52:04,652 [Worker-43: Download sources and javadoc] INFO  o.e.m.j.internal.DownloadSourcesJob - Downloaded sources for org.springframework:spring-aop:6.2.5
2025-03-21 14:52:04,729 [Worker-43: Download sources and javadoc] INFO  o.e.m.c.i.e.AbstractTransferListenerAdapter - Downloading https://repo.maven.apache.org/maven2/org/springframework/spring-context/6.2.5/spring-context-6.2.5-sources.jar
2025-03-21 14:52:04,855 [Worker-43: Download sources and javadoc] INFO  o.e.m.c.i.e.AbstractTransferListenerAdapter - Downloaded https://repo.maven.apache.org/maven2/org/springframework/spring-context/6.2.5/spring-context-6.2.5-sources.jar
2025-03-21 14:52:04,860 [Worker-43: Download sources and javadoc] INFO  o.e.m.j.internal.DownloadSourcesJob - Downloaded sources for org.springframework:spring-context:6.2.5
2025-03-21 14:52:04,943 [Worker-43: Download sources and javadoc] INFO  o.e.m.c.i.e.AbstractTransferListenerAdapter - Downloading https://repo.maven.apache.org/maven2/org/springframework/spring-expression/6.2.5/spring-expression-6.2.5-sources.jar
2025-03-21 14:52:05,009 [Worker-43: Download sources and javadoc] INFO  o.e.m.c.i.e.AbstractTransferListenerAdapter - Downloaded https://repo.maven.apache.org/maven2/org/springframework/spring-expression/6.2.5/spring-expression-6.2.5-sources.jar
2025-03-21 14:52:05,014 [Worker-43: Download sources and javadoc] INFO  o.e.m.j.internal.DownloadSourcesJob - Downloaded sources for org.springframework:spring-expression:6.2.5
2025-03-21 14:52:05,100 [Worker-43: Download sources and javadoc] INFO  o.e.m.c.i.e.AbstractTransferListenerAdapter - Downloading https://repo.maven.apache.org/maven2/org/slf4j/slf4j-api/2.0.17/slf4j-api-2.0.17-sources.jar
2025-03-21 14:52:05,108 [Worker-46: Building] INFO  o.a.m.s.f.DefaultMavenResourcesFiltering - Copying 1 resource from src\main\resources to target\classes
2025-03-21 14:52:05,132 [Worker-43: Download sources and javadoc] INFO  o.e.m.c.i.e.AbstractTransferListenerAdapter - Downloaded https://repo.maven.apache.org/maven2/org/slf4j/slf4j-api/2.0.17/slf4j-api-2.0.17-sources.jar
2025-03-21 14:52:05,137 [Worker-46: Building] INFO  o.a.m.s.f.DefaultMavenResourcesFiltering - Copying 0 resource from src\main\resources to target\classes
2025-03-21 14:52:05,138 [Worker-43: Download sources and javadoc] INFO  o.e.m.j.internal.DownloadSourcesJob - Downloaded sources for org.slf4j:slf4j-api:2.0.17
2025-03-21 14:52:05,145 [Worker-46: Building] INFO  o.a.m.s.f.DefaultMavenResourcesFiltering - skip non existing resourceDirectory C:\Users\prasa\eclipse-workspace\Micoservice-eclipse-workspace\SimpleLoadBalancerClient-1\src\test\resources
2025-03-21 14:52:05,223 [Worker-43: Download sources and javadoc] INFO  o.e.m.c.i.e.AbstractTransferListenerAdapter - Downloading https://repo.maven.apache.org/maven2/com/fasterxml/jackson/core/jackson-annotations/2.18.3/jackson-annotations-2.18.3-sources.jar
2025-03-21 14:52:05,256 [Worker-43: Download sources and javadoc] INFO  o.e.m.c.i.e.AbstractTransferListenerAdapter - Downloaded https://repo.maven.apache.org/maven2/com/fasterxml/jackson/core/jackson-annotations/2.18.3/jackson-annotations-2.18.3-sources.jar
2025-03-21 14:52:05,261 [Worker-43: Download sources and javadoc] INFO  o.e.m.j.internal.DownloadSourcesJob - Downloaded sources for com.fasterxml.jackson.core:jackson-annotations:2.18.3
2025-03-21 14:52:05,345 [Worker-43: Download sources and javadoc] INFO  o.e.m.c.i.e.AbstractTransferListenerAdapter - Downloading https://repo.maven.apache.org/maven2/com/fasterxml/jackson/core/jackson-core/2.18.3/jackson-core-2.18.3-sources.jar
2025-03-21 14:52:05,435 [Worker-43: Download sources and javadoc] INFO  o.e.m.c.i.e.AbstractTransferListenerAdapter - Downloaded https://repo.maven.apache.org/maven2/com/fasterxml/jackson/core/jackson-core/2.18.3/jackson-core-2.18.3-sources.jar
2025-03-21 14:52:05,439 [Worker-43: Download sources and javadoc] INFO  o.e.m.j.internal.DownloadSourcesJob - Downloaded sources for com.fasterxml.jackson.core:jackson-core:2.18.3
2025-03-21 14:52:05,572 [Worker-43: Download sources and javadoc] INFO  o.e.m.c.i.e.AbstractTransferListenerAdapter - Downloading https://repo.maven.apache.org/maven2/io/projectreactor/reactor-core/3.7.4/reactor-core-3.7.4-sources.jar
2025-03-21 14:52:05,728 [Worker-43: Download sources and javadoc] INFO  o.e.m.c.i.e.AbstractTransferListenerAdapter - Downloaded https://repo.maven.apache.org/maven2/io/projectreactor/reactor-core/3.7.4/reactor-core-3.7.4-sources.jar
2025-03-21 14:52:05,731 [Worker-43: Download sources and javadoc] INFO  o.e.m.j.internal.DownloadSourcesJob - Downloaded sources for io.projectreactor:reactor-core:3.7.4
2025-03-21 14:52:05,809 [Worker-43: Download sources and javadoc] INFO  o.e.m.c.i.e.AbstractTransferListenerAdapter - Downloading https://repo.maven.apache.org/maven2/org/springframework/boot/spring-boot-starter-cache/3.4.4/spring-boot-starter-cache-3.4.4-sources.jar
2025-03-21 14:52:05,812 [Worker-43: Download sources and javadoc] INFO  o.e.m.c.i.e.AbstractTransferListenerAdapter - Downloaded https://repo.maven.apache.org/maven2/org/springframework/boot/spring-boot-starter-cache/3.4.4/spring-boot-starter-cache-3.4.4-sources.jar
2025-03-21 14:52:05,816 [Worker-43: Download sources and javadoc] INFO  o.e.m.j.internal.DownloadSourcesJob - Downloaded sources for org.springframework.boot:spring-boot-starter-cache:3.4.4
2025-03-21 14:52:05,893 [Worker-43: Download sources and javadoc] INFO  o.e.m.c.i.e.AbstractTransferListenerAdapter - Downloading https://repo.maven.apache.org/maven2/org/springframework/spring-context-support/6.2.5/spring-context-support-6.2.5-sources.jar
2025-03-21 14:52:05,942 [Worker-43: Download sources and javadoc] INFO  o.e.m.c.i.e.AbstractTransferListenerAdapter - Downloaded https://repo.maven.apache.org/maven2/org/springframework/spring-context-support/6.2.5/spring-context-support-6.2.5-sources.jar
2025-03-21 14:52:05,945 [Worker-43: Download sources and javadoc] INFO  o.e.m.j.internal.DownloadSourcesJob - Downloaded sources for org.springframework:spring-context-support:6.2.5
2025-03-21 14:52:06,231 [Worker-43: Download sources and javadoc] INFO  o.e.m.c.i.e.AbstractTransferListenerAdapter - Downloaded https://repo.maven.apache.org/maven2/org/springframework/cloud/spring-cloud-starter-openfeign/4.2.1/spring-cloud-starter-openfeign-4.2.1-sources.jar
2025-03-21 14:52:06,249 [Worker-43: Download sources and javadoc] ERROR o.e.m.j.internal.DownloadSourcesJob - Could not download sources for org.springframework.cloud:spring-cloud-starter-openfeign:4.2.1
org.eclipse.core.runtime.CoreException: Could not resolve artifact org.springframework.cloud:spring-cloud-starter-openfeign:jar:sources:4.2.1
	at org.eclipse.m2e.core.internal.embedder.MavenImpl.lambda$7(MavenImpl.java:540)
	at org.eclipse.m2e.core.internal.embedder.MavenExecutionContext.executeBare(MavenExecutionContext.java:458)
	at org.eclipse.m2e.core.internal.embedder.MavenExecutionContext.execute(MavenExecutionContext.java:292)
	at org.eclipse.m2e.core.internal.embedder.MavenExecutionContext.execute(MavenExecutionContext.java:278)
	at org.eclipse.m2e.core.internal.embedder.MavenImpl.resolve(MavenImpl.java:509)
	at org.eclipse.m2e.core.internal.embedder.MavenImpl.resolve(MavenImpl.java:494)
	at org.eclipse.m2e.jdt.internal.DownloadSourcesJob.download(DownloadSourcesJob.java:308)
	at org.eclipse.m2e.jdt.internal.DownloadSourcesJob.downloadAttachments(DownloadSourcesJob.java:282)
	at org.eclipse.m2e.jdt.internal.DownloadSourcesJob.downloadMaven(DownloadSourcesJob.java:252)
	at org.eclipse.m2e.jdt.internal.DownloadSourcesJob.downloadFilesAndPopulateToUpdate(DownloadSourcesJob.java:220)
	at org.eclipse.m2e.jdt.internal.DownloadSourcesJob.lambda$0(DownloadSourcesJob.java:149)
	at org.eclipse.m2e.core.internal.embedder.MavenExecutionContext.executeBare(MavenExecutionContext.java:458)
	at org.eclipse.m2e.core.internal.embedder.MavenExecutionContext.execute(MavenExecutionContext.java:339)
	at org.eclipse.m2e.core.internal.embedder.MavenExecutionContext.execute(MavenExecutionContext.java:278)
	at org.eclipse.m2e.core.embedder.IMaven.execute(IMaven.java:300)
	at org.eclipse.m2e.jdt.internal.DownloadSourcesJob.run(DownloadSourcesJob.java:149)
	at org.eclipse.core.internal.jobs.Worker.run(Worker.java:63)
2025-03-21 14:52:06,348 [Worker-43: Download sources and javadoc] INFO  o.e.m.c.i.e.AbstractTransferListenerAdapter - Downloading https://repo.maven.apache.org/maven2/org/springframework/cloud/spring-cloud-openfeign-core/4.2.1/spring-cloud-openfeign-core-4.2.1-sources.jar
2025-03-21 14:52:06,396 [Worker-43: Download sources and javadoc] INFO  o.e.m.c.i.e.AbstractTransferListenerAdapter - Downloaded https://repo.maven.apache.org/maven2/org/springframework/cloud/spring-cloud-openfeign-core/4.2.1/spring-cloud-openfeign-core-4.2.1-sources.jar
2025-03-21 14:52:06,399 [Worker-43: Download sources and javadoc] INFO  o.e.m.j.internal.DownloadSourcesJob - Downloaded sources for org.springframework.cloud:spring-cloud-openfeign-core:4.2.1
2025-03-21 14:52:06,480 [Worker-43: Download sources and javadoc] INFO  o.e.m.c.i.e.AbstractTransferListenerAdapter - Downloading https://repo.maven.apache.org/maven2/io/github/openfeign/feign-form-spring/13.5/feign-form-spring-13.5-sources.jar
2025-03-21 14:52:06,484 [Worker-43: Download sources and javadoc] INFO  o.e.m.c.i.e.AbstractTransferListenerAdapter - Downloaded https://repo.maven.apache.org/maven2/io/github/openfeign/feign-form-spring/13.5/feign-form-spring-13.5-sources.jar
2025-03-21 14:52:06,488 [Worker-43: Download sources and javadoc] INFO  o.e.m.j.internal.DownloadSourcesJob - Downloaded sources for io.github.openfeign:feign-form-spring:13.5
2025-03-21 14:52:06,568 [Worker-43: Download sources and javadoc] INFO  o.e.m.c.i.e.AbstractTransferListenerAdapter - Downloading https://repo.maven.apache.org/maven2/io/github/openfeign/feign-form/13.5/feign-form-13.5-sources.jar
2025-03-21 14:52:06,575 [Worker-43: Download sources and javadoc] INFO  o.e.m.c.i.e.AbstractTransferListenerAdapter - Downloaded https://repo.maven.apache.org/maven2/io/github/openfeign/feign-form/13.5/feign-form-13.5-sources.jar
2025-03-21 14:52:06,578 [Worker-43: Download sources and javadoc] INFO  o.e.m.j.internal.DownloadSourcesJob - Downloaded sources for io.github.openfeign:feign-form:13.5
2025-03-21 14:52:06,656 [Worker-43: Download sources and javadoc] INFO  o.e.m.c.i.e.AbstractTransferListenerAdapter - Downloading https://repo.maven.apache.org/maven2/commons-fileupload/commons-fileupload/1.5/commons-fileupload-1.5-sources.jar
2025-03-21 14:52:06,689 [Worker-43: Download sources and javadoc] INFO  o.e.m.c.i.e.AbstractTransferListenerAdapter - Downloaded https://repo.maven.apache.org/maven2/commons-fileupload/commons-fileupload/1.5/commons-fileupload-1.5-sources.jar
2025-03-21 14:52:06,691 [Worker-43: Download sources and javadoc] INFO  o.e.m.j.internal.DownloadSourcesJob - Downloaded sources for commons-fileupload:commons-fileupload:1.5
2025-03-21 14:52:06,767 [Worker-43: Download sources and javadoc] INFO  o.e.m.c.i.e.AbstractTransferListenerAdapter - Downloading https://repo.maven.apache.org/maven2/org/springframework/security/spring-security-crypto/6.4.4/spring-security-crypto-6.4.4-sources.jar
2025-03-21 14:52:06,795 [Worker-43: Download sources and javadoc] INFO  o.e.m.c.i.e.AbstractTransferListenerAdapter - Downloaded https://repo.maven.apache.org/maven2/org/springframework/security/spring-security-crypto/6.4.4/spring-security-crypto-6.4.4-sources.jar
2025-03-21 14:52:06,797 [Worker-43: Download sources and javadoc] INFO  o.e.m.j.internal.DownloadSourcesJob - Downloaded sources for org.springframework.security:spring-security-crypto:6.4.4
2025-03-21 14:52:06,871 [Worker-43: Download sources and javadoc] INFO  o.e.m.c.i.e.AbstractTransferListenerAdapter - Downloading https://repo.maven.apache.org/maven2/io/github/openfeign/feign-core/13.5/feign-core-13.5-sources.jar
2025-03-21 14:52:06,918 [Worker-43: Download sources and javadoc] INFO  o.e.m.c.i.e.AbstractTransferListenerAdapter - Downloaded https://repo.maven.apache.org/maven2/io/github/openfeign/feign-core/13.5/feign-core-13.5-sources.jar
2025-03-21 14:52:06,921 [Worker-43: Download sources and javadoc] INFO  o.e.m.j.internal.DownloadSourcesJob - Downloaded sources for io.github.openfeign:feign-core:13.5
2025-03-21 14:52:06,997 [Worker-43: Download sources and javadoc] INFO  o.e.m.c.i.e.AbstractTransferListenerAdapter - Downloading https://repo.maven.apache.org/maven2/io/github/openfeign/feign-slf4j/13.5/feign-slf4j-13.5-sources.jar
2025-03-21 14:52:07,002 [Worker-43: Download sources and javadoc] INFO  o.e.m.c.i.e.AbstractTransferListenerAdapter - Downloaded https://repo.maven.apache.org/maven2/io/github/openfeign/feign-slf4j/13.5/feign-slf4j-13.5-sources.jar
2025-03-21 14:52:07,004 [Worker-43: Download sources and javadoc] INFO  o.e.m.j.internal.DownloadSourcesJob - Downloaded sources for io.github.openfeign:feign-slf4j:13.5
2025-03-21 14:52:07,083 [Worker-43: Download sources and javadoc] INFO  o.e.m.c.i.e.AbstractTransferListenerAdapter - Downloading https://repo.maven.apache.org/maven2/org/springframework/boot/spring-boot-starter-test/3.4.4/spring-boot-starter-test-3.4.4-sources.jar
2025-03-21 14:52:07,085 [Worker-43: Download sources and javadoc] INFO  o.e.m.c.i.e.AbstractTransferListenerAdapter - Downloaded https://repo.maven.apache.org/maven2/org/springframework/boot/spring-boot-starter-test/3.4.4/spring-boot-starter-test-3.4.4-sources.jar
2025-03-21 14:52:07,090 [Worker-43: Download sources and javadoc] INFO  o.e.m.j.internal.DownloadSourcesJob - Downloaded sources for org.springframework.boot:spring-boot-starter-test:3.4.4
2025-03-21 14:52:07,162 [Worker-43: Download sources and javadoc] INFO  o.e.m.c.i.e.AbstractTransferListenerAdapter - Downloading https://repo.maven.apache.org/maven2/org/springframework/boot/spring-boot-test/3.4.4/spring-boot-test-3.4.4-sources.jar
2025-03-21 14:52:07,214 [Worker-43: Download sources and javadoc] INFO  o.e.m.c.i.e.AbstractTransferListenerAdapter - Downloaded https://repo.maven.apache.org/maven2/org/springframework/boot/spring-boot-test/3.4.4/spring-boot-test-3.4.4-sources.jar
2025-03-21 14:52:07,218 [Worker-43: Download sources and javadoc] INFO  o.e.m.j.internal.DownloadSourcesJob - Downloaded sources for org.springframework.boot:spring-boot-test:3.4.4
2025-03-21 14:52:07,295 [Worker-43: Download sources and javadoc] INFO  o.e.m.c.i.e.AbstractTransferListenerAdapter - Downloading https://repo.maven.apache.org/maven2/org/springframework/boot/spring-boot-test-autoconfigure/3.4.4/spring-boot-test-autoconfigure-3.4.4-sources.jar
2025-03-21 14:52:07,349 [Worker-43: Download sources and javadoc] INFO  o.e.m.c.i.e.AbstractTransferListenerAdapter - Downloaded https://repo.maven.apache.org/maven2/org/springframework/boot/spring-boot-test-autoconfigure/3.4.4/spring-boot-test-autoconfigure-3.4.4-sources.jar
2025-03-21 14:52:07,352 [Worker-43: Download sources and javadoc] INFO  o.e.m.j.internal.DownloadSourcesJob - Downloaded sources for org.springframework.boot:spring-boot-test-autoconfigure:3.4.4
2025-03-21 14:52:07,424 [Worker-43: Download sources and javadoc] INFO  o.e.m.c.i.e.AbstractTransferListenerAdapter - Downloading https://repo.maven.apache.org/maven2/org/springframework/spring-core/6.2.5/spring-core-6.2.5-sources.jar
2025-03-21 14:52:07,546 [Worker-43: Download sources and javadoc] INFO  o.e.m.c.i.e.AbstractTransferListenerAdapter - Downloaded https://repo.maven.apache.org/maven2/org/springframework/spring-core/6.2.5/spring-core-6.2.5-sources.jar
2025-03-21 14:52:07,549 [Worker-43: Download sources and javadoc] INFO  o.e.m.j.internal.DownloadSourcesJob - Downloaded sources for org.springframework:spring-core:6.2.5
2025-03-21 14:52:07,620 [Worker-43: Download sources and javadoc] INFO  o.e.m.c.i.e.AbstractTransferListenerAdapter - Downloading https://repo.maven.apache.org/maven2/org/springframework/spring-jcl/6.2.5/spring-jcl-6.2.5-sources.jar
2025-03-21 14:52:07,624 [Worker-43: Download sources and javadoc] INFO  o.e.m.c.i.e.AbstractTransferListenerAdapter - Downloaded https://repo.maven.apache.org/maven2/org/springframework/spring-jcl/6.2.5/spring-jcl-6.2.5-sources.jar
2025-03-21 14:52:07,627 [Worker-43: Download sources and javadoc] INFO  o.e.m.j.internal.DownloadSourcesJob - Downloaded sources for org.springframework:spring-jcl:6.2.5
2025-03-21 14:52:07,704 [Worker-43: Download sources and javadoc] INFO  o.e.m.c.i.e.AbstractTransferListenerAdapter - Downloading https://repo.maven.apache.org/maven2/org/springframework/spring-test/6.2.5/spring-test-6.2.5-sources.jar
2025-03-21 14:52:07,812 [Worker-43: Download sources and javadoc] INFO  o.e.m.c.i.e.AbstractTransferListenerAdapter - Downloaded https://repo.maven.apache.org/maven2/org/springframework/spring-test/6.2.5/spring-test-6.2.5-sources.jar
2025-03-21 14:52:07,815 [Worker-43: Download sources and javadoc] INFO  o.e.m.j.internal.DownloadSourcesJob - Downloaded sources for org.springframework:spring-test:6.2.5
2025-03-21 14:58:15,101 [Worker-51: Import Getting Started Content] INFO  o.e.m.c.i.l.LifecycleMappingFactory - Using org.eclipse.m2e.jdt.JarLifecycleMapping lifecycle mapping for MavenProject: com.example:SimpleFeignClient:0.0.1-SNAPSHOT @ C:\Users\prasa\eclipse-workspace\Micoservice-eclipse-workspace\SimpleFeignClient\pom.xml.
2025-03-21 14:58:16,183 [Worker-51: Import Getting Started Content] INFO  o.e.m.j.i.AbstractJavaProjectConfigurator - Adding source folder /SimpleFeignClient/src/main/java
2025-03-21 14:58:16,184 [Worker-51: Import Getting Started Content] INFO  o.e.m.j.i.AbstractJavaProjectConfigurator - Adding resource folder /SimpleFeignClient/src/main/resources
2025-03-21 14:58:16,188 [Worker-51: Import Getting Started Content] INFO  o.e.m.j.i.AbstractJavaProjectConfigurator - Adding resource folder /SimpleFeignClient/src/main/resources
2025-03-21 14:58:16,190 [Worker-51: Import Getting Started Content] INFO  o.e.m.j.i.AbstractJavaProjectConfigurator - Adding source folder /SimpleFeignClient/src/test/java
2025-03-21 14:58:16,191 [Worker-51: Import Getting Started Content] INFO  o.e.m.j.i.AbstractJavaProjectConfigurator - Adding resource folder /SimpleFeignClient/src/test/resources
2025-03-21 14:58:16,467 [Worker-51: Import Getting Started Content] INFO  o.e.m.c.i.p.ProjectConfigurationManager - Imported and configured 1 project(s) in 1 sec
2025-03-21 14:58:16,469 [Worker-51: Import Getting Started Content] INFO  o.e.m.c.i.p.ProjectConfigurationManager - Update started
2025-03-21 14:58:16,738 [Worker-51: Import Getting Started Content] INFO  o.e.m.c.i.l.LifecycleMappingFactory - Using org.eclipse.m2e.jdt.JarLifecycleMapping lifecycle mapping for MavenProject: com.example:SimpleFeignClient:0.0.1-SNAPSHOT @ C:\Users\prasa\eclipse-workspace\Micoservice-eclipse-workspace\SimpleFeignClient\pom.xml.
2025-03-21 14:58:17,126 [Worker-53: Download sources and javadoc] INFO  o.e.m.c.i.e.AbstractTransferListenerAdapter - Downloaded https://repo.maven.apache.org/maven2/org/springframework/cloud/spring-cloud-starter-openfeign/4.2.1/spring-cloud-starter-openfeign-4.2.1-javadoc.jar
2025-03-21 14:58:17,129 [Worker-53: Download sources and javadoc] ERROR o.e.m.j.internal.DownloadSourcesJob - Could not download javadoc for org.springframework.cloud:spring-cloud-starter-openfeign:4.2.1
org.eclipse.core.runtime.CoreException: Could not resolve artifact org.springframework.cloud:spring-cloud-starter-openfeign:jar:javadoc:4.2.1
	at org.eclipse.m2e.core.internal.embedder.MavenImpl.lambda$7(MavenImpl.java:540)
	at org.eclipse.m2e.core.internal.embedder.MavenExecutionContext.executeBare(MavenExecutionContext.java:458)
	at org.eclipse.m2e.core.internal.embedder.MavenExecutionContext.execute(MavenExecutionContext.java:292)
	at org.eclipse.m2e.core.internal.embedder.MavenExecutionContext.execute(MavenExecutionContext.java:278)
	at org.eclipse.m2e.core.internal.embedder.MavenImpl.resolve(MavenImpl.java:509)
	at org.eclipse.m2e.core.internal.embedder.MavenImpl.resolve(MavenImpl.java:494)
	at org.eclipse.m2e.jdt.internal.DownloadSourcesJob.download(DownloadSourcesJob.java:308)
	at org.eclipse.m2e.jdt.internal.DownloadSourcesJob.downloadAttachments(DownloadSourcesJob.java:294)
	at org.eclipse.m2e.jdt.internal.DownloadSourcesJob.downloadMaven(DownloadSourcesJob.java:252)
	at org.eclipse.m2e.jdt.internal.DownloadSourcesJob.downloadFilesAndPopulateToUpdate(DownloadSourcesJob.java:220)
	at org.eclipse.m2e.jdt.internal.DownloadSourcesJob.lambda$0(DownloadSourcesJob.java:149)
	at org.eclipse.m2e.core.internal.embedder.MavenExecutionContext.executeBare(MavenExecutionContext.java:458)
	at org.eclipse.m2e.core.internal.embedder.MavenExecutionContext.execute(MavenExecutionContext.java:339)
	at org.eclipse.m2e.core.internal.embedder.MavenExecutionContext.execute(MavenExecutionContext.java:278)
	at org.eclipse.m2e.core.embedder.IMaven.execute(IMaven.java:300)
	at org.eclipse.m2e.jdt.internal.DownloadSourcesJob.run(DownloadSourcesJob.java:149)
	at org.eclipse.core.internal.jobs.Worker.run(Worker.java:63)
2025-03-21 14:58:17,531 [Worker-51: Import Getting Started Content] INFO  o.e.m.j.i.AbstractJavaProjectConfigurator - Adding source folder /SimpleFeignClient/src/main/java
2025-03-21 14:58:17,532 [Worker-51: Import Getting Started Content] INFO  o.e.m.j.i.AbstractJavaProjectConfigurator - Adding resource folder /SimpleFeignClient/src/main/resources
2025-03-21 14:58:17,533 [Worker-51: Import Getting Started Content] INFO  o.e.m.j.i.AbstractJavaProjectConfigurator - Adding resource folder /SimpleFeignClient/src/main/resources
2025-03-21 14:58:17,533 [Worker-51: Import Getting Started Content] INFO  o.e.m.j.i.AbstractJavaProjectConfigurator - Adding source folder /SimpleFeignClient/src/test/java
2025-03-21 14:58:17,534 [Worker-51: Import Getting Started Content] INFO  o.e.m.j.i.AbstractJavaProjectConfigurator - Adding resource folder /SimpleFeignClient/src/test/resources
2025-03-21 14:58:17,984 [Worker-51: Import Getting Started Content] INFO  o.e.m.c.i.p.ProjectConfigurationManager - Update completed for 1 poms: local refresh takes 0.00 sec, refresh facades takes 0.00 sec, update config takes 0.00 sec 
2025-03-21 14:58:18,313 [Worker-50: Building] INFO  o.a.m.s.f.DefaultMavenResourcesFiltering - Copying 1 resource from src\main\resources to target\classes
2025-03-21 14:58:18,327 [Worker-50: Building] INFO  o.a.m.s.f.DefaultMavenResourcesFiltering - Copying 0 resource from src\main\resources to target\classes
2025-03-21 14:58:18,332 [Worker-50: Building] INFO  o.a.m.s.f.DefaultMavenResourcesFiltering - skip non existing resourceDirectory C:\Users\prasa\eclipse-workspace\Micoservice-eclipse-workspace\SimpleFeignClient\src\test\resources
2025-03-21 14:59:17,111 [Worker-51: Building] INFO  o.a.m.s.f.DefaultMavenResourcesFiltering - Copying 1 resource from src\main\resources to target\classes
2025-03-21 14:59:17,156 [Worker-51: Building] INFO  o.a.m.s.f.DefaultMavenResourcesFiltering - Copying 0 resource from src\main\resources to target\classes
2025-03-21 14:59:17,161 [Worker-51: Building] INFO  o.a.m.s.f.DefaultMavenResourcesFiltering - skip non existing resourceDirectory C:\Users\prasa\eclipse-workspace\Micoservice-eclipse-workspace\SimpleFeignClient\src\test\resources
2025-03-21 15:00:07,447 [Worker-48: Building] INFO  o.a.m.s.f.DefaultMavenResourcesFiltering - Copying 1 resource from src\main\resources to target\classes
2025-03-21 15:00:07,462 [Worker-48: Building] INFO  o.a.m.s.f.DefaultMavenResourcesFiltering - Copying 0 resource from src\main\resources to target\classes
2025-03-21 15:00:07,465 [Worker-48: Building] INFO  o.a.m.s.f.DefaultMavenResourcesFiltering - skip non existing resourceDirectory C:\Users\prasa\eclipse-workspace\Micoservice-eclipse-workspace\SimpleFeignClient\src\test\resources
2025-03-21 15:00:20,953 [Worker-54: Building] INFO  o.a.m.s.f.DefaultMavenResourcesFiltering - Copying 1 resource from src\main\resources to target\classes
2025-03-21 15:00:20,961 [Worker-54: Building] INFO  o.a.m.s.f.DefaultMavenResourcesFiltering - Copying 0 resource from src\main\resources to target\classes
2025-03-21 15:00:20,963 [Worker-54: Building] INFO  o.a.m.s.f.DefaultMavenResourcesFiltering - skip non existing resourceDirectory C:\Users\prasa\eclipse-workspace\Micoservice-eclipse-workspace\SimpleFeignClient\src\test\resources
2025-03-21 15:10:09,416 [Worker-58: Building] INFO  o.a.m.s.f.DefaultMavenResourcesFiltering - Copying 1 resource from src\main\resources to target\classes
2025-03-21 15:10:09,424 [Worker-58: Building] INFO  o.a.m.s.f.DefaultMavenResourcesFiltering - Copying 0 resource from src\main\resources to target\classes
2025-03-21 15:10:09,428 [Worker-58: Building] INFO  o.a.m.s.f.DefaultMavenResourcesFiltering - skip non existing resourceDirectory C:\Users\prasa\eclipse-workspace\Micoservice-eclipse-workspace\SimpleFeignClient\src\test\resources
2025-03-21 15:11:37,993 [Worker-40: Building] INFO  o.a.m.s.f.DefaultMavenResourcesFiltering - Copying 1 resource from src\main\resources to target\classes
2025-03-21 15:11:38,000 [Worker-40: Building] INFO  o.a.m.s.f.DefaultMavenResourcesFiltering - Copying 0 resource from src\main\resources to target\classes
2025-03-21 15:11:38,004 [Worker-40: Building] INFO  o.a.m.s.f.DefaultMavenResourcesFiltering - skip non existing resourceDirectory C:\Users\prasa\eclipse-workspace\Micoservice-eclipse-workspace\SimpleFeignClient\src\test\resources
2025-03-21 15:13:50,671 [Worker-60: Building] INFO  o.a.m.s.f.DefaultMavenResourcesFiltering - Copying 1 resource from src\main\resources to target\classes
2025-03-21 15:13:50,678 [Worker-60: Building] INFO  o.a.m.s.f.DefaultMavenResourcesFiltering - Copying 0 resource from src\main\resources to target\classes
2025-03-21 15:13:50,681 [Worker-60: Building] INFO  o.a.m.s.f.DefaultMavenResourcesFiltering - skip non existing resourceDirectory C:\Users\prasa\eclipse-workspace\Micoservice-eclipse-workspace\SimpleFeignClient\src\test\resources
2025-03-21 15:14:07,853 [Worker-56: Building] INFO  o.a.m.s.f.DefaultMavenResourcesFiltering - Copying 1 resource from src\main\resources to target\classes
2025-03-21 15:14:07,858 [Worker-56: Building] INFO  o.a.m.s.f.DefaultMavenResourcesFiltering - Copying 0 resource from src\main\resources to target\classes
2025-03-21 15:14:07,860 [Worker-56: Building] INFO  o.a.m.s.f.DefaultMavenResourcesFiltering - skip non existing resourceDirectory C:\Users\prasa\eclipse-workspace\Micoservice-eclipse-workspace\SimpleFeignClient\src\test\resources
2025-03-21 15:14:23,603 [Worker-60: Building] INFO  o.a.m.s.f.DefaultMavenResourcesFiltering - Copying 1 resource from src\main\resources to target\classes
2025-03-21 15:14:23,611 [Worker-60: Building] INFO  o.a.m.s.f.DefaultMavenResourcesFiltering - Copying 0 resource from src\main\resources to target\classes
2025-03-21 15:14:23,615 [Worker-60: Building] INFO  o.a.m.s.f.DefaultMavenResourcesFiltering - skip non existing resourceDirectory C:\Users\prasa\eclipse-workspace\Micoservice-eclipse-workspace\SimpleFeignClient\src\test\resources
2025-03-21 15:14:46,793 [Worker-59: Building] INFO  o.a.m.s.f.DefaultMavenResourcesFiltering - Copying 1 resource from src\main\resources to target\classes
2025-03-21 15:14:46,804 [Worker-59: Building] INFO  o.a.m.s.f.DefaultMavenResourcesFiltering - Copying 0 resource from src\main\resources to target\classes
2025-03-21 15:14:46,807 [Worker-59: Building] INFO  o.a.m.s.f.DefaultMavenResourcesFiltering - skip non existing resourceDirectory C:\Users\prasa\eclipse-workspace\Micoservice-eclipse-workspace\SimpleFeignClient\src\test\resources
2025-03-21 15:15:35,162 [Worker-56: Building] INFO  o.a.m.s.f.DefaultMavenResourcesFiltering - Copying 1 resource from src\main\resources to target\classes
2025-03-21 15:15:35,167 [Worker-56: Building] INFO  o.a.m.s.f.DefaultMavenResourcesFiltering - Copying 0 resource from src\main\resources to target\classes
2025-03-21 15:15:35,169 [Worker-56: Building] INFO  o.a.m.s.f.DefaultMavenResourcesFiltering - skip non existing resourceDirectory C:\Users\prasa\eclipse-workspace\Micoservice-eclipse-workspace\SimpleFeignClient\src\test\resources
2025-03-21 15:15:46,432 [Worker-58: Building] INFO  o.a.m.s.f.DefaultMavenResourcesFiltering - Copying 1 resource from src\main\resources to target\classes
2025-03-21 15:15:46,438 [Worker-58: Building] INFO  o.a.m.s.f.DefaultMavenResourcesFiltering - Copying 0 resource from src\main\resources to target\classes
2025-03-21 15:15:46,440 [Worker-58: Building] INFO  o.a.m.s.f.DefaultMavenResourcesFiltering - skip non existing resourceDirectory C:\Users\prasa\eclipse-workspace\Micoservice-eclipse-workspace\SimpleFeignClient\src\test\resources
2025-03-21 15:16:30,240 [Worker-40: Building] INFO  o.a.m.s.f.DefaultMavenResourcesFiltering - Copying 1 resource from src\main\resources to target\classes
2025-03-21 15:16:30,245 [Worker-40: Building] INFO  o.a.m.s.f.DefaultMavenResourcesFiltering - Copying 0 resource from src\main\resources to target\classes
2025-03-21 15:16:30,247 [Worker-40: Building] INFO  o.a.m.s.f.DefaultMavenResourcesFiltering - skip non existing resourceDirectory C:\Users\prasa\eclipse-workspace\Micoservice-eclipse-workspace\SimpleFeignClient\src\test\resources
2025-03-21 15:26:09,343 [Worker-59: Launching SimpleFeignClient - SimpleFeignClientApplication] INFO  o.a.m.s.f.DefaultMavenResourcesFiltering - Copying 1 resource from src\main\resources to target\classes
2025-03-21 15:26:09,351 [Worker-59: Launching SimpleFeignClient - SimpleFeignClientApplication] INFO  o.a.m.s.f.DefaultMavenResourcesFiltering - Copying 0 resource from src\main\resources to target\classes
2025-03-21 15:26:09,356 [Worker-59: Launching SimpleFeignClient - SimpleFeignClientApplication] INFO  o.a.m.s.f.DefaultMavenResourcesFiltering - skip non existing resourceDirectory C:\Users\prasa\eclipse-workspace\Micoservice-eclipse-workspace\SimpleFeignClient\src\test\resources
2025-03-21 15:31:41,883 [Worker-73: Building] INFO  o.e.m.c.i.l.LifecycleMappingFactory - Using org.eclipse.m2e.jdt.JarLifecycleMapping lifecycle mapping for MavenProject: com.example:client:0.0.1-SNAPSHOT @ C:\Users\prasa\eclipse-workspace\Micoservice-eclipse-workspace\SimpleDiscoveryClient\pom.xml.
2025-03-21 15:31:43,012 [Worker-73: Building] INFO  o.a.m.s.f.DefaultMavenResourcesFiltering - Copying 1 resource from src\main\resources to target\classes
2025-03-21 15:31:43,051 [Worker-73: Building] INFO  o.a.m.s.f.DefaultMavenResourcesFiltering - Copying 0 resource from src\main\resources to target\classes
2025-03-21 15:31:43,061 [Worker-73: Building] INFO  o.a.m.s.f.DefaultMavenResourcesFiltering - skip non existing resourceDirectory C:\Users\prasa\eclipse-workspace\Micoservice-eclipse-workspace\SimpleDiscoveryClient\src\test\resources
2025-03-21 15:31:53,578 [Worker-69: Updating Maven Project] INFO  o.e.m.c.i.p.ProjectConfigurationManager - Update started
2025-03-21 15:31:53,879 [Worker-69: Updating Maven Project] INFO  o.e.m.c.i.l.LifecycleMappingFactory - Using org.eclipse.m2e.jdt.JarLifecycleMapping lifecycle mapping for MavenProject: com.example:SimpleFeignClient:0.0.1-SNAPSHOT @ C:\Users\prasa\eclipse-workspace\Micoservice-eclipse-workspace\SimpleFeignClient\pom.xml.
2025-03-21 15:31:54,679 [Worker-69: Updating Maven Project] INFO  o.e.m.j.i.AbstractJavaProjectConfigurator - Adding source folder /SimpleFeignClient/src/main/java
2025-03-21 15:31:54,680 [Worker-69: Updating Maven Project] INFO  o.e.m.j.i.AbstractJavaProjectConfigurator - Adding resource folder /SimpleFeignClient/src/main/resources
2025-03-21 15:31:54,681 [Worker-69: Updating Maven Project] INFO  o.e.m.j.i.AbstractJavaProjectConfigurator - Adding resource folder /SimpleFeignClient/src/main/resources
2025-03-21 15:31:54,681 [Worker-69: Updating Maven Project] INFO  o.e.m.j.i.AbstractJavaProjectConfigurator - Adding source folder /SimpleFeignClient/src/test/java
2025-03-21 15:31:54,681 [Worker-69: Updating Maven Project] INFO  o.e.m.j.i.AbstractJavaProjectConfigurator - Adding resource folder /SimpleFeignClient/src/test/resources
2025-03-21 15:31:54,946 [Worker-69: Updating Maven Project] INFO  o.e.m.c.i.p.ProjectConfigurationManager - Update completed for 1 poms: local refresh takes 0.00 sec, refresh facades takes 1.00 sec, update config takes 0.00 sec 
2025-03-21 15:31:55,254 [Worker-74: Building] INFO  o.a.m.s.f.DefaultMavenResourcesFiltering - Copying 1 resource from src\main\resources to target\classes
2025-03-21 15:31:55,269 [Worker-74: Building] INFO  o.a.m.s.f.DefaultMavenResourcesFiltering - Copying 0 resource from src\main\resources to target\classes
2025-03-21 15:31:55,276 [Worker-74: Building] INFO  o.a.m.s.f.DefaultMavenResourcesFiltering - skip non existing resourceDirectory C:\Users\prasa\eclipse-workspace\Micoservice-eclipse-workspace\SimpleFeignClient\src\test\resources
2025-03-21 15:32:01,411 [Worker-69: Launching SimpleFeignClient - SimpleFeignClientApplication] INFO  o.a.m.s.f.DefaultMavenResourcesFiltering - Copying 1 resource from src\main\resources to target\classes
2025-03-21 15:32:01,420 [Worker-69: Launching SimpleFeignClient - SimpleFeignClientApplication] INFO  o.a.m.s.f.DefaultMavenResourcesFiltering - Copying 0 resource from src\main\resources to target\classes
2025-03-21 15:32:01,425 [Worker-69: Launching SimpleFeignClient - SimpleFeignClientApplication] INFO  o.a.m.s.f.DefaultMavenResourcesFiltering - skip non existing resourceDirectory C:\Users\prasa\eclipse-workspace\Micoservice-eclipse-workspace\SimpleFeignClient\src\test\resources
2025-03-21 15:36:35,555 [Worker-78: Building] INFO  o.e.m.c.i.l.LifecycleMappingFactory - Using org.eclipse.m2e.jdt.JarLifecycleMapping lifecycle mapping for MavenProject: com.example:client:0.0.1-SNAPSHOT @ C:\Users\prasa\eclipse-workspace\Micoservice-eclipse-workspace\SimpleDiscoveryClient\pom.xml.
2025-03-21 15:36:36,396 [Worker-78: Building] INFO  o.a.m.s.f.DefaultMavenResourcesFiltering - Copying 0 resource from src\main\resources to target\classes
2025-03-21 15:36:36,397 [Worker-78: Building] INFO  o.a.m.s.f.DefaultMavenResourcesFiltering - Copying 0 resource from src\main\resources to target\classes
2025-03-21 15:36:36,402 [Worker-78: Building] INFO  o.a.m.s.f.DefaultMavenResourcesFiltering - skip non existing resourceDirectory C:\Users\prasa\eclipse-workspace\Micoservice-eclipse-workspace\SimpleDiscoveryClient\src\test\resources
2025-03-21 15:36:53,854 [Worker-79: Building] INFO  o.e.m.c.i.l.LifecycleMappingFactory - Using org.eclipse.m2e.jdt.JarLifecycleMapping lifecycle mapping for MavenProject: com.example:client:0.0.1-SNAPSHOT @ C:\Users\prasa\eclipse-workspace\Micoservice-eclipse-workspace\SimpleDiscoveryClient\pom.xml.
2025-03-21 15:36:54,523 [Worker-79: Building] INFO  o.a.m.s.f.DefaultMavenResourcesFiltering - Copying 0 resource from src\main\resources to target\classes
2025-03-21 15:36:54,524 [Worker-79: Building] INFO  o.a.m.s.f.DefaultMavenResourcesFiltering - Copying 0 resource from src\main\resources to target\classes
2025-03-21 15:36:54,527 [Worker-79: Building] INFO  o.a.m.s.f.DefaultMavenResourcesFiltering - skip non existing resourceDirectory C:\Users\prasa\eclipse-workspace\Micoservice-eclipse-workspace\SimpleDiscoveryClient\src\test\resources
2025-03-21 15:37:08,496 [Worker-70: Building] INFO  o.e.m.c.i.l.LifecycleMappingFactory - Using org.eclipse.m2e.jdt.JarLifecycleMapping lifecycle mapping for MavenProject: com.example:SimpleFeignClient:0.0.1-SNAPSHOT @ C:\Users\prasa\eclipse-workspace\Micoservice-eclipse-workspace\SimpleFeignClient\pom.xml.
2025-03-21 15:37:09,236 [Worker-70: Building] INFO  o.a.m.s.f.DefaultMavenResourcesFiltering - Copying 0 resource from src\main\resources to target\classes
2025-03-21 15:37:09,237 [Worker-70: Building] INFO  o.a.m.s.f.DefaultMavenResourcesFiltering - Copying 0 resource from src\main\resources to target\classes
2025-03-21 15:37:09,241 [Worker-70: Building] INFO  o.a.m.s.f.DefaultMavenResourcesFiltering - skip non existing resourceDirectory C:\Users\prasa\eclipse-workspace\Micoservice-eclipse-workspace\SimpleFeignClient\src\test\resources
2025-03-21 15:37:16,746 [Worker-77: Updating Maven Project] INFO  o.e.m.c.i.p.ProjectConfigurationManager - Update started
2025-03-21 15:37:17,037 [Worker-77: Updating Maven Project] INFO  o.e.m.c.i.l.LifecycleMappingFactory - Using org.eclipse.m2e.jdt.JarLifecycleMapping lifecycle mapping for MavenProject: com.example:SimpleFeignClient:0.0.1-SNAPSHOT @ C:\Users\prasa\eclipse-workspace\Micoservice-eclipse-workspace\SimpleFeignClient\pom.xml.
2025-03-21 15:37:17,697 [Worker-77: Updating Maven Project] INFO  o.e.m.j.i.AbstractJavaProjectConfigurator - Adding source folder /SimpleFeignClient/src/main/java
2025-03-21 15:37:17,698 [Worker-77: Updating Maven Project] INFO  o.e.m.j.i.AbstractJavaProjectConfigurator - Adding resource folder /SimpleFeignClient/src/main/resources
2025-03-21 15:37:17,699 [Worker-77: Updating Maven Project] INFO  o.e.m.j.i.AbstractJavaProjectConfigurator - Adding resource folder /SimpleFeignClient/src/main/resources
2025-03-21 15:37:17,699 [Worker-77: Updating Maven Project] INFO  o.e.m.j.i.AbstractJavaProjectConfigurator - Adding source folder /SimpleFeignClient/src/test/java
2025-03-21 15:37:17,700 [Worker-77: Updating Maven Project] INFO  o.e.m.j.i.AbstractJavaProjectConfigurator - Adding resource folder /SimpleFeignClient/src/test/resources
2025-03-21 15:37:18,115 [Worker-77: Updating Maven Project] INFO  o.e.m.c.i.p.ProjectConfigurationManager - Update completed for 1 poms: local refresh takes 0.00 sec, refresh facades takes 0.00 sec, update config takes 0.00 sec 
2025-03-21 15:37:18,427 [Worker-69: Building] INFO  o.a.m.s.f.DefaultMavenResourcesFiltering - Copying 1 resource from src\main\resources to target\classes
2025-03-21 15:37:18,443 [Worker-69: Building] INFO  o.a.m.s.f.DefaultMavenResourcesFiltering - Copying 0 resource from src\main\resources to target\classes
2025-03-21 15:37:18,447 [Worker-69: Building] INFO  o.a.m.s.f.DefaultMavenResourcesFiltering - skip non existing resourceDirectory C:\Users\prasa\eclipse-workspace\Micoservice-eclipse-workspace\SimpleFeignClient\src\test\resources
2025-03-21 15:37:35,560 [Worker-78: Building] INFO  o.e.m.c.i.l.LifecycleMappingFactory - Using org.eclipse.m2e.jdt.JarLifecycleMapping lifecycle mapping for MavenProject: com.example:SimpleFeignClient:0.0.1-SNAPSHOT @ C:\Users\prasa\eclipse-workspace\Micoservice-eclipse-workspace\SimpleFeignClient\pom.xml.
2025-03-21 15:37:36,091 [Worker-78: Building] INFO  o.a.m.s.f.DefaultMavenResourcesFiltering - Copying 0 resource from src\main\resources to target\classes
2025-03-21 15:37:36,092 [Worker-78: Building] INFO  o.a.m.s.f.DefaultMavenResourcesFiltering - Copying 0 resource from src\main\resources to target\classes
2025-03-21 15:37:36,096 [Worker-78: Building] INFO  o.a.m.s.f.DefaultMavenResourcesFiltering - skip non existing resourceDirectory C:\Users\prasa\eclipse-workspace\Micoservice-eclipse-workspace\SimpleFeignClient\src\test\resources
2025-03-21 15:37:46,640 [Worker-70: Updating Maven Project] INFO  o.e.m.c.i.p.ProjectConfigurationManager - Update started
2025-03-21 15:37:46,899 [Worker-70: Updating Maven Project] INFO  o.e.m.c.i.l.LifecycleMappingFactory - Using org.eclipse.m2e.jdt.JarLifecycleMapping lifecycle mapping for MavenProject: com.example:SimpleFeignClient:0.0.1-SNAPSHOT @ C:\Users\prasa\eclipse-workspace\Micoservice-eclipse-workspace\SimpleFeignClient\pom.xml.
2025-03-21 15:37:47,410 [Worker-70: Updating Maven Project] INFO  o.e.m.j.i.AbstractJavaProjectConfigurator - Adding source folder /SimpleFeignClient/src/main/java
2025-03-21 15:37:47,410 [Worker-70: Updating Maven Project] INFO  o.e.m.j.i.AbstractJavaProjectConfigurator - Adding resource folder /SimpleFeignClient/src/main/resources
2025-03-21 15:37:47,411 [Worker-70: Updating Maven Project] INFO  o.e.m.j.i.AbstractJavaProjectConfigurator - Adding resource folder /SimpleFeignClient/src/main/resources
2025-03-21 15:37:47,411 [Worker-70: Updating Maven Project] INFO  o.e.m.j.i.AbstractJavaProjectConfigurator - Adding source folder /SimpleFeignClient/src/test/java
2025-03-21 15:37:47,412 [Worker-70: Updating Maven Project] INFO  o.e.m.j.i.AbstractJavaProjectConfigurator - Adding resource folder /SimpleFeignClient/src/test/resources
2025-03-21 15:37:47,644 [Worker-70: Updating Maven Project] INFO  o.e.m.c.i.p.ProjectConfigurationManager - Update completed for 1 poms: local refresh takes 0.00 sec, refresh facades takes 0.00 sec, update config takes 0.00 sec 
2025-03-21 15:37:47,903 [Worker-70: Building] INFO  o.a.m.s.f.DefaultMavenResourcesFiltering - Copying 1 resource from src\main\resources to target\classes
2025-03-21 15:37:47,914 [Worker-70: Building] INFO  o.a.m.s.f.DefaultMavenResourcesFiltering - Copying 0 resource from src\main\resources to target\classes
2025-03-21 15:37:47,918 [Worker-70: Building] INFO  o.a.m.s.f.DefaultMavenResourcesFiltering - skip non existing resourceDirectory C:\Users\prasa\eclipse-workspace\Micoservice-eclipse-workspace\SimpleFeignClient\src\test\resources
2025-03-21 15:42:31,607 [Worker-77: Building] INFO  o.a.m.s.f.DefaultMavenResourcesFiltering - Copying 1 resource from src\main\resources to target\classes
2025-03-21 15:42:31,615 [Worker-77: Building] INFO  o.a.m.s.f.DefaultMavenResourcesFiltering - Copying 0 resource from src\main\resources to target\classes
2025-03-21 15:42:31,618 [Worker-77: Building] INFO  o.a.m.s.f.DefaultMavenResourcesFiltering - skip non existing resourceDirectory C:\Users\prasa\eclipse-workspace\Micoservice-eclipse-workspace\SimpleFeignClient\src\test\resources
2025-03-21 16:05:51,977 [Worker-84: Import Getting Started Content] INFO  o.e.m.c.i.l.LifecycleMappingFactory - Using org.eclipse.m2e.jdt.JarLifecycleMapping lifecycle mapping for MavenProject: com.example:SpringCloudConfigServer:0.0.1-SNAPSHOT @ C:\Users\prasa\eclipse-workspace\Micoservice-eclipse-workspace\SpringCloudConfigServer\pom.xml.
2025-03-21 16:05:52,171 [Worker-84: Import Getting Started Content] INFO  o.e.m.c.i.e.AbstractTransferListenerAdapter - Downloading https://repo.maven.apache.org/maven2/org/springframework/cloud/spring-cloud-config-server/4.2.1/spring-cloud-config-server-4.2.1.pom
2025-03-21 16:05:52,181 [Worker-84: Import Getting Started Content] INFO  o.e.m.c.i.e.AbstractTransferListenerAdapter - Downloaded https://repo.maven.apache.org/maven2/org/springframework/cloud/spring-cloud-config-server/4.2.1/spring-cloud-config-server-4.2.1.pom
2025-03-21 16:05:52,214 [Worker-84: Import Getting Started Content] INFO  o.e.m.c.i.e.AbstractTransferListenerAdapter - Downloading https://repo.maven.apache.org/maven2/org/springframework/cloud/spring-cloud-config/4.2.1/spring-cloud-config-4.2.1.pom
2025-03-21 16:05:52,219 [Worker-84: Import Getting Started Content] INFO  o.e.m.c.i.e.AbstractTransferListenerAdapter - Downloaded https://repo.maven.apache.org/maven2/org/springframework/cloud/spring-cloud-config/4.2.1/spring-cloud-config-4.2.1.pom
2025-03-21 16:05:52,307 [Worker-84: Import Getting Started Content] INFO  o.e.m.c.i.e.AbstractTransferListenerAdapter - Downloading https://repo.maven.apache.org/maven2/org/springframework/cloud/spring-cloud-config-client/4.2.1/spring-cloud-config-client-4.2.1.pom
2025-03-21 16:05:52,312 [Worker-84: Import Getting Started Content] INFO  o.e.m.c.i.e.AbstractTransferListenerAdapter - Downloaded https://repo.maven.apache.org/maven2/org/springframework/cloud/spring-cloud-config-client/4.2.1/spring-cloud-config-client-4.2.1.pom
2025-03-21 16:05:52,366 [Worker-84: Import Getting Started Content] INFO  o.e.m.c.i.e.AbstractTransferListenerAdapter - Downloading https://repo.maven.apache.org/maven2/org/springframework/boot/spring-boot-starter-validation/3.4.4/spring-boot-starter-validation-3.4.4.pom
2025-03-21 16:05:52,370 [Worker-84: Import Getting Started Content] INFO  o.e.m.c.i.e.AbstractTransferListenerAdapter - Downloaded https://repo.maven.apache.org/maven2/org/springframework/boot/spring-boot-starter-validation/3.4.4/spring-boot-starter-validation-3.4.4.pom
2025-03-21 16:05:52,402 [Worker-84: Import Getting Started Content] INFO  o.e.m.c.i.e.AbstractTransferListenerAdapter - Downloading https://repo.maven.apache.org/maven2/org/hibernate/validator/hibernate-validator/8.0.2.Final/hibernate-validator-8.0.2.Final.pom
2025-03-21 16:05:52,412 [Worker-84: Import Getting Started Content] INFO  o.e.m.c.i.e.AbstractTransferListenerAdapter - Downloaded https://repo.maven.apache.org/maven2/org/hibernate/validator/hibernate-validator/8.0.2.Final/hibernate-validator-8.0.2.Final.pom
2025-03-21 16:05:52,444 [Worker-84: Import Getting Started Content] INFO  o.e.m.c.i.e.AbstractTransferListenerAdapter - Downloading https://repo.maven.apache.org/maven2/org/hibernate/validator/hibernate-validator-parent/8.0.2.Final/hibernate-validator-parent-8.0.2.Final.pom
2025-03-21 16:05:52,477 [Worker-84: Import Getting Started Content] INFO  o.e.m.c.i.e.AbstractTransferListenerAdapter - Downloaded https://repo.maven.apache.org/maven2/org/hibernate/validator/hibernate-validator-parent/8.0.2.Final/hibernate-validator-parent-8.0.2.Final.pom
2025-03-21 16:05:52,509 [Worker-84: Import Getting Started Content] INFO  o.e.m.c.i.e.AbstractTransferListenerAdapter - Downloading https://repo.maven.apache.org/maven2/org/jboss/arquillian/arquillian-bom/1.7.0.Alpha10/arquillian-bom-1.7.0.Alpha10.pom
2025-03-21 16:05:52,516 [Worker-84: Import Getting Started Content] INFO  o.e.m.c.i.e.AbstractTransferListenerAdapter - Downloaded https://repo.maven.apache.org/maven2/org/jboss/arquillian/arquillian-bom/1.7.0.Alpha10/arquillian-bom-1.7.0.Alpha10.pom
2025-03-21 16:05:52,612 [Worker-84: Import Getting Started Content] INFO  o.e.m.c.i.e.AbstractTransferListenerAdapter - Downloading https://repo.maven.apache.org/maven2/org/eclipse/jgit/org.eclipse.jgit/6.10.0.202406032230-r/org.eclipse.jgit-6.10.0.202406032230-r.pom
2025-03-21 16:05:52,617 [Worker-84: Import Getting Started Content] INFO  o.e.m.c.i.e.AbstractTransferListenerAdapter - Downloaded https://repo.maven.apache.org/maven2/org/eclipse/jgit/org.eclipse.jgit/6.10.0.202406032230-r/org.eclipse.jgit-6.10.0.202406032230-r.pom
2025-03-21 16:05:52,648 [Worker-84: Import Getting Started Content] INFO  o.e.m.c.i.e.AbstractTransferListenerAdapter - Downloading https://repo.maven.apache.org/maven2/org/eclipse/jgit/org.eclipse.jgit-parent/6.10.0.202406032230-r/org.eclipse.jgit-parent-6.10.0.202406032230-r.pom
2025-03-21 16:05:52,657 [Worker-84: Import Getting Started Content] INFO  o.e.m.c.i.e.AbstractTransferListenerAdapter - Downloaded https://repo.maven.apache.org/maven2/org/eclipse/jgit/org.eclipse.jgit-parent/6.10.0.202406032230-r/org.eclipse.jgit-parent-6.10.0.202406032230-r.pom
2025-03-21 16:05:52,689 [Worker-84: Import Getting Started Content] INFO  o.e.m.c.i.e.AbstractTransferListenerAdapter - Downloading https://repo.maven.apache.org/maven2/com/googlecode/javaewah/JavaEWAH/1.2.3/JavaEWAH-1.2.3.pom
2025-03-21 16:05:52,692 [Worker-84: Import Getting Started Content] INFO  o.e.m.c.i.e.AbstractTransferListenerAdapter - Downloaded https://repo.maven.apache.org/maven2/com/googlecode/javaewah/JavaEWAH/1.2.3/JavaEWAH-1.2.3.pom
2025-03-21 16:05:52,719 [Worker-84: Import Getting Started Content] INFO  o.e.m.c.i.e.AbstractTransferListenerAdapter - Downloading https://repo.maven.apache.org/maven2/org/sonatype/oss/oss-parent/5/oss-parent-5.pom
2025-03-21 16:05:52,722 [Worker-84: Import Getting Started Content] INFO  o.e.m.c.i.e.AbstractTransferListenerAdapter - Downloaded https://repo.maven.apache.org/maven2/org/sonatype/oss/oss-parent/5/oss-parent-5.pom
2025-03-21 16:05:52,757 [Worker-84: Import Getting Started Content] INFO  o.e.m.c.i.e.AbstractTransferListenerAdapter - Downloading https://repo.maven.apache.org/maven2/org/eclipse/jgit/org.eclipse.jgit.http.apache/6.10.0.202406032230-r/org.eclipse.jgit.http.apache-6.10.0.202406032230-r.pom
2025-03-21 16:05:52,761 [Worker-84: Import Getting Started Content] INFO  o.e.m.c.i.e.AbstractTransferListenerAdapter - Downloaded https://repo.maven.apache.org/maven2/org/eclipse/jgit/org.eclipse.jgit.http.apache/6.10.0.202406032230-r/org.eclipse.jgit.http.apache-6.10.0.202406032230-r.pom
2025-03-21 16:05:52,795 [Worker-84: Import Getting Started Content] INFO  o.e.m.c.i.e.AbstractTransferListenerAdapter - Downloading https://repo.maven.apache.org/maven2/commons-logging/commons-logging/1.2/commons-logging-1.2.pom
2025-03-21 16:05:52,799 [Worker-84: Import Getting Started Content] INFO  o.e.m.c.i.e.AbstractTransferListenerAdapter - Downloaded https://repo.maven.apache.org/maven2/commons-logging/commons-logging/1.2/commons-logging-1.2.pom
2025-03-21 16:05:52,826 [Worker-84: Import Getting Started Content] INFO  o.e.m.c.i.e.AbstractTransferListenerAdapter - Downloading https://repo.maven.apache.org/maven2/org/apache/commons/commons-parent/34/commons-parent-34.pom
2025-03-21 16:05:52,832 [Worker-84: Import Getting Started Content] INFO  o.e.m.c.i.e.AbstractTransferListenerAdapter - Downloaded https://repo.maven.apache.org/maven2/org/apache/commons/commons-parent/34/commons-parent-34.pom
2025-03-21 16:05:52,864 [Worker-84: Import Getting Started Content] INFO  o.e.m.c.i.e.AbstractTransferListenerAdapter - Downloading https://repo.maven.apache.org/maven2/org/eclipse/jgit/org.eclipse.jgit.ssh.apache/6.10.0.202406032230-r/org.eclipse.jgit.ssh.apache-6.10.0.202406032230-r.pom
2025-03-21 16:05:52,867 [Worker-84: Import Getting Started Content] INFO  o.e.m.c.i.e.AbstractTransferListenerAdapter - Downloaded https://repo.maven.apache.org/maven2/org/eclipse/jgit/org.eclipse.jgit.ssh.apache/6.10.0.202406032230-r/org.eclipse.jgit.ssh.apache-6.10.0.202406032230-r.pom
2025-03-21 16:05:52,896 [Worker-84: Import Getting Started Content] INFO  o.e.m.c.i.e.AbstractTransferListenerAdapter - Downloading https://repo.maven.apache.org/maven2/org/apache/sshd/sshd-osgi/2.12.1/sshd-osgi-2.12.1.pom
2025-03-21 16:05:52,900 [Worker-84: Import Getting Started Content] INFO  o.e.m.c.i.e.AbstractTransferListenerAdapter - Downloaded https://repo.maven.apache.org/maven2/org/apache/sshd/sshd-osgi/2.12.1/sshd-osgi-2.12.1.pom
2025-03-21 16:05:52,928 [Worker-84: Import Getting Started Content] INFO  o.e.m.c.i.e.AbstractTransferListenerAdapter - Downloading https://repo.maven.apache.org/maven2/org/apache/sshd/sshd/2.12.1/sshd-2.12.1.pom
2025-03-21 16:05:52,936 [Worker-84: Import Getting Started Content] INFO  o.e.m.c.i.e.AbstractTransferListenerAdapter - Downloaded https://repo.maven.apache.org/maven2/org/apache/sshd/sshd/2.12.1/sshd-2.12.1.pom
2025-03-21 16:05:52,966 [Worker-84: Import Getting Started Content] INFO  o.e.m.c.i.e.AbstractTransferListenerAdapter - Downloading https://repo.maven.apache.org/maven2/org/springframework/spring-framework-bom/5.3.28/spring-framework-bom-5.3.28.pom
2025-03-21 16:05:52,969 [Worker-84: Import Getting Started Content] INFO  o.e.m.c.i.e.AbstractTransferListenerAdapter - Downloaded https://repo.maven.apache.org/maven2/org/springframework/spring-framework-bom/5.3.28/spring-framework-bom-5.3.28.pom
2025-03-21 16:05:52,999 [Worker-84: Import Getting Started Content] INFO  o.e.m.c.i.e.AbstractTransferListenerAdapter - Downloading https://repo.maven.apache.org/maven2/org/slf4j/jcl-over-slf4j/2.0.17/jcl-over-slf4j-2.0.17.pom
2025-03-21 16:05:53,002 [Worker-84: Import Getting Started Content] INFO  o.e.m.c.i.e.AbstractTransferListenerAdapter - Downloaded https://repo.maven.apache.org/maven2/org/slf4j/jcl-over-slf4j/2.0.17/jcl-over-slf4j-2.0.17.pom
2025-03-21 16:05:53,031 [Worker-84: Import Getting Started Content] INFO  o.e.m.c.i.e.AbstractTransferListenerAdapter - Downloading https://repo.maven.apache.org/maven2/org/apache/sshd/sshd-sftp/2.12.1/sshd-sftp-2.12.1.pom
2025-03-21 16:05:53,034 [Worker-84: Import Getting Started Content] INFO  o.e.m.c.i.e.AbstractTransferListenerAdapter - Downloaded https://repo.maven.apache.org/maven2/org/apache/sshd/sshd-sftp/2.12.1/sshd-sftp-2.12.1.pom
2025-03-21 16:05:53,063 [Worker-84: Import Getting Started Content] INFO  o.e.m.c.i.e.AbstractTransferListenerAdapter - Downloading https://repo.maven.apache.org/maven2/org/testcontainers/testcontainers-bom/1.16.2/testcontainers-bom-1.16.2.pom
2025-03-21 16:05:53,067 [Worker-84: Import Getting Started Content] INFO  o.e.m.c.i.e.AbstractTransferListenerAdapter - Downloaded https://repo.maven.apache.org/maven2/org/testcontainers/testcontainers-bom/1.16.2/testcontainers-bom-1.16.2.pom
2025-03-21 16:05:53,098 [Worker-84: Import Getting Started Content] INFO  o.e.m.c.i.e.AbstractTransferListenerAdapter - Downloading https://repo.maven.apache.org/maven2/net/i2p/crypto/eddsa/0.3.0/eddsa-0.3.0.pom
2025-03-21 16:05:53,101 [Worker-84: Import Getting Started Content] INFO  o.e.m.c.i.e.AbstractTransferListenerAdapter - Downloaded https://repo.maven.apache.org/maven2/net/i2p/crypto/eddsa/0.3.0/eddsa-0.3.0.pom
2025-03-21 16:05:53,130 [Worker-84: Import Getting Started Content] INFO  o.e.m.c.i.e.AbstractTransferListenerAdapter - Downloading https://repo.maven.apache.org/maven2/com/fasterxml/jackson/dataformat/jackson-dataformat-yaml/2.18.3/jackson-dataformat-yaml-2.18.3.pom
2025-03-21 16:05:53,134 [Worker-84: Import Getting Started Content] INFO  o.e.m.c.i.e.AbstractTransferListenerAdapter - Downloaded https://repo.maven.apache.org/maven2/com/fasterxml/jackson/dataformat/jackson-dataformat-yaml/2.18.3/jackson-dataformat-yaml-2.18.3.pom
2025-03-21 16:05:53,162 [Worker-84: Import Getting Started Content] INFO  o.e.m.c.i.e.AbstractTransferListenerAdapter - Downloading https://repo.maven.apache.org/maven2/com/fasterxml/jackson/dataformat/jackson-dataformats-text/2.18.3/jackson-dataformats-text-2.18.3.pom
2025-03-21 16:05:53,165 [Worker-84: Import Getting Started Content] INFO  o.e.m.c.i.e.AbstractTransferListenerAdapter - Downloaded https://repo.maven.apache.org/maven2/com/fasterxml/jackson/dataformat/jackson-dataformats-text/2.18.3/jackson-dataformats-text-2.18.3.pom
2025-03-21 16:05:53,443 [Worker-84: Import Getting Started Content] INFO  o.e.m.c.i.e.AbstractTransferListenerAdapter - Downloading https://repo.maven.apache.org/maven2/org/springframework/cloud/spring-cloud-config-server/4.2.1/spring-cloud-config-server-4.2.1.jar
2025-03-21 16:05:53,498 [Worker-84: Import Getting Started Content] INFO  o.e.m.c.i.e.AbstractTransferListenerAdapter - Downloaded https://repo.maven.apache.org/maven2/org/springframework/cloud/spring-cloud-config-server/4.2.1/spring-cloud-config-server-4.2.1.jar
2025-03-21 16:05:53,525 [BasicRepositoryConnector-repo.maven.apache.org-1-3] INFO  o.e.m.c.i.e.AbstractTransferListenerAdapter - Downloading https://repo.maven.apache.org/maven2/org/eclipse/jgit/org.eclipse.jgit/6.10.0.202406032230-r/org.eclipse.jgit-6.10.0.202406032230-r.jar
2025-03-21 16:05:53,584 [BasicRepositoryConnector-repo.maven.apache.org-1-1] INFO  o.e.m.c.i.e.AbstractTransferListenerAdapter - Downloading https://repo.maven.apache.org/maven2/org/springframework/boot/spring-boot-starter-validation/3.4.4/spring-boot-starter-validation-3.4.4.jar
2025-03-21 16:05:53,585 [BasicRepositoryConnector-repo.maven.apache.org-1-4] INFO  o.e.m.c.i.e.AbstractTransferListenerAdapter - Downloading https://repo.maven.apache.org/maven2/com/googlecode/javaewah/JavaEWAH/1.2.3/JavaEWAH-1.2.3.jar
2025-03-21 16:05:53,585 [BasicRepositoryConnector-repo.maven.apache.org-1-0] INFO  o.e.m.c.i.e.AbstractTransferListenerAdapter - Downloading https://repo.maven.apache.org/maven2/org/springframework/cloud/spring-cloud-config-client/4.2.1/spring-cloud-config-client-4.2.1.jar
2025-03-21 16:05:53,588 [BasicRepositoryConnector-repo.maven.apache.org-1-1] INFO  o.e.m.c.i.e.AbstractTransferListenerAdapter - Downloaded https://repo.maven.apache.org/maven2/org/springframework/boot/spring-boot-starter-validation/3.4.4/spring-boot-starter-validation-3.4.4.jar
2025-03-21 16:05:53,607 [BasicRepositoryConnector-repo.maven.apache.org-1-2] INFO  o.e.m.c.i.e.AbstractTransferListenerAdapter - Downloading https://repo.maven.apache.org/maven2/org/hibernate/validator/hibernate-validator/8.0.2.Final/hibernate-validator-8.0.2.Final.jar
2025-03-21 16:05:53,632 [BasicRepositoryConnector-repo.maven.apache.org-1-1] INFO  o.e.m.c.i.e.AbstractTransferListenerAdapter - Downloading https://repo.maven.apache.org/maven2/org/eclipse/jgit/org.eclipse.jgit.http.apache/6.10.0.202406032230-r/org.eclipse.jgit.http.apache-6.10.0.202406032230-r.jar
2025-03-21 16:05:53,644 [BasicRepositoryConnector-repo.maven.apache.org-1-1] INFO  o.e.m.c.i.e.AbstractTransferListenerAdapter - Downloaded https://repo.maven.apache.org/maven2/org/eclipse/jgit/org.eclipse.jgit.http.apache/6.10.0.202406032230-r/org.eclipse.jgit.http.apache-6.10.0.202406032230-r.jar
2025-03-21 16:05:53,652 [BasicRepositoryConnector-repo.maven.apache.org-1-0] INFO  o.e.m.c.i.e.AbstractTransferListenerAdapter - Downloaded https://repo.maven.apache.org/maven2/org/springframework/cloud/spring-cloud-config-client/4.2.1/spring-cloud-config-client-4.2.1.jar
2025-03-21 16:05:53,684 [BasicRepositoryConnector-repo.maven.apache.org-1-1] INFO  o.e.m.c.i.e.AbstractTransferListenerAdapter - Downloading https://repo.maven.apache.org/maven2/org/apache/httpcomponents/httpclient/4.5.14/httpclient-4.5.14.jar
2025-03-21 16:05:53,693 [BasicRepositoryConnector-repo.maven.apache.org-1-0] INFO  o.e.m.c.i.e.AbstractTransferListenerAdapter - Downloading https://repo.maven.apache.org/maven2/commons-logging/commons-logging/1.2/commons-logging-1.2.jar
2025-03-21 16:05:53,695 [BasicRepositoryConnector-repo.maven.apache.org-1-4] INFO  o.e.m.c.i.e.AbstractTransferListenerAdapter - Downloaded https://repo.maven.apache.org/maven2/com/googlecode/javaewah/JavaEWAH/1.2.3/JavaEWAH-1.2.3.jar
2025-03-21 16:05:53,713 [BasicRepositoryConnector-repo.maven.apache.org-1-0] INFO  o.e.m.c.i.e.AbstractTransferListenerAdapter - Downloaded https://repo.maven.apache.org/maven2/commons-logging/commons-logging/1.2/commons-logging-1.2.jar
2025-03-21 16:05:53,717 [BasicRepositoryConnector-repo.maven.apache.org-1-3] INFO  o.e.m.c.i.e.AbstractTransferListenerAdapter - Downloaded https://repo.maven.apache.org/maven2/org/eclipse/jgit/org.eclipse.jgit/6.10.0.202406032230-r/org.eclipse.jgit-6.10.0.202406032230-r.jar
2025-03-21 16:05:53,720 [BasicRepositoryConnector-repo.maven.apache.org-1-4] INFO  o.e.m.c.i.e.AbstractTransferListenerAdapter - Downloading https://repo.maven.apache.org/maven2/org/eclipse/jgit/org.eclipse.jgit.ssh.apache/6.10.0.202406032230-r/org.eclipse.jgit.ssh.apache-6.10.0.202406032230-r.jar
2025-03-21 16:05:53,738 [BasicRepositoryConnector-repo.maven.apache.org-1-0] INFO  o.e.m.c.i.e.AbstractTransferListenerAdapter - Downloading https://repo.maven.apache.org/maven2/org/apache/sshd/sshd-osgi/2.12.1/sshd-osgi-2.12.1.jar
2025-03-21 16:05:53,744 [BasicRepositoryConnector-repo.maven.apache.org-1-3] INFO  o.e.m.c.i.e.AbstractTransferListenerAdapter - Downloading https://repo.maven.apache.org/maven2/org/slf4j/jcl-over-slf4j/2.0.17/jcl-over-slf4j-2.0.17.jar
2025-03-21 16:05:53,748 [BasicRepositoryConnector-repo.maven.apache.org-1-3] INFO  o.e.m.c.i.e.AbstractTransferListenerAdapter - Downloaded https://repo.maven.apache.org/maven2/org/slf4j/jcl-over-slf4j/2.0.17/jcl-over-slf4j-2.0.17.jar
2025-03-21 16:05:53,778 [BasicRepositoryConnector-repo.maven.apache.org-1-3] INFO  o.e.m.c.i.e.AbstractTransferListenerAdapter - Downloading https://repo.maven.apache.org/maven2/org/apache/sshd/sshd-sftp/2.12.1/sshd-sftp-2.12.1.jar
2025-03-21 16:05:53,798 [BasicRepositoryConnector-repo.maven.apache.org-1-3] INFO  o.e.m.c.i.e.AbstractTransferListenerAdapter - Downloaded https://repo.maven.apache.org/maven2/org/apache/sshd/sshd-sftp/2.12.1/sshd-sftp-2.12.1.jar
2025-03-21 16:05:53,801 [BasicRepositoryConnector-repo.maven.apache.org-1-4] INFO  o.e.m.c.i.e.AbstractTransferListenerAdapter - Downloaded https://repo.maven.apache.org/maven2/org/eclipse/jgit/org.eclipse.jgit.ssh.apache/6.10.0.202406032230-r/org.eclipse.jgit.ssh.apache-6.10.0.202406032230-r.jar
2025-03-21 16:05:53,822 [BasicRepositoryConnector-repo.maven.apache.org-1-3] INFO  o.e.m.c.i.e.AbstractTransferListenerAdapter - Downloading https://repo.maven.apache.org/maven2/net/i2p/crypto/eddsa/0.3.0/eddsa-0.3.0.jar
2025-03-21 16:05:53,825 [BasicRepositoryConnector-repo.maven.apache.org-1-4] INFO  o.e.m.c.i.e.AbstractTransferListenerAdapter - Downloading https://repo.maven.apache.org/maven2/com/fasterxml/jackson/dataformat/jackson-dataformat-yaml/2.18.3/jackson-dataformat-yaml-2.18.3.jar
2025-03-21 16:05:53,829 [BasicRepositoryConnector-repo.maven.apache.org-1-4] INFO  o.e.m.c.i.e.AbstractTransferListenerAdapter - Downloaded https://repo.maven.apache.org/maven2/com/fasterxml/jackson/dataformat/jackson-dataformat-yaml/2.18.3/jackson-dataformat-yaml-2.18.3.jar
2025-03-21 16:05:53,839 [BasicRepositoryConnector-repo.maven.apache.org-1-3] INFO  o.e.m.c.i.e.AbstractTransferListenerAdapter - Downloaded https://repo.maven.apache.org/maven2/net/i2p/crypto/eddsa/0.3.0/eddsa-0.3.0.jar
2025-03-21 16:05:53,891 [BasicRepositoryConnector-repo.maven.apache.org-1-1] INFO  o.e.m.c.i.e.AbstractTransferListenerAdapter - Downloaded https://repo.maven.apache.org/maven2/org/apache/httpcomponents/httpclient/4.5.14/httpclient-4.5.14.jar
2025-03-21 16:05:53,982 [BasicRepositoryConnector-repo.maven.apache.org-1-2] INFO  o.e.m.c.i.e.AbstractTransferListenerAdapter - Downloaded https://repo.maven.apache.org/maven2/org/hibernate/validator/hibernate-validator/8.0.2.Final/hibernate-validator-8.0.2.Final.jar
2025-03-21 16:05:54,146 [BasicRepositoryConnector-repo.maven.apache.org-1-0] INFO  o.e.m.c.i.e.AbstractTransferListenerAdapter - Downloaded https://repo.maven.apache.org/maven2/org/apache/sshd/sshd-osgi/2.12.1/sshd-osgi-2.12.1.jar
2025-03-21 16:05:54,450 [Worker-84: Import Getting Started Content] INFO  o.e.m.c.i.l.LifecycleMappingFactory - Using org.eclipse.m2e.jdt.JarLifecycleMapping lifecycle mapping for MavenProject: com.example:eureka:0.0.1-SNAPSHOT @ C:\Users\prasa\eclipse-workspace\Micoservice-eclipse-workspace\SpringCloudEurekaServer\pom.xml.
2025-03-21 16:05:54,959 [Worker-84: Import Getting Started Content] INFO  o.e.m.c.i.l.LifecycleMappingFactory - Using org.eclipse.m2e.jdt.JarLifecycleMapping lifecycle mapping for MavenProject: com.example:SimpleLoadBalancerClient:0.0.1-SNAPSHOT @ C:\Users\prasa\eclipse-workspace\Micoservice-eclipse-workspace\SimpleLoadBalancerClient\pom.xml.
2025-03-21 16:05:55,309 [Worker-84: Import Getting Started Content] INFO  o.e.m.c.i.l.LifecycleMappingFactory - Using org.eclipse.m2e.jdt.JarLifecycleMapping lifecycle mapping for MavenProject: com.example:client:0.0.1-SNAPSHOT @ C:\Users\prasa\eclipse-workspace\Micoservice-eclipse-workspace\MSItnerCommunication\pom.xml.
2025-03-21 16:05:55,568 [Worker-84: Import Getting Started Content] INFO  o.e.m.c.i.l.LifecycleMappingFactory - Using org.eclipse.m2e.jdt.JarLifecycleMapping lifecycle mapping for MavenProject: com.example:client:0.0.1-SNAPSHOT @ C:\Users\prasa\eclipse-workspace\Micoservice-eclipse-workspace\SimpleDiscoveryClient\pom.xml.
2025-03-21 16:05:55,851 [Worker-84: Import Getting Started Content] INFO  o.e.m.c.i.l.LifecycleMappingFactory - Using org.eclipse.m2e.jdt.JarLifecycleMapping lifecycle mapping for MavenProject: com.example:SimpleFeignClient:0.0.1-SNAPSHOT @ C:\Users\prasa\eclipse-workspace\Micoservice-eclipse-workspace\SimpleFeignClient\pom.xml.
2025-03-21 16:05:57,230 [Worker-84: Import Getting Started Content] INFO  o.e.m.j.i.AbstractJavaProjectConfigurator - Adding source folder /SpringCloudConfigServer/src/main/java
2025-03-21 16:05:57,231 [Worker-84: Import Getting Started Content] INFO  o.e.m.j.i.AbstractJavaProjectConfigurator - Adding resource folder /SpringCloudConfigServer/src/main/resources
2025-03-21 16:05:57,235 [Worker-84: Import Getting Started Content] INFO  o.e.m.j.i.AbstractJavaProjectConfigurator - Adding resource folder /SpringCloudConfigServer/src/main/resources
2025-03-21 16:05:57,238 [Worker-84: Import Getting Started Content] INFO  o.e.m.j.i.AbstractJavaProjectConfigurator - Adding source folder /SpringCloudConfigServer/src/test/java
2025-03-21 16:05:57,239 [Worker-84: Import Getting Started Content] INFO  o.e.m.j.i.AbstractJavaProjectConfigurator - Adding resource folder /SpringCloudConfigServer/src/test/resources
2025-03-21 16:05:57,567 [Worker-91: Download sources and javadoc] INFO  o.e.m.c.i.e.AbstractTransferListenerAdapter - Downloading https://repo.maven.apache.org/maven2/org/springframework/cloud/spring-cloud-config-server/4.2.1/spring-cloud-config-server-4.2.1-sources.jar
2025-03-21 16:05:57,638 [Worker-91: Download sources and javadoc] INFO  o.e.m.c.i.e.AbstractTransferListenerAdapter - Downloaded https://repo.maven.apache.org/maven2/org/springframework/cloud/spring-cloud-config-server/4.2.1/spring-cloud-config-server-4.2.1-sources.jar
2025-03-21 16:05:57,643 [Worker-91: Download sources and javadoc] INFO  o.e.m.j.internal.DownloadSourcesJob - Downloaded sources for org.springframework.cloud:spring-cloud-config-server:4.2.1
2025-03-21 16:05:57,682 [Worker-84: Import Getting Started Content] INFO  o.e.m.c.i.p.ProjectConfigurationManager - Imported and configured 1 project(s) in 5 sec
2025-03-21 16:05:57,684 [Worker-84: Import Getting Started Content] INFO  o.e.m.c.i.p.ProjectConfigurationManager - Update started
2025-03-21 16:05:57,782 [Worker-91: Download sources and javadoc] INFO  o.e.m.c.i.e.AbstractTransferListenerAdapter - Downloading https://repo.maven.apache.org/maven2/org/springframework/cloud/spring-cloud-config-client/4.2.1/spring-cloud-config-client-4.2.1-sources.jar
2025-03-21 16:05:57,813 [Worker-91: Download sources and javadoc] INFO  o.e.m.c.i.e.AbstractTransferListenerAdapter - Downloaded https://repo.maven.apache.org/maven2/org/springframework/cloud/spring-cloud-config-client/4.2.1/spring-cloud-config-client-4.2.1-sources.jar
2025-03-21 16:05:57,817 [Worker-91: Download sources and javadoc] INFO  o.e.m.j.internal.DownloadSourcesJob - Downloaded sources for org.springframework.cloud:spring-cloud-config-client:4.2.1
2025-03-21 16:05:58,810 [Worker-84: Import Getting Started Content] INFO  o.e.m.c.i.l.LifecycleMappingFactory - Using org.eclipse.m2e.jdt.JarLifecycleMapping lifecycle mapping for MavenProject: com.example:SpringCloudConfigServer:0.0.1-SNAPSHOT @ C:\Users\prasa\eclipse-workspace\Micoservice-eclipse-workspace\SpringCloudConfigServer\pom.xml.
2025-03-21 16:05:58,835 [Worker-91: Download sources and javadoc] INFO  o.e.m.c.i.e.AbstractTransferListenerAdapter - Downloading https://repo.maven.apache.org/maven2/org/springframework/boot/spring-boot-starter-validation/3.4.4/spring-boot-starter-validation-3.4.4-sources.jar
2025-03-21 16:05:58,842 [Worker-91: Download sources and javadoc] INFO  o.e.m.c.i.e.AbstractTransferListenerAdapter - Downloaded https://repo.maven.apache.org/maven2/org/springframework/boot/spring-boot-starter-validation/3.4.4/spring-boot-starter-validation-3.4.4-sources.jar
2025-03-21 16:05:58,849 [Worker-91: Download sources and javadoc] INFO  o.e.m.j.internal.DownloadSourcesJob - Downloaded sources for org.springframework.boot:spring-boot-starter-validation:3.4.4
2025-03-21 16:05:58,979 [Worker-91: Download sources and javadoc] INFO  o.e.m.c.i.e.AbstractTransferListenerAdapter - Downloading https://repo.maven.apache.org/maven2/org/hibernate/validator/hibernate-validator/8.0.2.Final/hibernate-validator-8.0.2.Final-sources.jar
2025-03-21 16:05:59,134 [Worker-91: Download sources and javadoc] INFO  o.e.m.c.i.e.AbstractTransferListenerAdapter - Downloaded https://repo.maven.apache.org/maven2/org/hibernate/validator/hibernate-validator/8.0.2.Final/hibernate-validator-8.0.2.Final-sources.jar
2025-03-21 16:05:59,141 [Worker-91: Download sources and javadoc] INFO  o.e.m.j.internal.DownloadSourcesJob - Downloaded sources for org.hibernate.validator:hibernate-validator:8.0.2.Final
2025-03-21 16:05:59,475 [Worker-91: Download sources and javadoc] INFO  o.e.m.c.i.e.AbstractTransferListenerAdapter - Downloading https://repo.maven.apache.org/maven2/org/eclipse/jgit/org.eclipse.jgit/6.10.0.202406032230-r/org.eclipse.jgit-6.10.0.202406032230-r-sources.jar
2025-03-21 16:05:59,656 [Worker-91: Download sources and javadoc] INFO  o.e.m.c.i.e.AbstractTransferListenerAdapter - Downloaded https://repo.maven.apache.org/maven2/org/eclipse/jgit/org.eclipse.jgit/6.10.0.202406032230-r/org.eclipse.jgit-6.10.0.202406032230-r-sources.jar
2025-03-21 16:05:59,661 [Worker-91: Download sources and javadoc] INFO  o.e.m.j.internal.DownloadSourcesJob - Downloaded sources for org.eclipse.jgit:org.eclipse.jgit:6.10.0.202406032230-r
2025-03-21 16:05:59,743 [Worker-91: Download sources and javadoc] INFO  o.e.m.c.i.e.AbstractTransferListenerAdapter - Downloading https://repo.maven.apache.org/maven2/com/googlecode/javaewah/JavaEWAH/1.2.3/JavaEWAH-1.2.3-sources.jar
2025-03-21 16:05:59,773 [Worker-84: Import Getting Started Content] INFO  o.e.m.j.i.AbstractJavaProjectConfigurator - Adding source folder /SpringCloudConfigServer/src/main/java
2025-03-21 16:05:59,774 [Worker-84: Import Getting Started Content] INFO  o.e.m.j.i.AbstractJavaProjectConfigurator - Adding resource folder /SpringCloudConfigServer/src/main/resources
2025-03-21 16:05:59,776 [Worker-84: Import Getting Started Content] INFO  o.e.m.j.i.AbstractJavaProjectConfigurator - Adding resource folder /SpringCloudConfigServer/src/main/resources
2025-03-21 16:05:59,776 [Worker-84: Import Getting Started Content] INFO  o.e.m.j.i.AbstractJavaProjectConfigurator - Adding source folder /SpringCloudConfigServer/src/test/java
2025-03-21 16:05:59,778 [Worker-84: Import Getting Started Content] INFO  o.e.m.j.i.AbstractJavaProjectConfigurator - Adding resource folder /SpringCloudConfigServer/src/test/resources
2025-03-21 16:05:59,794 [Worker-91: Download sources and javadoc] INFO  o.e.m.c.i.e.AbstractTransferListenerAdapter - Downloaded https://repo.maven.apache.org/maven2/com/googlecode/javaewah/JavaEWAH/1.2.3/JavaEWAH-1.2.3-sources.jar
2025-03-21 16:05:59,798 [Worker-91: Download sources and javadoc] INFO  o.e.m.j.internal.DownloadSourcesJob - Downloaded sources for com.googlecode.javaewah:JavaEWAH:1.2.3
2025-03-21 16:05:59,929 [Worker-91: Download sources and javadoc] INFO  o.e.m.c.i.e.AbstractTransferListenerAdapter - Downloading https://repo.maven.apache.org/maven2/org/eclipse/jgit/org.eclipse.jgit.http.apache/6.10.0.202406032230-r/org.eclipse.jgit.http.apache-6.10.0.202406032230-r-sources.jar
2025-03-21 16:05:59,936 [Worker-91: Download sources and javadoc] INFO  o.e.m.c.i.e.AbstractTransferListenerAdapter - Downloaded https://repo.maven.apache.org/maven2/org/eclipse/jgit/org.eclipse.jgit.http.apache/6.10.0.202406032230-r/org.eclipse.jgit.http.apache-6.10.0.202406032230-r-sources.jar
2025-03-21 16:05:59,942 [Worker-91: Download sources and javadoc] INFO  o.e.m.j.internal.DownloadSourcesJob - Downloaded sources for org.eclipse.jgit:org.eclipse.jgit.http.apache:6.10.0.202406032230-r
2025-03-21 16:06:00,026 [Worker-91: Download sources and javadoc] INFO  o.e.m.c.i.e.AbstractTransferListenerAdapter - Downloading https://repo.maven.apache.org/maven2/org/apache/httpcomponents/httpclient/4.5.14/httpclient-4.5.14-sources.jar
2025-03-21 16:06:00,161 [Worker-91: Download sources and javadoc] INFO  o.e.m.c.i.e.AbstractTransferListenerAdapter - Downloaded https://repo.maven.apache.org/maven2/org/apache/httpcomponents/httpclient/4.5.14/httpclient-4.5.14-sources.jar
2025-03-21 16:06:00,166 [Worker-91: Download sources and javadoc] INFO  o.e.m.j.internal.DownloadSourcesJob - Downloaded sources for org.apache.httpcomponents:httpclient:4.5.14
2025-03-21 16:06:00,270 [Worker-91: Download sources and javadoc] INFO  o.e.m.c.i.e.AbstractTransferListenerAdapter - Downloading https://repo.maven.apache.org/maven2/commons-logging/commons-logging/1.2/commons-logging-1.2-sources.jar
2025-03-21 16:06:00,288 [Worker-91: Download sources and javadoc] INFO  o.e.m.c.i.e.AbstractTransferListenerAdapter - Downloaded https://repo.maven.apache.org/maven2/commons-logging/commons-logging/1.2/commons-logging-1.2-sources.jar
2025-03-21 16:06:00,294 [Worker-91: Download sources and javadoc] INFO  o.e.m.j.internal.DownloadSourcesJob - Downloaded sources for commons-logging:commons-logging:1.2
2025-03-21 16:06:00,313 [Worker-84: Import Getting Started Content] INFO  o.e.m.c.i.p.ProjectConfigurationManager - Update completed for 1 poms: local refresh takes 0.00 sec, refresh facades takes 2.00 sec, update config takes 0.00 sec 
2025-03-21 16:06:00,411 [Worker-91: Download sources and javadoc] INFO  o.e.m.c.i.e.AbstractTransferListenerAdapter - Downloading https://repo.maven.apache.org/maven2/org/eclipse/jgit/org.eclipse.jgit.ssh.apache/6.10.0.202406032230-r/org.eclipse.jgit.ssh.apache-6.10.0.202406032230-r-sources.jar
2025-03-21 16:06:00,474 [Worker-91: Download sources and javadoc] INFO  o.e.m.c.i.e.AbstractTransferListenerAdapter - Downloaded https://repo.maven.apache.org/maven2/org/eclipse/jgit/org.eclipse.jgit.ssh.apache/6.10.0.202406032230-r/org.eclipse.jgit.ssh.apache-6.10.0.202406032230-r-sources.jar
2025-03-21 16:06:00,480 [Worker-91: Download sources and javadoc] INFO  o.e.m.j.internal.DownloadSourcesJob - Downloaded sources for org.eclipse.jgit:org.eclipse.jgit.ssh.apache:6.10.0.202406032230-r
2025-03-21 16:06:00,564 [Worker-91: Download sources and javadoc] INFO  o.e.m.c.i.e.AbstractTransferListenerAdapter - Downloading https://repo.maven.apache.org/maven2/org/apache/sshd/sshd-osgi/2.12.1/sshd-osgi-2.12.1-sources.jar
2025-03-21 16:06:00,712 [Worker-91: Download sources and javadoc] INFO  o.e.m.c.i.e.AbstractTransferListenerAdapter - Downloaded https://repo.maven.apache.org/maven2/org/apache/sshd/sshd-osgi/2.12.1/sshd-osgi-2.12.1-sources.jar
2025-03-21 16:06:00,716 [Worker-91: Download sources and javadoc] INFO  o.e.m.j.internal.DownloadSourcesJob - Downloaded sources for org.apache.sshd:sshd-osgi:2.12.1
2025-03-21 16:06:00,804 [Worker-84: Building] INFO  o.a.m.s.f.DefaultMavenResourcesFiltering - Copying 1 resource from src\main\resources to target\classes
2025-03-21 16:06:00,807 [Worker-91: Download sources and javadoc] INFO  o.e.m.c.i.e.AbstractTransferListenerAdapter - Downloading https://repo.maven.apache.org/maven2/org/slf4j/jcl-over-slf4j/2.0.17/jcl-over-slf4j-2.0.17-sources.jar
2025-03-21 16:06:00,817 [Worker-84: Building] INFO  o.a.m.s.f.DefaultMavenResourcesFiltering - Copying 0 resource from src\main\resources to target\classes
2025-03-21 16:06:00,821 [Worker-91: Download sources and javadoc] INFO  o.e.m.c.i.e.AbstractTransferListenerAdapter - Downloaded https://repo.maven.apache.org/maven2/org/slf4j/jcl-over-slf4j/2.0.17/jcl-over-slf4j-2.0.17-sources.jar
2025-03-21 16:06:00,821 [Worker-84: Building] INFO  o.a.m.s.f.DefaultMavenResourcesFiltering - skip non existing resourceDirectory C:\Users\prasa\eclipse-workspace\Micoservice-eclipse-workspace\SpringCloudConfigServer\src\test\resources
2025-03-21 16:06:00,824 [Worker-91: Download sources and javadoc] INFO  o.e.m.j.internal.DownloadSourcesJob - Downloaded sources for org.slf4j:jcl-over-slf4j:2.0.17
2025-03-21 16:06:00,903 [Worker-91: Download sources and javadoc] INFO  o.e.m.c.i.e.AbstractTransferListenerAdapter - Downloading https://repo.maven.apache.org/maven2/org/apache/sshd/sshd-sftp/2.12.1/sshd-sftp-2.12.1-sources.jar
2025-03-21 16:06:00,975 [Worker-91: Download sources and javadoc] INFO  o.e.m.c.i.e.AbstractTransferListenerAdapter - Downloaded https://repo.maven.apache.org/maven2/org/apache/sshd/sshd-sftp/2.12.1/sshd-sftp-2.12.1-sources.jar
2025-03-21 16:06:00,978 [Worker-91: Download sources and javadoc] INFO  o.e.m.j.internal.DownloadSourcesJob - Downloaded sources for org.apache.sshd:sshd-sftp:2.12.1
2025-03-21 16:06:01,065 [Worker-91: Download sources and javadoc] INFO  o.e.m.c.i.e.AbstractTransferListenerAdapter - Downloading https://repo.maven.apache.org/maven2/net/i2p/crypto/eddsa/0.3.0/eddsa-0.3.0-sources.jar
2025-03-21 16:06:01,091 [Worker-91: Download sources and javadoc] INFO  o.e.m.c.i.e.AbstractTransferListenerAdapter - Downloaded https://repo.maven.apache.org/maven2/net/i2p/crypto/eddsa/0.3.0/eddsa-0.3.0-sources.jar
2025-03-21 16:06:01,094 [Worker-91: Download sources and javadoc] INFO  o.e.m.j.internal.DownloadSourcesJob - Downloaded sources for net.i2p.crypto:eddsa:0.3.0
2025-03-21 16:06:01,172 [Worker-91: Download sources and javadoc] INFO  o.e.m.c.i.e.AbstractTransferListenerAdapter - Downloading https://repo.maven.apache.org/maven2/com/fasterxml/jackson/dataformat/jackson-dataformat-yaml/2.18.3/jackson-dataformat-yaml-2.18.3-sources.jar
2025-03-21 16:06:01,196 [Worker-91: Download sources and javadoc] INFO  o.e.m.c.i.e.AbstractTransferListenerAdapter - Downloaded https://repo.maven.apache.org/maven2/com/fasterxml/jackson/dataformat/jackson-dataformat-yaml/2.18.3/jackson-dataformat-yaml-2.18.3-sources.jar
2025-03-21 16:06:01,199 [Worker-91: Download sources and javadoc] INFO  o.e.m.j.internal.DownloadSourcesJob - Downloaded sources for com.fasterxml.jackson.dataformat:jackson-dataformat-yaml:2.18.3
2025-03-21 16:06:41,710 [Worker-91: Building] INFO  o.e.m.c.i.l.LifecycleMappingFactory - Using org.eclipse.m2e.jdt.JarLifecycleMapping lifecycle mapping for MavenProject: com.example:SpringCloudConfigServer:0.0.1-SNAPSHOT @ C:\Users\prasa\eclipse-workspace\Micoservice-eclipse-workspace\SpringCloudConfigServer\pom.xml.
2025-03-21 16:06:42,149 [Worker-91: Building] INFO  o.a.m.s.f.DefaultMavenResourcesFiltering - Copying 0 resource from src\main\resources to target\classes
2025-03-21 16:06:42,150 [Worker-91: Building] INFO  o.a.m.s.f.DefaultMavenResourcesFiltering - Copying 0 resource from src\main\resources to target\classes
2025-03-21 16:06:42,153 [Worker-91: Building] INFO  o.a.m.s.f.DefaultMavenResourcesFiltering - skip non existing resourceDirectory C:\Users\prasa\eclipse-workspace\Micoservice-eclipse-workspace\SpringCloudConfigServer\src\test\resources
2025-03-21 16:06:42,396 [Worker-91: Building] INFO  o.a.m.s.f.DefaultMavenResourcesFiltering - Copying 1 resource from src\main\resources to target\classes
2025-03-21 16:06:42,406 [Worker-91: Building] INFO  o.a.m.s.f.DefaultMavenResourcesFiltering - Copying 0 resource from src\main\resources to target\classes
2025-03-21 16:06:42,408 [Worker-91: Building] INFO  o.a.m.s.f.DefaultMavenResourcesFiltering - skip non existing resourceDirectory C:\Users\prasa\eclipse-workspace\Micoservice-eclipse-workspace\SpringCloudConfigServer\src\test\resources
2025-03-21 16:06:56,111 [Worker-92: Building] INFO  o.e.m.c.i.l.LifecycleMappingFactory - Using org.eclipse.m2e.jdt.JarLifecycleMapping lifecycle mapping for MavenProject: com.example:SpringCloudConfigServer:0.0.1-SNAPSHOT @ C:\Users\prasa\eclipse-workspace\Micoservice-eclipse-workspace\SpringCloudConfigServer\pom.xml.
2025-03-21 16:06:56,565 [Worker-92: Building] INFO  o.a.m.s.f.DefaultMavenResourcesFiltering - Copying 0 resource from src\main\resources to target\classes
2025-03-21 16:06:56,566 [Worker-92: Building] INFO  o.a.m.s.f.DefaultMavenResourcesFiltering - Copying 0 resource from src\main\resources to target\classes
2025-03-21 16:06:56,568 [Worker-92: Building] INFO  o.a.m.s.f.DefaultMavenResourcesFiltering - skip non existing resourceDirectory C:\Users\prasa\eclipse-workspace\Micoservice-eclipse-workspace\SpringCloudConfigServer\src\test\resources
2025-03-21 16:07:11,619 [Worker-93: Updating Maven Project] INFO  o.e.m.c.i.p.ProjectConfigurationManager - Update started
2025-03-21 16:07:11,841 [Worker-93: Updating Maven Project] INFO  o.e.m.c.i.l.LifecycleMappingFactory - Using org.eclipse.m2e.jdt.JarLifecycleMapping lifecycle mapping for MavenProject: com.example:SpringCloudConfigServer:0.0.1-SNAPSHOT @ C:\Users\prasa\eclipse-workspace\Micoservice-eclipse-workspace\SpringCloudConfigServer\pom.xml.
2025-03-21 16:07:12,375 [Worker-93: Updating Maven Project] INFO  o.e.m.j.i.AbstractJavaProjectConfigurator - Adding source folder /SpringCloudConfigServer/src/main/java
2025-03-21 16:07:12,376 [Worker-93: Updating Maven Project] INFO  o.e.m.j.i.AbstractJavaProjectConfigurator - Adding resource folder /SpringCloudConfigServer/src/main/resources
2025-03-21 16:07:12,376 [Worker-93: Updating Maven Project] INFO  o.e.m.j.i.AbstractJavaProjectConfigurator - Adding resource folder /SpringCloudConfigServer/src/main/resources
2025-03-21 16:07:12,377 [Worker-93: Updating Maven Project] INFO  o.e.m.j.i.AbstractJavaProjectConfigurator - Adding source folder /SpringCloudConfigServer/src/test/java
2025-03-21 16:07:12,377 [Worker-93: Updating Maven Project] INFO  o.e.m.j.i.AbstractJavaProjectConfigurator - Adding resource folder /SpringCloudConfigServer/src/test/resources
2025-03-21 16:07:12,584 [Worker-93: Updating Maven Project] INFO  o.e.m.c.i.p.ProjectConfigurationManager - Update completed for 1 poms: local refresh takes 0.00 sec, refresh facades takes 0.00 sec, update config takes 0.00 sec 
2025-03-21 16:07:12,794 [Worker-90: Building] INFO  o.a.m.s.f.DefaultMavenResourcesFiltering - Copying 1 resource from src\main\resources to target\classes
2025-03-21 16:07:12,805 [Worker-90: Building] INFO  o.a.m.s.f.DefaultMavenResourcesFiltering - Copying 0 resource from src\main\resources to target\classes
2025-03-21 16:07:12,808 [Worker-90: Building] INFO  o.a.m.s.f.DefaultMavenResourcesFiltering - skip non existing resourceDirectory C:\Users\prasa\eclipse-workspace\Micoservice-eclipse-workspace\SpringCloudConfigServer\src\test\resources
2025-03-21 16:09:25,050 [Worker-92: Building] INFO  o.a.m.s.f.DefaultMavenResourcesFiltering - Copying 1 resource from src\main\resources to target\classes
2025-03-21 16:09:25,050 [Worker-92: Building] INFO  o.a.m.s.f.DefaultMavenResourcesFiltering - Copying 0 resource from src\main\resources to target\classes
2025-03-21 16:09:25,050 [Worker-92: Building] INFO  o.a.m.s.f.DefaultMavenResourcesFiltering - skip non existing resourceDirectory C:\Users\prasa\eclipse-workspace\Micoservice-eclipse-workspace\SpringCloudConfigServer\src\test\resources
2025-03-21 16:09:53,431 [Worker-92: Building] INFO  o.a.m.s.f.DefaultMavenResourcesFiltering - Copying 1 resource from src\main\resources to target\classes
2025-03-21 16:09:53,437 [Worker-92: Building] INFO  o.a.m.s.f.DefaultMavenResourcesFiltering - Copying 0 resource from src\main\resources to target\classes
2025-03-21 16:09:53,439 [Worker-92: Building] INFO  o.a.m.s.f.DefaultMavenResourcesFiltering - skip non existing resourceDirectory C:\Users\prasa\eclipse-workspace\Micoservice-eclipse-workspace\SpringCloudConfigServer\src\test\resources
2025-03-21 16:10:56,626 [Worker-88: Import Getting Started Content] INFO  o.e.m.c.i.l.LifecycleMappingFactory - Using org.eclipse.m2e.jdt.JarLifecycleMapping lifecycle mapping for MavenProject: com.example:SpringCloudConfigClient:0.0.1-SNAPSHOT @ C:\Users\prasa\eclipse-workspace\Micoservice-eclipse-workspace\SpringCloudConfigClient\pom.xml.
2025-03-21 16:10:56,781 [Worker-88: Import Getting Started Content] INFO  o.e.m.c.i.e.AbstractTransferListenerAdapter - Downloading https://repo.maven.apache.org/maven2/org/springframework/cloud/spring-cloud-starter-config/4.2.1/spring-cloud-starter-config-4.2.1.pom
2025-03-21 16:10:56,785 [Worker-88: Import Getting Started Content] INFO  o.e.m.c.i.e.AbstractTransferListenerAdapter - Downloaded https://repo.maven.apache.org/maven2/org/springframework/cloud/spring-cloud-starter-config/4.2.1/spring-cloud-starter-config-4.2.1.pom
2025-03-21 16:10:57,099 [Worker-88: Import Getting Started Content] INFO  o.e.m.c.i.e.AbstractTransferListenerAdapter - Downloading https://repo.maven.apache.org/maven2/org/springframework/cloud/spring-cloud-starter-config/4.2.1/spring-cloud-starter-config-4.2.1.jar
2025-03-21 16:10:57,102 [Worker-88: Import Getting Started Content] INFO  o.e.m.c.i.e.AbstractTransferListenerAdapter - Downloaded https://repo.maven.apache.org/maven2/org/springframework/cloud/spring-cloud-starter-config/4.2.1/spring-cloud-starter-config-4.2.1.jar
2025-03-21 16:10:57,315 [Worker-88: Import Getting Started Content] INFO  o.e.m.j.i.AbstractJavaProjectConfigurator - Adding source folder /SpringCloudConfigClient/src/main/java
2025-03-21 16:10:57,316 [Worker-88: Import Getting Started Content] INFO  o.e.m.j.i.AbstractJavaProjectConfigurator - Adding resource folder /SpringCloudConfigClient/src/main/resources
2025-03-21 16:10:57,318 [Worker-88: Import Getting Started Content] INFO  o.e.m.j.i.AbstractJavaProjectConfigurator - Adding resource folder /SpringCloudConfigClient/src/main/resources
2025-03-21 16:10:57,321 [Worker-88: Import Getting Started Content] INFO  o.e.m.j.i.AbstractJavaProjectConfigurator - Adding source folder /SpringCloudConfigClient/src/test/java
2025-03-21 16:10:57,321 [Worker-88: Import Getting Started Content] INFO  o.e.m.j.i.AbstractJavaProjectConfigurator - Adding resource folder /SpringCloudConfigClient/src/test/resources
2025-03-21 16:10:57,597 [Worker-88: Import Getting Started Content] INFO  o.e.m.c.i.p.ProjectConfigurationManager - Imported and configured 1 project(s) in 1 sec
2025-03-21 16:10:57,599 [Worker-88: Import Getting Started Content] INFO  o.e.m.c.i.p.ProjectConfigurationManager - Update started
2025-03-21 16:10:57,808 [Worker-88: Import Getting Started Content] INFO  o.e.m.c.i.l.LifecycleMappingFactory - Using org.eclipse.m2e.jdt.JarLifecycleMapping lifecycle mapping for MavenProject: com.example:SpringCloudConfigClient:0.0.1-SNAPSHOT @ C:\Users\prasa\eclipse-workspace\Micoservice-eclipse-workspace\SpringCloudConfigClient\pom.xml.
2025-03-21 16:10:58,344 [Worker-88: Import Getting Started Content] INFO  o.e.m.j.i.AbstractJavaProjectConfigurator - Adding source folder /SpringCloudConfigClient/src/main/java
2025-03-21 16:10:58,345 [Worker-88: Import Getting Started Content] INFO  o.e.m.j.i.AbstractJavaProjectConfigurator - Adding resource folder /SpringCloudConfigClient/src/main/resources
2025-03-21 16:10:58,345 [Worker-88: Import Getting Started Content] INFO  o.e.m.j.i.AbstractJavaProjectConfigurator - Adding resource folder /SpringCloudConfigClient/src/main/resources
2025-03-21 16:10:58,345 [Worker-88: Import Getting Started Content] INFO  o.e.m.j.i.AbstractJavaProjectConfigurator - Adding source folder /SpringCloudConfigClient/src/test/java
2025-03-21 16:10:58,346 [Worker-88: Import Getting Started Content] INFO  o.e.m.j.i.AbstractJavaProjectConfigurator - Adding resource folder /SpringCloudConfigClient/src/test/resources
2025-03-21 16:10:58,531 [Worker-95: Download sources and javadoc] INFO  o.e.m.c.i.e.AbstractTransferListenerAdapter - Downloaded https://repo.maven.apache.org/maven2/org/springframework/cloud/spring-cloud-starter-config/4.2.1/spring-cloud-starter-config-4.2.1-sources.jar
2025-03-21 16:10:58,533 [Worker-95: Download sources and javadoc] ERROR o.e.m.j.internal.DownloadSourcesJob - Could not download sources for org.springframework.cloud:spring-cloud-starter-config:4.2.1
org.eclipse.core.runtime.CoreException: Could not resolve artifact org.springframework.cloud:spring-cloud-starter-config:jar:sources:4.2.1
	at org.eclipse.m2e.core.internal.embedder.MavenImpl.lambda$7(MavenImpl.java:540)
	at org.eclipse.m2e.core.internal.embedder.MavenExecutionContext.executeBare(MavenExecutionContext.java:458)
	at org.eclipse.m2e.core.internal.embedder.MavenExecutionContext.execute(MavenExecutionContext.java:292)
	at org.eclipse.m2e.core.internal.embedder.MavenExecutionContext.execute(MavenExecutionContext.java:278)
	at org.eclipse.m2e.core.internal.embedder.MavenImpl.resolve(MavenImpl.java:509)
	at org.eclipse.m2e.core.internal.embedder.MavenImpl.resolve(MavenImpl.java:494)
	at org.eclipse.m2e.jdt.internal.DownloadSourcesJob.download(DownloadSourcesJob.java:308)
	at org.eclipse.m2e.jdt.internal.DownloadSourcesJob.downloadAttachments(DownloadSourcesJob.java:282)
	at org.eclipse.m2e.jdt.internal.DownloadSourcesJob.downloadMaven(DownloadSourcesJob.java:252)
	at org.eclipse.m2e.jdt.internal.DownloadSourcesJob.downloadFilesAndPopulateToUpdate(DownloadSourcesJob.java:220)
	at org.eclipse.m2e.jdt.internal.DownloadSourcesJob.lambda$0(DownloadSourcesJob.java:149)
	at org.eclipse.m2e.core.internal.embedder.MavenExecutionContext.executeBare(MavenExecutionContext.java:458)
	at org.eclipse.m2e.core.internal.embedder.MavenExecutionContext.execute(MavenExecutionContext.java:339)
	at org.eclipse.m2e.core.internal.embedder.MavenExecutionContext.execute(MavenExecutionContext.java:278)
	at org.eclipse.m2e.core.embedder.IMaven.execute(IMaven.java:300)
	at org.eclipse.m2e.jdt.internal.DownloadSourcesJob.run(DownloadSourcesJob.java:149)
	at org.eclipse.core.internal.jobs.Worker.run(Worker.java:63)
2025-03-21 16:10:58,580 [Worker-88: Import Getting Started Content] INFO  o.e.m.c.i.p.ProjectConfigurationManager - Update completed for 1 poms: local refresh takes 0.00 sec, refresh facades takes 0.00 sec, update config takes 0.00 sec 
2025-03-21 16:10:58,857 [Worker-94: Building] INFO  o.a.m.s.f.DefaultMavenResourcesFiltering - Copying 1 resource from src\main\resources to target\classes
2025-03-21 16:10:58,867 [Worker-94: Building] INFO  o.a.m.s.f.DefaultMavenResourcesFiltering - Copying 0 resource from src\main\resources to target\classes
2025-03-21 16:10:58,870 [Worker-94: Building] INFO  o.a.m.s.f.DefaultMavenResourcesFiltering - skip non existing resourceDirectory C:\Users\prasa\eclipse-workspace\Micoservice-eclipse-workspace\SpringCloudConfigClient\src\test\resources
2025-03-21 16:11:56,800 [Worker-94: Building] INFO  o.a.m.s.f.DefaultMavenResourcesFiltering - Copying 1 resource from src\main\resources to target\classes
2025-03-21 16:11:56,809 [Worker-94: Building] INFO  o.a.m.s.f.DefaultMavenResourcesFiltering - Copying 0 resource from src\main\resources to target\classes
2025-03-21 16:11:56,812 [Worker-94: Building] INFO  o.a.m.s.f.DefaultMavenResourcesFiltering - skip non existing resourceDirectory C:\Users\prasa\eclipse-workspace\Micoservice-eclipse-workspace\SpringCloudConfigClient\src\test\resources
2025-03-21 16:12:00,476 [Worker-92: Building] INFO  o.a.m.s.f.DefaultMavenResourcesFiltering - Copying 1 resource from src\main\resources to target\classes
2025-03-21 16:12:00,481 [Worker-92: Building] INFO  o.a.m.s.f.DefaultMavenResourcesFiltering - Copying 0 resource from src\main\resources to target\classes
2025-03-21 16:12:00,483 [Worker-92: Building] INFO  o.a.m.s.f.DefaultMavenResourcesFiltering - skip non existing resourceDirectory C:\Users\prasa\eclipse-workspace\Micoservice-eclipse-workspace\SpringCloudConfigClient\src\test\resources
2025-03-21 16:13:38,951 [Worker-95: Building] INFO  o.a.m.s.f.DefaultMavenResourcesFiltering - Copying 1 resource from src\main\resources to target\classes
2025-03-21 16:13:38,956 [Worker-95: Building] INFO  o.a.m.s.f.DefaultMavenResourcesFiltering - Copying 0 resource from src\main\resources to target\classes
2025-03-21 16:13:38,958 [Worker-95: Building] INFO  o.a.m.s.f.DefaultMavenResourcesFiltering - skip non existing resourceDirectory C:\Users\prasa\eclipse-workspace\Micoservice-eclipse-workspace\SpringCloudConfigClient\src\test\resources
2025-03-21 16:14:29,571 [Worker-91: Building] INFO  o.a.m.s.f.DefaultMavenResourcesFiltering - Copying 1 resource from src\main\resources to target\classes
2025-03-21 16:14:29,576 [Worker-91: Building] INFO  o.a.m.s.f.DefaultMavenResourcesFiltering - Copying 0 resource from src\main\resources to target\classes
2025-03-21 16:14:29,578 [Worker-91: Building] INFO  o.a.m.s.f.DefaultMavenResourcesFiltering - skip non existing resourceDirectory C:\Users\prasa\eclipse-workspace\Micoservice-eclipse-workspace\SpringCloudConfigClient\src\test\resources
2025-03-21 19:27:55,224 [Worker-128: Building] INFO  o.a.m.s.f.DefaultMavenResourcesFiltering - Copying 1 resource from src\main\resources to target\classes
2025-03-21 19:27:55,240 [Worker-128: Building] INFO  o.a.m.s.f.DefaultMavenResourcesFiltering - Copying 0 resource from src\main\resources to target\classes
2025-03-21 19:27:55,247 [Worker-128: Building] INFO  o.a.m.s.f.DefaultMavenResourcesFiltering - skip non existing resourceDirectory C:\Users\prasa\eclipse-workspace\Micoservice-eclipse-workspace\SpringCloudConfigServer\src\test\resources
2025-03-21 19:28:00,836 [Worker-127: Building] INFO  o.a.m.s.f.DefaultMavenResourcesFiltering - Copying 1 resource from src\main\resources to target\classes
2025-03-21 19:28:00,851 [Worker-127: Building] INFO  o.a.m.s.f.DefaultMavenResourcesFiltering - Copying 0 resource from src\main\resources to target\classes
2025-03-21 19:28:00,856 [Worker-127: Building] INFO  o.a.m.s.f.DefaultMavenResourcesFiltering - skip non existing resourceDirectory C:\Users\prasa\eclipse-workspace\Micoservice-eclipse-workspace\SpringCloudConfigClient\src\test\resources
2025-03-21 19:28:11,446 [Worker-125: Building] INFO  o.a.m.s.f.DefaultMavenResourcesFiltering - Copying 1 resource from src\main\resources to target\classes
2025-03-21 19:28:11,464 [Worker-125: Building] INFO  o.a.m.s.f.DefaultMavenResourcesFiltering - Copying 0 resource from src\main\resources to target\classes
2025-03-21 19:28:11,469 [Worker-125: Building] INFO  o.a.m.s.f.DefaultMavenResourcesFiltering - skip non existing resourceDirectory C:\Users\prasa\eclipse-workspace\Micoservice-eclipse-workspace\SpringCloudConfigServer\src\test\resources
2025-03-21 20:20:21,289 [Worker-124: Building] INFO  o.a.m.s.f.DefaultMavenResourcesFiltering - Copying 1 resource from src\main\resources to target\classes
2025-03-21 20:20:21,329 [Worker-124: Building] INFO  o.a.m.s.f.DefaultMavenResourcesFiltering - Copying 0 resource from src\main\resources to target\classes
2025-03-21 20:20:21,335 [Worker-124: Building] INFO  o.a.m.s.f.DefaultMavenResourcesFiltering - skip non existing resourceDirectory C:\Users\prasa\eclipse-workspace\Micoservice-eclipse-workspace\SpringCloudConfigClient\src\test\resources
2025-03-21 20:23:50,703 [Worker-135: Building] INFO  o.a.m.s.f.DefaultMavenResourcesFiltering - Copying 1 resource from src\main\resources to target\classes
2025-03-21 20:23:50,727 [Worker-135: Building] INFO  o.a.m.s.f.DefaultMavenResourcesFiltering - Copying 0 resource from src\main\resources to target\classes
2025-03-21 20:23:50,733 [Worker-135: Building] INFO  o.a.m.s.f.DefaultMavenResourcesFiltering - skip non existing resourceDirectory C:\Users\prasa\eclipse-workspace\Micoservice-eclipse-workspace\SpringCloudConfigClient\src\test\resources
2025-03-21 20:25:50,873 [Worker-138: Building] INFO  o.a.m.s.f.DefaultMavenResourcesFiltering - Copying 1 resource from src\main\resources to target\classes
2025-03-21 20:25:50,892 [Worker-138: Building] INFO  o.a.m.s.f.DefaultMavenResourcesFiltering - Copying 0 resource from src\main\resources to target\classes
2025-03-21 20:25:50,897 [Worker-138: Building] INFO  o.a.m.s.f.DefaultMavenResourcesFiltering - skip non existing resourceDirectory C:\Users\prasa\eclipse-workspace\Micoservice-eclipse-workspace\SpringCloudConfigServer\src\test\resources
2025-03-21 20:55:18,065 [Worker-139: Building] INFO  o.a.m.s.f.DefaultMavenResourcesFiltering - Copying 1 resource from src\main\resources to target\classes
2025-03-21 20:55:18,096 [Worker-139: Building] INFO  o.a.m.s.f.DefaultMavenResourcesFiltering - Copying 0 resource from src\main\resources to target\classes
2025-03-21 20:55:18,101 [Worker-139: Building] INFO  o.a.m.s.f.DefaultMavenResourcesFiltering - skip non existing resourceDirectory C:\Users\prasa\eclipse-workspace\Micoservice-eclipse-workspace\SpringCloudConfigClient\src\test\resources
2025-03-21 21:00:00,964 [Worker-144: Building] INFO  o.a.m.s.f.DefaultMavenResourcesFiltering - Copying 1 resource from src\main\resources to target\classes
2025-03-21 21:00:00,970 [Worker-144: Building] INFO  o.a.m.s.f.DefaultMavenResourcesFiltering - Copying 0 resource from src\main\resources to target\classes
2025-03-21 21:00:00,972 [Worker-144: Building] INFO  o.a.m.s.f.DefaultMavenResourcesFiltering - skip non existing resourceDirectory C:\Users\prasa\eclipse-workspace\Micoservice-eclipse-workspace\SpringCloudConfigClient\src\test\resources
2025-03-21 21:00:46,679 [Worker-144: Download sources and javadoc] INFO  o.e.m.c.i.e.AbstractTransferListenerAdapter - Downloaded https://repo.maven.apache.org/maven2/org/springframework/cloud/spring-cloud-starter-config/4.2.1/spring-cloud-starter-config-4.2.1-javadoc.jar
2025-03-21 21:00:46,681 [Worker-144: Download sources and javadoc] ERROR o.e.m.j.internal.DownloadSourcesJob - Could not download javadoc for org.springframework.cloud:spring-cloud-starter-config:4.2.1
org.eclipse.core.runtime.CoreException: Could not resolve artifact org.springframework.cloud:spring-cloud-starter-config:jar:javadoc:4.2.1
	at org.eclipse.m2e.core.internal.embedder.MavenImpl.lambda$7(MavenImpl.java:540)
	at org.eclipse.m2e.core.internal.embedder.MavenExecutionContext.executeBare(MavenExecutionContext.java:458)
	at org.eclipse.m2e.core.internal.embedder.MavenExecutionContext.execute(MavenExecutionContext.java:292)
	at org.eclipse.m2e.core.internal.embedder.MavenExecutionContext.execute(MavenExecutionContext.java:278)
	at org.eclipse.m2e.core.internal.embedder.MavenImpl.resolve(MavenImpl.java:509)
	at org.eclipse.m2e.core.internal.embedder.MavenImpl.resolve(MavenImpl.java:494)
	at org.eclipse.m2e.jdt.internal.DownloadSourcesJob.download(DownloadSourcesJob.java:308)
	at org.eclipse.m2e.jdt.internal.DownloadSourcesJob.downloadAttachments(DownloadSourcesJob.java:294)
	at org.eclipse.m2e.jdt.internal.DownloadSourcesJob.downloadMaven(DownloadSourcesJob.java:252)
	at org.eclipse.m2e.jdt.internal.DownloadSourcesJob.downloadFilesAndPopulateToUpdate(DownloadSourcesJob.java:220)
	at org.eclipse.m2e.jdt.internal.DownloadSourcesJob.lambda$0(DownloadSourcesJob.java:149)
	at org.eclipse.m2e.core.internal.embedder.MavenExecutionContext.executeBare(MavenExecutionContext.java:458)
	at org.eclipse.m2e.core.internal.embedder.MavenExecutionContext.execute(MavenExecutionContext.java:339)
	at org.eclipse.m2e.core.internal.embedder.MavenExecutionContext.execute(MavenExecutionContext.java:278)
	at org.eclipse.m2e.core.embedder.IMaven.execute(IMaven.java:300)
	at org.eclipse.m2e.jdt.internal.DownloadSourcesJob.run(DownloadSourcesJob.java:149)
	at org.eclipse.core.internal.jobs.Worker.run(Worker.java:63)
2025-03-21 22:02:09,902 [Worker-148: Building] INFO  o.a.m.s.f.DefaultMavenResourcesFiltering - Copying 1 resource from src\main\resources to target\classes
2025-03-21 22:02:09,920 [Worker-148: Building] INFO  o.a.m.s.f.DefaultMavenResourcesFiltering - Copying 0 resource from src\main\resources to target\classes
2025-03-21 22:02:09,926 [Worker-148: Building] INFO  o.a.m.s.f.DefaultMavenResourcesFiltering - skip non existing resourceDirectory C:\Users\prasa\eclipse-workspace\Micoservice-eclipse-workspace\SpringCloudConfigServer\src\test\resources
2025-03-21 22:10:44,734 [Worker-153: Building] INFO  o.a.m.s.f.DefaultMavenResourcesFiltering - Copying 1 resource from src\main\resources to target\classes
2025-03-21 22:10:44,778 [Worker-153: Building] INFO  o.a.m.s.f.DefaultMavenResourcesFiltering - Copying 0 resource from src\main\resources to target\classes
2025-03-21 22:10:44,793 [Worker-153: Building] INFO  o.a.m.s.f.DefaultMavenResourcesFiltering - skip non existing resourceDirectory C:\Users\prasa\eclipse-workspace\Micoservice-eclipse-workspace\SpringCloudConfigServer\src\test\resources
2025-03-21 22:11:27,731 [Worker-154: Building] INFO  o.a.m.s.f.DefaultMavenResourcesFiltering - Copying 1 resource from src\main\resources to target\classes
2025-03-21 22:11:27,743 [Worker-154: Building] INFO  o.a.m.s.f.DefaultMavenResourcesFiltering - Copying 0 resource from src\main\resources to target\classes
2025-03-21 22:11:27,747 [Worker-154: Building] INFO  o.a.m.s.f.DefaultMavenResourcesFiltering - skip non existing resourceDirectory C:\Users\prasa\eclipse-workspace\Micoservice-eclipse-workspace\SpringCloudConfigServer\src\test\resources
2025-03-21 22:46:46,689 [Worker-160: Building] INFO  o.a.m.s.f.DefaultMavenResourcesFiltering - Copying 1 resource from src\main\resources to target\classes
2025-03-21 22:46:46,704 [Worker-160: Building] INFO  o.a.m.s.f.DefaultMavenResourcesFiltering - Copying 0 resource from src\main\resources to target\classes
2025-03-21 22:46:46,708 [Worker-160: Building] INFO  o.a.m.s.f.DefaultMavenResourcesFiltering - skip non existing resourceDirectory C:\Users\prasa\eclipse-workspace\Micoservice-eclipse-workspace\SpringCloudConfigServer\src\test\resources
2025-03-22 11:17:14,681 [Worker-167: Building] INFO  o.a.m.s.f.DefaultMavenResourcesFiltering - Copying 1 resource from src\main\resources to target\classes
2025-03-22 11:17:14,733 [Worker-167: Building] INFO  o.a.m.s.f.DefaultMavenResourcesFiltering - Copying 0 resource from src\main\resources to target\classes
2025-03-22 11:17:14,765 [Worker-167: Building] INFO  o.a.m.s.f.DefaultMavenResourcesFiltering - skip non existing resourceDirectory C:\Users\prasa\eclipse-workspace\Micoservice-eclipse-workspace\SpringCloudConfigServer\src\test\resources
2025-03-22 11:19:48,726 [Worker-169: Launching SpringCloudConfigClient - SpringCloudConfigClientApplication] INFO  o.a.m.s.f.DefaultMavenResourcesFiltering - Copying 1 resource from src\main\resources to target\classes
2025-03-22 11:19:48,744 [Worker-169: Launching SpringCloudConfigClient - SpringCloudConfigClientApplication] INFO  o.a.m.s.f.DefaultMavenResourcesFiltering - Copying 0 resource from src\main\resources to target\classes
2025-03-22 11:19:48,749 [Worker-169: Launching SpringCloudConfigClient - SpringCloudConfigClientApplication] INFO  o.a.m.s.f.DefaultMavenResourcesFiltering - skip non existing resourceDirectory C:\Users\prasa\eclipse-workspace\Micoservice-eclipse-workspace\SpringCloudConfigClient\src\test\resources
2025-03-22 11:44:18,087 [Worker-177: Import Getting Started Content] INFO  o.e.m.c.i.l.LifecycleMappingFactory - Using org.eclipse.m2e.jdt.JarLifecycleMapping lifecycle mapping for MavenProject: com.example:ConfigClientWithActuator:0.0.1-SNAPSHOT @ C:\Users\prasa\eclipse-workspace\Micoservice-eclipse-workspace\ConfigClientWithActuator\pom.xml.
2025-03-22 11:44:18,240 [Worker-177: Import Getting Started Content] INFO  o.e.m.c.i.e.AbstractTransferListenerAdapter - Downloading https://repo.maven.apache.org/maven2/org/springframework/boot/spring-boot-starter-actuator/3.4.4/spring-boot-starter-actuator-3.4.4.pom
2025-03-22 11:44:18,289 [Worker-177: Import Getting Started Content] INFO  o.e.m.c.i.e.AbstractTransferListenerAdapter - Downloaded https://repo.maven.apache.org/maven2/org/springframework/boot/spring-boot-starter-actuator/3.4.4/spring-boot-starter-actuator-3.4.4.pom
2025-03-22 11:44:18,832 [Worker-177: Import Getting Started Content] INFO  o.e.m.c.i.e.AbstractTransferListenerAdapter - Downloading https://repo.maven.apache.org/maven2/org/springframework/boot/spring-boot-actuator-autoconfigure/3.4.4/spring-boot-actuator-autoconfigure-3.4.4.pom
2025-03-22 11:44:18,841 [Worker-177: Import Getting Started Content] INFO  o.e.m.c.i.e.AbstractTransferListenerAdapter - Downloaded https://repo.maven.apache.org/maven2/org/springframework/boot/spring-boot-actuator-autoconfigure/3.4.4/spring-boot-actuator-autoconfigure-3.4.4.pom
2025-03-22 11:44:18,879 [Worker-177: Import Getting Started Content] INFO  o.e.m.c.i.e.AbstractTransferListenerAdapter - Downloading https://repo.maven.apache.org/maven2/org/springframework/boot/spring-boot-actuator/3.4.4/spring-boot-actuator-3.4.4.pom
2025-03-22 11:44:18,888 [Worker-177: Import Getting Started Content] INFO  o.e.m.c.i.e.AbstractTransferListenerAdapter - Downloaded https://repo.maven.apache.org/maven2/org/springframework/boot/spring-boot-actuator/3.4.4/spring-boot-actuator-3.4.4.pom
2025-03-22 11:44:18,976 [Worker-177: Import Getting Started Content] INFO  o.e.m.c.i.e.AbstractTransferListenerAdapter - Downloading https://repo.maven.apache.org/maven2/io/micrometer/micrometer-jakarta9/1.14.5/micrometer-jakarta9-1.14.5.pom
2025-03-22 11:44:18,984 [Worker-177: Import Getting Started Content] INFO  o.e.m.c.i.e.AbstractTransferListenerAdapter - Downloaded https://repo.maven.apache.org/maven2/io/micrometer/micrometer-jakarta9/1.14.5/micrometer-jakarta9-1.14.5.pom
2025-03-22 11:44:19,021 [Worker-177: Import Getting Started Content] INFO  o.e.m.c.i.e.AbstractTransferListenerAdapter - Downloading https://repo.maven.apache.org/maven2/io/micrometer/micrometer-core/1.14.5/micrometer-core-1.14.5.pom
2025-03-22 11:44:19,029 [Worker-177: Import Getting Started Content] INFO  o.e.m.c.i.e.AbstractTransferListenerAdapter - Downloaded https://repo.maven.apache.org/maven2/io/micrometer/micrometer-core/1.14.5/micrometer-core-1.14.5.pom
2025-03-22 11:44:20,214 [Worker-177: Import Getting Started Content] INFO  o.e.m.c.i.e.AbstractTransferListenerAdapter - Downloading https://repo.maven.apache.org/maven2/org/springframework/boot/spring-boot-starter-actuator/3.4.4/spring-boot-starter-actuator-3.4.4.jar
2025-03-22 11:44:20,221 [Worker-177: Import Getting Started Content] INFO  o.e.m.c.i.e.AbstractTransferListenerAdapter - Downloaded https://repo.maven.apache.org/maven2/org/springframework/boot/spring-boot-starter-actuator/3.4.4/spring-boot-starter-actuator-3.4.4.jar
2025-03-22 11:44:20,253 [BasicRepositoryConnector-repo.maven.apache.org-2-0] INFO  o.e.m.c.i.e.AbstractTransferListenerAdapter - Downloading https://repo.maven.apache.org/maven2/org/springframework/boot/spring-boot-actuator-autoconfigure/3.4.4/spring-boot-actuator-autoconfigure-3.4.4.jar
2025-03-22 11:44:20,303 [BasicRepositoryConnector-repo.maven.apache.org-2-2] INFO  o.e.m.c.i.e.AbstractTransferListenerAdapter - Downloading https://repo.maven.apache.org/maven2/io/micrometer/micrometer-jakarta9/1.14.5/micrometer-jakarta9-1.14.5.jar
2025-03-22 11:44:20,303 [BasicRepositoryConnector-repo.maven.apache.org-2-3] INFO  o.e.m.c.i.e.AbstractTransferListenerAdapter - Downloading https://repo.maven.apache.org/maven2/io/micrometer/micrometer-core/1.14.5/micrometer-core-1.14.5.jar
2025-03-22 11:44:20,305 [BasicRepositoryConnector-repo.maven.apache.org-2-1] INFO  o.e.m.c.i.e.AbstractTransferListenerAdapter - Downloading https://repo.maven.apache.org/maven2/org/springframework/boot/spring-boot-actuator/3.4.4/spring-boot-actuator-3.4.4.jar
2025-03-22 11:44:20,314 [BasicRepositoryConnector-repo.maven.apache.org-2-2] INFO  o.e.m.c.i.e.AbstractTransferListenerAdapter - Downloaded https://repo.maven.apache.org/maven2/io/micrometer/micrometer-jakarta9/1.14.5/micrometer-jakarta9-1.14.5.jar
2025-03-22 11:44:20,397 [BasicRepositoryConnector-repo.maven.apache.org-2-0] INFO  o.e.m.c.i.e.AbstractTransferListenerAdapter - Downloaded https://repo.maven.apache.org/maven2/org/springframework/boot/spring-boot-actuator-autoconfigure/3.4.4/spring-boot-actuator-autoconfigure-3.4.4.jar
2025-03-22 11:44:20,460 [BasicRepositoryConnector-repo.maven.apache.org-2-1] INFO  o.e.m.c.i.e.AbstractTransferListenerAdapter - Downloaded https://repo.maven.apache.org/maven2/org/springframework/boot/spring-boot-actuator/3.4.4/spring-boot-actuator-3.4.4.jar
2025-03-22 11:44:20,470 [BasicRepositoryConnector-repo.maven.apache.org-2-3] INFO  o.e.m.c.i.e.AbstractTransferListenerAdapter - Downloaded https://repo.maven.apache.org/maven2/io/micrometer/micrometer-core/1.14.5/micrometer-core-1.14.5.jar
2025-03-22 11:44:21,205 [Worker-177: Import Getting Started Content] INFO  o.e.m.j.i.AbstractJavaProjectConfigurator - Adding source folder /ConfigClientWithActuator/src/main/java
2025-03-22 11:44:21,205 [Worker-177: Import Getting Started Content] INFO  o.e.m.j.i.AbstractJavaProjectConfigurator - Adding resource folder /ConfigClientWithActuator/src/main/resources
2025-03-22 11:44:21,209 [Worker-177: Import Getting Started Content] INFO  o.e.m.j.i.AbstractJavaProjectConfigurator - Adding resource folder /ConfigClientWithActuator/src/main/resources
2025-03-22 11:44:21,213 [Worker-177: Import Getting Started Content] INFO  o.e.m.j.i.AbstractJavaProjectConfigurator - Adding source folder /ConfigClientWithActuator/src/test/java
2025-03-22 11:44:21,214 [Worker-177: Import Getting Started Content] INFO  o.e.m.j.i.AbstractJavaProjectConfigurator - Adding resource folder /ConfigClientWithActuator/src/test/resources
2025-03-22 11:44:21,788 [Worker-180: Download sources and javadoc] INFO  o.e.m.c.i.e.AbstractTransferListenerAdapter - Downloading https://repo.maven.apache.org/maven2/org/springframework/boot/spring-boot-starter-actuator/3.4.4/spring-boot-starter-actuator-3.4.4-sources.jar
2025-03-22 11:44:21,795 [Worker-180: Download sources and javadoc] INFO  o.e.m.c.i.e.AbstractTransferListenerAdapter - Downloaded https://repo.maven.apache.org/maven2/org/springframework/boot/spring-boot-starter-actuator/3.4.4/spring-boot-starter-actuator-3.4.4-sources.jar
2025-03-22 11:44:21,802 [Worker-180: Download sources and javadoc] INFO  o.e.m.j.internal.DownloadSourcesJob - Downloaded sources for org.springframework.boot:spring-boot-starter-actuator:3.4.4
2025-03-22 11:44:21,890 [Worker-180: Download sources and javadoc] INFO  o.e.m.c.i.e.AbstractTransferListenerAdapter - Downloading https://repo.maven.apache.org/maven2/org/springframework/boot/spring-boot-actuator-autoconfigure/3.4.4/spring-boot-actuator-autoconfigure-3.4.4-sources.jar
2025-03-22 11:44:21,960 [Worker-177: Import Getting Started Content] INFO  o.e.m.c.i.p.ProjectConfigurationManager - Imported and configured 1 project(s) in 5 sec
2025-03-22 11:44:21,964 [Worker-177: Import Getting Started Content] INFO  o.e.m.c.i.p.ProjectConfigurationManager - Update started
2025-03-22 11:44:21,990 [Worker-180: Download sources and javadoc] INFO  o.e.m.c.i.e.AbstractTransferListenerAdapter - Downloaded https://repo.maven.apache.org/maven2/org/springframework/boot/spring-boot-actuator-autoconfigure/3.4.4/spring-boot-actuator-autoconfigure-3.4.4-sources.jar
2025-03-22 11:44:21,997 [Worker-180: Download sources and javadoc] INFO  o.e.m.j.internal.DownloadSourcesJob - Downloaded sources for org.springframework.boot:spring-boot-actuator-autoconfigure:3.4.4
2025-03-22 11:44:23,768 [Worker-180: Download sources and javadoc] INFO  o.e.m.c.i.e.AbstractTransferListenerAdapter - Downloading https://repo.maven.apache.org/maven2/org/springframework/boot/spring-boot-actuator/3.4.4/spring-boot-actuator-3.4.4-sources.jar
2025-03-22 11:44:23,778 [Worker-177: Import Getting Started Content] INFO  o.e.m.c.i.l.LifecycleMappingFactory - Using org.eclipse.m2e.jdt.JarLifecycleMapping lifecycle mapping for MavenProject: com.example:ConfigClientWithActuator:0.0.1-SNAPSHOT @ C:\Users\prasa\eclipse-workspace\Micoservice-eclipse-workspace\ConfigClientWithActuator\pom.xml.
2025-03-22 11:44:23,857 [Worker-180: Download sources and javadoc] INFO  o.e.m.c.i.e.AbstractTransferListenerAdapter - Downloaded https://repo.maven.apache.org/maven2/org/springframework/boot/spring-boot-actuator/3.4.4/spring-boot-actuator-3.4.4-sources.jar
2025-03-22 11:44:23,864 [Worker-180: Download sources and javadoc] INFO  o.e.m.j.internal.DownloadSourcesJob - Downloaded sources for org.springframework.boot:spring-boot-actuator:3.4.4
2025-03-22 11:44:23,961 [Worker-180: Download sources and javadoc] INFO  o.e.m.c.i.e.AbstractTransferListenerAdapter - Downloading https://repo.maven.apache.org/maven2/io/micrometer/micrometer-jakarta9/1.14.5/micrometer-jakarta9-1.14.5-sources.jar
2025-03-22 11:44:23,969 [Worker-180: Download sources and javadoc] INFO  o.e.m.c.i.e.AbstractTransferListenerAdapter - Downloaded https://repo.maven.apache.org/maven2/io/micrometer/micrometer-jakarta9/1.14.5/micrometer-jakarta9-1.14.5-sources.jar
2025-03-22 11:44:23,975 [Worker-180: Download sources and javadoc] INFO  o.e.m.j.internal.DownloadSourcesJob - Downloaded sources for io.micrometer:micrometer-jakarta9:1.14.5
2025-03-22 11:44:24,065 [Worker-180: Download sources and javadoc] INFO  o.e.m.c.i.e.AbstractTransferListenerAdapter - Downloading https://repo.maven.apache.org/maven2/io/micrometer/micrometer-core/1.14.5/micrometer-core-1.14.5-sources.jar
2025-03-22 11:44:24,158 [Worker-180: Download sources and javadoc] INFO  o.e.m.c.i.e.AbstractTransferListenerAdapter - Downloaded https://repo.maven.apache.org/maven2/io/micrometer/micrometer-core/1.14.5/micrometer-core-1.14.5-sources.jar
2025-03-22 11:44:24,167 [Worker-180: Download sources and javadoc] INFO  o.e.m.j.internal.DownloadSourcesJob - Downloaded sources for io.micrometer:micrometer-core:1.14.5
2025-03-22 11:44:24,930 [Worker-177: Import Getting Started Content] INFO  o.e.m.j.i.AbstractJavaProjectConfigurator - Adding source folder /ConfigClientWithActuator/src/main/java
2025-03-22 11:44:24,931 [Worker-177: Import Getting Started Content] INFO  o.e.m.j.i.AbstractJavaProjectConfigurator - Adding resource folder /ConfigClientWithActuator/src/main/resources
2025-03-22 11:44:24,932 [Worker-177: Import Getting Started Content] INFO  o.e.m.j.i.AbstractJavaProjectConfigurator - Adding resource folder /ConfigClientWithActuator/src/main/resources
2025-03-22 11:44:24,933 [Worker-177: Import Getting Started Content] INFO  o.e.m.j.i.AbstractJavaProjectConfigurator - Adding source folder /ConfigClientWithActuator/src/test/java
2025-03-22 11:44:24,934 [Worker-177: Import Getting Started Content] INFO  o.e.m.j.i.AbstractJavaProjectConfigurator - Adding resource folder /ConfigClientWithActuator/src/test/resources
2025-03-22 11:44:25,406 [Worker-177: Import Getting Started Content] INFO  o.e.m.c.i.p.ProjectConfigurationManager - Update completed for 1 poms: local refresh takes 0.00 sec, refresh facades takes 2.00 sec, update config takes 0.00 sec 
2025-03-22 11:44:25,980 [Worker-183: Building] INFO  o.a.m.s.f.DefaultMavenResourcesFiltering - Copying 1 resource from src\main\resources to target\classes
2025-03-22 11:44:26,010 [Worker-183: Building] INFO  o.a.m.s.f.DefaultMavenResourcesFiltering - Copying 0 resource from src\main\resources to target\classes
2025-03-22 11:44:26,015 [Worker-183: Building] INFO  o.a.m.s.f.DefaultMavenResourcesFiltering - skip non existing resourceDirectory C:\Users\prasa\eclipse-workspace\Micoservice-eclipse-workspace\ConfigClientWithActuator\src\test\resources
2025-03-22 11:45:22,399 [Worker-179: Building] INFO  o.a.m.s.f.DefaultMavenResourcesFiltering - Copying 1 resource from src\main\resources to target\classes
2025-03-22 11:45:22,412 [Worker-179: Building] INFO  o.a.m.s.f.DefaultMavenResourcesFiltering - Copying 0 resource from src\main\resources to target\classes
2025-03-22 11:45:22,419 [Worker-179: Building] INFO  o.a.m.s.f.DefaultMavenResourcesFiltering - skip non existing resourceDirectory C:\Users\prasa\eclipse-workspace\Micoservice-eclipse-workspace\SpringCloudConfigClient\src\test\resources
2025-03-22 11:45:43,538 [Worker-182: Building] INFO  o.a.m.s.f.DefaultMavenResourcesFiltering - Copying 1 resource from src\main\resources to target\classes
2025-03-22 11:45:43,553 [Worker-182: Building] INFO  o.a.m.s.f.DefaultMavenResourcesFiltering - Copying 0 resource from src\main\resources to target\classes
2025-03-22 11:45:43,559 [Worker-182: Building] INFO  o.a.m.s.f.DefaultMavenResourcesFiltering - skip non existing resourceDirectory C:\Users\prasa\eclipse-workspace\Micoservice-eclipse-workspace\ConfigClientWithActuator\src\test\resources
2025-03-22 11:46:00,737 [Worker-182: Building] INFO  o.a.m.s.f.DefaultMavenResourcesFiltering - Copying 1 resource from src\main\resources to target\classes
2025-03-22 11:46:00,747 [Worker-182: Building] INFO  o.a.m.s.f.DefaultMavenResourcesFiltering - Copying 0 resource from src\main\resources to target\classes
2025-03-22 11:46:00,751 [Worker-182: Building] INFO  o.a.m.s.f.DefaultMavenResourcesFiltering - skip non existing resourceDirectory C:\Users\prasa\eclipse-workspace\Micoservice-eclipse-workspace\ConfigClientWithActuator\src\test\resources
2025-03-22 11:46:30,953 [Worker-180: Building] INFO  o.a.m.s.f.DefaultMavenResourcesFiltering - Copying 1 resource from src\main\resources to target\classes
2025-03-22 11:46:30,967 [Worker-180: Building] INFO  o.a.m.s.f.DefaultMavenResourcesFiltering - Copying 0 resource from src\main\resources to target\classes
2025-03-22 11:46:30,972 [Worker-180: Building] INFO  o.a.m.s.f.DefaultMavenResourcesFiltering - skip non existing resourceDirectory C:\Users\prasa\eclipse-workspace\Micoservice-eclipse-workspace\ConfigClientWithActuator\src\test\resources
2025-03-22 11:49:37,254 [Worker-183: Building] INFO  o.a.m.s.f.DefaultMavenResourcesFiltering - Copying 1 resource from src\main\resources to target\classes
2025-03-22 11:49:37,267 [Worker-183: Building] INFO  o.a.m.s.f.DefaultMavenResourcesFiltering - Copying 0 resource from src\main\resources to target\classes
2025-03-22 11:49:37,273 [Worker-183: Building] INFO  o.a.m.s.f.DefaultMavenResourcesFiltering - skip non existing resourceDirectory C:\Users\prasa\eclipse-workspace\Micoservice-eclipse-workspace\SpringCloudConfigClient\src\test\resources
2025-03-22 11:49:46,869 [Worker-182: Building] INFO  o.a.m.s.f.DefaultMavenResourcesFiltering - Copying 1 resource from src\main\resources to target\classes
2025-03-22 11:49:46,882 [Worker-182: Building] INFO  o.a.m.s.f.DefaultMavenResourcesFiltering - Copying 0 resource from src\main\resources to target\classes
2025-03-22 11:49:46,887 [Worker-182: Building] INFO  o.a.m.s.f.DefaultMavenResourcesFiltering - skip non existing resourceDirectory C:\Users\prasa\eclipse-workspace\Micoservice-eclipse-workspace\ConfigClientWithActuator\src\test\resources
2025-03-22 11:49:53,472 [Worker-180: Building] INFO  o.a.m.s.f.DefaultMavenResourcesFiltering - Copying 1 resource from src\main\resources to target\classes
2025-03-22 11:49:53,483 [Worker-180: Building] INFO  o.a.m.s.f.DefaultMavenResourcesFiltering - Copying 0 resource from src\main\resources to target\classes
2025-03-22 11:49:53,488 [Worker-180: Building] INFO  o.a.m.s.f.DefaultMavenResourcesFiltering - skip non existing resourceDirectory C:\Users\prasa\eclipse-workspace\Micoservice-eclipse-workspace\ConfigClientWithActuator\src\test\resources
2025-03-22 12:03:45,191 [Worker-184: Building] INFO  o.a.m.s.f.DefaultMavenResourcesFiltering - Copying 1 resource from src\main\resources to target\classes
2025-03-22 12:03:45,203 [Worker-184: Building] INFO  o.a.m.s.f.DefaultMavenResourcesFiltering - Copying 0 resource from src\main\resources to target\classes
2025-03-22 12:03:45,206 [Worker-184: Building] INFO  o.a.m.s.f.DefaultMavenResourcesFiltering - skip non existing resourceDirectory C:\Users\prasa\eclipse-workspace\Micoservice-eclipse-workspace\ConfigClientWithActuator\src\test\resources
2025-03-22 12:09:28,771 [Worker-181: Building] INFO  o.a.m.s.f.DefaultMavenResourcesFiltering - Copying 1 resource from src\main\resources to target\classes
2025-03-22 12:09:28,781 [Worker-181: Building] INFO  o.a.m.s.f.DefaultMavenResourcesFiltering - Copying 0 resource from src\main\resources to target\classes
2025-03-22 12:09:28,784 [Worker-181: Building] INFO  o.a.m.s.f.DefaultMavenResourcesFiltering - skip non existing resourceDirectory C:\Users\prasa\eclipse-workspace\Micoservice-eclipse-workspace\ConfigClientWithActuator\src\test\resources
2025-03-22 12:10:17,616 [Worker-181: Import Getting Started Content] INFO  o.e.m.c.i.l.LifecycleMappingFactory - Using org.eclipse.m2e.jdt.JarLifecycleMapping lifecycle mapping for MavenProject: com.example:SpringCloudSchedulerService:0.0.1-SNAPSHOT @ C:\Users\prasa\eclipse-workspace\Micoservice-eclipse-workspace\SpringCloudSchedulerService\pom.xml.
2025-03-22 12:10:18,269 [Worker-181: Import Getting Started Content] INFO  o.e.m.j.i.AbstractJavaProjectConfigurator - Adding source folder /SpringCloudSchedulerService/src/main/java
2025-03-22 12:10:18,269 [Worker-181: Import Getting Started Content] INFO  o.e.m.j.i.AbstractJavaProjectConfigurator - Adding resource folder /SpringCloudSchedulerService/src/main/resources
2025-03-22 12:10:18,275 [Worker-181: Import Getting Started Content] INFO  o.e.m.j.i.AbstractJavaProjectConfigurator - Adding resource folder /SpringCloudSchedulerService/src/main/resources
2025-03-22 12:10:18,286 [Worker-181: Import Getting Started Content] INFO  o.e.m.j.i.AbstractJavaProjectConfigurator - Adding source folder /SpringCloudSchedulerService/src/test/java
2025-03-22 12:10:18,291 [Worker-181: Import Getting Started Content] INFO  o.e.m.j.i.AbstractJavaProjectConfigurator - Adding resource folder /SpringCloudSchedulerService/src/test/resources
2025-03-22 12:10:18,661 [Worker-181: Import Getting Started Content] INFO  o.e.m.c.i.p.ProjectConfigurationManager - Imported and configured 1 project(s) in 1 sec
2025-03-22 12:10:18,665 [Worker-181: Import Getting Started Content] INFO  o.e.m.c.i.p.ProjectConfigurationManager - Update started
2025-03-22 12:10:19,272 [Worker-181: Import Getting Started Content] INFO  o.e.m.c.i.l.LifecycleMappingFactory - Using org.eclipse.m2e.jdt.JarLifecycleMapping lifecycle mapping for MavenProject: com.example:SpringCloudSchedulerService:0.0.1-SNAPSHOT @ C:\Users\prasa\eclipse-workspace\Micoservice-eclipse-workspace\SpringCloudSchedulerService\pom.xml.
2025-03-22 12:10:19,766 [Worker-181: Import Getting Started Content] INFO  o.e.m.j.i.AbstractJavaProjectConfigurator - Adding source folder /SpringCloudSchedulerService/src/main/java
2025-03-22 12:10:19,766 [Worker-181: Import Getting Started Content] INFO  o.e.m.j.i.AbstractJavaProjectConfigurator - Adding resource folder /SpringCloudSchedulerService/src/main/resources
2025-03-22 12:10:19,767 [Worker-181: Import Getting Started Content] INFO  o.e.m.j.i.AbstractJavaProjectConfigurator - Adding resource folder /SpringCloudSchedulerService/src/main/resources
2025-03-22 12:10:19,768 [Worker-181: Import Getting Started Content] INFO  o.e.m.j.i.AbstractJavaProjectConfigurator - Adding source folder /SpringCloudSchedulerService/src/test/java
2025-03-22 12:10:19,769 [Worker-181: Import Getting Started Content] INFO  o.e.m.j.i.AbstractJavaProjectConfigurator - Adding resource folder /SpringCloudSchedulerService/src/test/resources
2025-03-22 12:10:20,081 [Worker-181: Import Getting Started Content] INFO  o.e.m.c.i.p.ProjectConfigurationManager - Update completed for 1 poms: local refresh takes 0.00 sec, refresh facades takes 1.00 sec, update config takes 0.00 sec 
2025-03-22 12:10:20,629 [Worker-192: Building] INFO  o.a.m.s.f.DefaultMavenResourcesFiltering - Copying 1 resource from src\main\resources to target\classes
2025-03-22 12:10:20,765 [Worker-192: Building] INFO  o.a.m.s.f.DefaultMavenResourcesFiltering - Copying 0 resource from src\main\resources to target\classes
2025-03-22 12:10:20,776 [Worker-192: Building] INFO  o.a.m.s.f.DefaultMavenResourcesFiltering - skip non existing resourceDirectory C:\Users\prasa\eclipse-workspace\Micoservice-eclipse-workspace\SpringCloudSchedulerService\src\test\resources
2025-03-22 12:11:29,837 [Worker-181: Building] INFO  o.a.m.s.f.DefaultMavenResourcesFiltering - Copying 1 resource from src\main\resources to target\classes
2025-03-22 12:11:29,849 [Worker-181: Building] INFO  o.a.m.s.f.DefaultMavenResourcesFiltering - Copying 0 resource from src\main\resources to target\classes
2025-03-22 12:11:29,853 [Worker-181: Building] INFO  o.a.m.s.f.DefaultMavenResourcesFiltering - skip non existing resourceDirectory C:\Users\prasa\eclipse-workspace\Micoservice-eclipse-workspace\SpringCloudSchedulerService\src\test\resources
2025-03-22 12:14:53,031 [Worker-189: Building] INFO  o.e.m.c.i.l.LifecycleMappingFactory - Using org.eclipse.m2e.jdt.JarLifecycleMapping lifecycle mapping for MavenProject: com.example:SpringCloudSchedulerService:0.0.1-SNAPSHOT @ C:\Users\prasa\eclipse-workspace\Micoservice-eclipse-workspace\SpringCloudSchedulerService\pom.xml.
2025-03-22 12:14:53,772 [Worker-189: Building] INFO  o.a.m.s.f.DefaultMavenResourcesFiltering - Copying 0 resource from src\main\resources to target\classes
2025-03-22 12:14:53,772 [Worker-189: Building] INFO  o.a.m.s.f.DefaultMavenResourcesFiltering - Copying 0 resource from src\main\resources to target\classes
2025-03-22 12:14:53,783 [Worker-189: Building] INFO  o.a.m.s.f.DefaultMavenResourcesFiltering - skip non existing resourceDirectory C:\Users\prasa\eclipse-workspace\Micoservice-eclipse-workspace\SpringCloudSchedulerService\src\test\resources
2025-03-22 12:14:54,073 [Worker-192: Building] INFO  o.a.m.s.f.DefaultMavenResourcesFiltering - Copying 1 resource from src\main\resources to target\classes
2025-03-22 12:14:54,088 [Worker-192: Building] INFO  o.a.m.s.f.DefaultMavenResourcesFiltering - Copying 0 resource from src\main\resources to target\classes
2025-03-22 12:14:54,091 [Worker-192: Building] INFO  o.a.m.s.f.DefaultMavenResourcesFiltering - skip non existing resourceDirectory C:\Users\prasa\eclipse-workspace\Micoservice-eclipse-workspace\SpringCloudSchedulerService\src\test\resources
2025-03-22 12:14:54,419 [Worker-192: Updating Maven Project] INFO  o.e.m.c.i.p.ProjectConfigurationManager - Update started
2025-03-22 12:14:54,885 [Worker-192: Updating Maven Project] INFO  o.e.m.c.i.l.LifecycleMappingFactory - Using org.eclipse.m2e.jdt.JarLifecycleMapping lifecycle mapping for MavenProject: com.example:SpringCloudSchedulerService:0.0.1-SNAPSHOT @ C:\Users\prasa\eclipse-workspace\Micoservice-eclipse-workspace\SpringCloudSchedulerService\pom.xml.
2025-03-22 12:14:55,465 [Worker-192: Updating Maven Project] INFO  o.e.m.j.i.AbstractJavaProjectConfigurator - Adding source folder /SpringCloudSchedulerService/src/main/java
2025-03-22 12:14:55,466 [Worker-192: Updating Maven Project] INFO  o.e.m.j.i.AbstractJavaProjectConfigurator - Adding resource folder /SpringCloudSchedulerService/src/main/resources
2025-03-22 12:14:55,467 [Worker-192: Updating Maven Project] INFO  o.e.m.j.i.AbstractJavaProjectConfigurator - Adding resource folder /SpringCloudSchedulerService/src/main/resources
2025-03-22 12:14:55,468 [Worker-192: Updating Maven Project] INFO  o.e.m.j.i.AbstractJavaProjectConfigurator - Adding source folder /SpringCloudSchedulerService/src/test/java
2025-03-22 12:14:55,469 [Worker-192: Updating Maven Project] INFO  o.e.m.j.i.AbstractJavaProjectConfigurator - Adding resource folder /SpringCloudSchedulerService/src/test/resources
2025-03-22 12:14:55,781 [Worker-192: Updating Maven Project] INFO  o.e.m.c.i.p.ProjectConfigurationManager - Update completed for 1 poms: local refresh takes 0.00 sec, refresh facades takes 0.00 sec, update config takes 0.00 sec 
2025-03-22 12:14:56,054 [Worker-191: Building] INFO  o.a.m.s.f.DefaultMavenResourcesFiltering - Copying 1 resource from src\main\resources to target\classes
2025-03-22 12:14:56,074 [Worker-191: Building] INFO  o.a.m.s.f.DefaultMavenResourcesFiltering - Copying 0 resource from src\main\resources to target\classes
2025-03-22 12:14:56,079 [Worker-191: Building] INFO  o.a.m.s.f.DefaultMavenResourcesFiltering - skip non existing resourceDirectory C:\Users\prasa\eclipse-workspace\Micoservice-eclipse-workspace\SpringCloudSchedulerService\src\test\resources
2025-03-22 12:17:40,906 [Worker-190: Building] INFO  o.a.m.s.f.DefaultMavenResourcesFiltering - Copying 1 resource from src\main\resources to target\classes
2025-03-22 12:17:40,922 [Worker-190: Building] INFO  o.a.m.s.f.DefaultMavenResourcesFiltering - Copying 0 resource from src\main\resources to target\classes
2025-03-22 12:17:40,929 [Worker-190: Building] INFO  o.a.m.s.f.DefaultMavenResourcesFiltering - skip non existing resourceDirectory C:\Users\prasa\eclipse-workspace\Micoservice-eclipse-workspace\SpringCloudSchedulerService\src\test\resources
2025-03-22 12:17:53,998 [Worker-189: Building] INFO  o.a.m.s.f.DefaultMavenResourcesFiltering - Copying 1 resource from src\main\resources to target\classes
2025-03-22 12:17:54,009 [Worker-189: Building] INFO  o.a.m.s.f.DefaultMavenResourcesFiltering - Copying 0 resource from src\main\resources to target\classes
2025-03-22 12:17:54,013 [Worker-189: Building] INFO  o.a.m.s.f.DefaultMavenResourcesFiltering - skip non existing resourceDirectory C:\Users\prasa\eclipse-workspace\Micoservice-eclipse-workspace\SpringCloudSchedulerService\src\test\resources
2025-03-22 12:18:48,648 [Worker-181: Building] INFO  o.a.m.s.f.DefaultMavenResourcesFiltering - Copying 1 resource from src\main\resources to target\classes
2025-03-22 12:18:48,659 [Worker-181: Building] INFO  o.a.m.s.f.DefaultMavenResourcesFiltering - Copying 0 resource from src\main\resources to target\classes
2025-03-22 12:18:48,664 [Worker-181: Building] INFO  o.a.m.s.f.DefaultMavenResourcesFiltering - skip non existing resourceDirectory C:\Users\prasa\eclipse-workspace\Micoservice-eclipse-workspace\SpringCloudSchedulerService\src\test\resources
2025-03-22 12:19:10,624 [Worker-189: Building] INFO  o.a.m.s.f.DefaultMavenResourcesFiltering - Copying 1 resource from src\main\resources to target\classes
2025-03-22 12:19:10,634 [Worker-189: Building] INFO  o.a.m.s.f.DefaultMavenResourcesFiltering - Copying 0 resource from src\main\resources to target\classes
2025-03-22 12:19:10,639 [Worker-189: Building] INFO  o.a.m.s.f.DefaultMavenResourcesFiltering - skip non existing resourceDirectory C:\Users\prasa\eclipse-workspace\Micoservice-eclipse-workspace\SpringCloudSchedulerService\src\test\resources
2025-03-22 13:02:10,665 [Worker-199: Building] INFO  o.a.m.s.f.DefaultMavenResourcesFiltering - Copying 1 resource from src\main\resources to target\classes
2025-03-22 13:02:10,699 [Worker-199: Building] INFO  o.a.m.s.f.DefaultMavenResourcesFiltering - Copying 0 resource from src\main\resources to target\classes
2025-03-22 13:02:10,702 [Worker-199: Building] INFO  o.a.m.s.f.DefaultMavenResourcesFiltering - skip non existing resourceDirectory C:\Users\prasa\eclipse-workspace\Micoservice-eclipse-workspace\SpringCloudSchedulerService\src\test\resources
2025-03-22 13:02:32,242 [Worker-199: Building] INFO  o.a.m.s.f.DefaultMavenResourcesFiltering - Copying 1 resource from src\main\resources to target\classes
2025-03-22 13:02:32,280 [Worker-199: Building] INFO  o.a.m.s.f.DefaultMavenResourcesFiltering - Copying 0 resource from src\main\resources to target\classes
2025-03-22 13:02:32,283 [Worker-199: Building] INFO  o.a.m.s.f.DefaultMavenResourcesFiltering - skip non existing resourceDirectory C:\Users\prasa\eclipse-workspace\Micoservice-eclipse-workspace\SpringCloudSchedulerService\src\test\resources
2025-03-22 13:04:29,688 [Worker-197: Building] INFO  o.a.m.s.f.DefaultMavenResourcesFiltering - Copying 1 resource from src\main\resources to target\classes
2025-03-22 13:04:29,695 [Worker-197: Building] INFO  o.a.m.s.f.DefaultMavenResourcesFiltering - Copying 0 resource from src\main\resources to target\classes
2025-03-22 13:04:29,697 [Worker-197: Building] INFO  o.a.m.s.f.DefaultMavenResourcesFiltering - skip non existing resourceDirectory C:\Users\prasa\eclipse-workspace\Micoservice-eclipse-workspace\SpringCloudSchedulerService\src\test\resources
2025-03-22 13:06:43,579 [Worker-199: Building] INFO  o.a.m.s.f.DefaultMavenResourcesFiltering - Copying 1 resource from src\main\resources to target\classes
2025-03-22 13:06:43,586 [Worker-199: Building] INFO  o.a.m.s.f.DefaultMavenResourcesFiltering - Copying 0 resource from src\main\resources to target\classes
2025-03-22 13:06:43,589 [Worker-199: Building] INFO  o.a.m.s.f.DefaultMavenResourcesFiltering - skip non existing resourceDirectory C:\Users\prasa\eclipse-workspace\Micoservice-eclipse-workspace\SpringCloudConfigServer\src\test\resources
2025-03-22 13:26:11,346 [Worker-201: Building] INFO  o.a.m.s.f.DefaultMavenResourcesFiltering - Copying 1 resource from src\main\resources to target\classes
2025-03-22 13:26:11,353 [Worker-201: Building] INFO  o.a.m.s.f.DefaultMavenResourcesFiltering - Copying 0 resource from src\main\resources to target\classes
2025-03-22 13:26:11,356 [Worker-201: Building] INFO  o.a.m.s.f.DefaultMavenResourcesFiltering - skip non existing resourceDirectory C:\Users\prasa\eclipse-workspace\Micoservice-eclipse-workspace\SpringCloudConfigServer\src\test\resources
2025-03-22 13:29:07,809 [Worker-204: Building] INFO  o.e.m.c.i.e.AbstractTransferListenerAdapter - Downloading https://repo.maven.apache.org/maven2/de/codecentric/spring-boot-admin-dependencies/3.4.5/spring-boot-admin-dependencies-3.4.5.pom
2025-03-22 13:29:07,834 [Worker-204: Building] INFO  o.e.m.c.i.e.AbstractTransferListenerAdapter - Downloaded https://repo.maven.apache.org/maven2/de/codecentric/spring-boot-admin-dependencies/3.4.5/spring-boot-admin-dependencies-3.4.5.pom
2025-03-22 13:29:08,762 [Worker-204: Building] INFO  o.e.m.c.i.l.LifecycleMappingFactory - Using org.eclipse.m2e.jdt.JarLifecycleMapping lifecycle mapping for MavenProject: com.example:ConfigClientWithActuator:0.0.1-SNAPSHOT @ C:\Users\prasa\eclipse-workspace\Micoservice-eclipse-workspace\ConfigClientWithActuator\pom.xml.
2025-03-22 13:29:09,902 [Worker-204: Building] INFO  o.e.m.c.i.e.AbstractTransferListenerAdapter - Downloading https://repo.maven.apache.org/maven2/de/codecentric/spring-boot-admin-starter-client/3.4.5/spring-boot-admin-starter-client-3.4.5.pom
2025-03-22 13:29:09,911 [Worker-204: Building] INFO  o.e.m.c.i.e.AbstractTransferListenerAdapter - Downloaded https://repo.maven.apache.org/maven2/de/codecentric/spring-boot-admin-starter-client/3.4.5/spring-boot-admin-starter-client-3.4.5.pom
2025-03-22 13:29:09,950 [Worker-204: Building] INFO  o.e.m.c.i.e.AbstractTransferListenerAdapter - Downloading https://repo.maven.apache.org/maven2/de/codecentric/spring-boot-admin-build/3.4.5/spring-boot-admin-build-3.4.5.pom
2025-03-22 13:29:09,957 [Worker-204: Building] INFO  o.e.m.c.i.e.AbstractTransferListenerAdapter - Downloaded https://repo.maven.apache.org/maven2/de/codecentric/spring-boot-admin-build/3.4.5/spring-boot-admin-build-3.4.5.pom
2025-03-22 13:29:10,001 [Worker-204: Building] INFO  o.e.m.c.i.e.AbstractTransferListenerAdapter - Downloading https://repo.maven.apache.org/maven2/de/codecentric/spring-boot-admin-client/3.4.5/spring-boot-admin-client-3.4.5.pom
2025-03-22 13:29:10,011 [Worker-204: Building] INFO  o.e.m.c.i.e.AbstractTransferListenerAdapter - Downloaded https://repo.maven.apache.org/maven2/de/codecentric/spring-boot-admin-client/3.4.5/spring-boot-admin-client-3.4.5.pom
2025-03-22 13:29:10,521 [Worker-204: Building] INFO  o.e.m.c.i.e.AbstractTransferListenerAdapter - Downloading https://repo.maven.apache.org/maven2/de/codecentric/spring-boot-admin-starter-client/3.4.5/spring-boot-admin-starter-client-3.4.5.jar
2025-03-22 13:29:10,530 [Worker-204: Building] INFO  o.e.m.c.i.e.AbstractTransferListenerAdapter - Downloaded https://repo.maven.apache.org/maven2/de/codecentric/spring-boot-admin-starter-client/3.4.5/spring-boot-admin-starter-client-3.4.5.jar
2025-03-22 13:29:10,589 [BasicRepositoryConnector-repo.maven.apache.org-3-0] INFO  o.e.m.c.i.e.AbstractTransferListenerAdapter - Downloading https://repo.maven.apache.org/maven2/de/codecentric/spring-boot-admin-client/3.4.5/spring-boot-admin-client-3.4.5.jar
2025-03-22 13:29:10,625 [BasicRepositoryConnector-repo.maven.apache.org-3-0] INFO  o.e.m.c.i.e.AbstractTransferListenerAdapter - Downloaded https://repo.maven.apache.org/maven2/de/codecentric/spring-boot-admin-client/3.4.5/spring-boot-admin-client-3.4.5.jar
2025-03-22 13:29:11,963 [Worker-204: Building] INFO  o.a.m.s.f.DefaultMavenResourcesFiltering - Copying 0 resource from src\main\resources to target\classes
2025-03-22 13:29:11,966 [Worker-204: Building] INFO  o.a.m.s.f.DefaultMavenResourcesFiltering - Copying 0 resource from src\main\resources to target\classes
2025-03-22 13:29:11,979 [Worker-204: Building] INFO  o.a.m.s.f.DefaultMavenResourcesFiltering - skip non existing resourceDirectory C:\Users\prasa\eclipse-workspace\Micoservice-eclipse-workspace\ConfigClientWithActuator\src\test\resources
2025-03-22 13:29:12,146 [Worker-207: Updating Maven Project] INFO  o.e.m.c.i.p.ProjectConfigurationManager - Update started
2025-03-22 13:29:12,745 [Worker-204: Download sources and javadoc] INFO  o.e.m.c.i.e.AbstractTransferListenerAdapter - Downloaded https://repo.maven.apache.org/maven2/de/codecentric/spring-boot-admin-starter-client/3.4.5/spring-boot-admin-starter-client-3.4.5-sources.jar
2025-03-22 13:29:12,752 [Worker-204: Download sources and javadoc] ERROR o.e.m.j.internal.DownloadSourcesJob - Could not download sources for de.codecentric:spring-boot-admin-starter-client:3.4.5
org.eclipse.core.runtime.CoreException: Could not resolve artifact de.codecentric:spring-boot-admin-starter-client:jar:sources:3.4.5
	at org.eclipse.m2e.core.internal.embedder.MavenImpl.lambda$7(MavenImpl.java:540)
	at org.eclipse.m2e.core.internal.embedder.MavenExecutionContext.executeBare(MavenExecutionContext.java:458)
	at org.eclipse.m2e.core.internal.embedder.MavenExecutionContext.execute(MavenExecutionContext.java:292)
	at org.eclipse.m2e.core.internal.embedder.MavenExecutionContext.execute(MavenExecutionContext.java:278)
	at org.eclipse.m2e.core.internal.embedder.MavenImpl.resolve(MavenImpl.java:509)
	at org.eclipse.m2e.core.internal.embedder.MavenImpl.resolve(MavenImpl.java:494)
	at org.eclipse.m2e.jdt.internal.DownloadSourcesJob.download(DownloadSourcesJob.java:308)
	at org.eclipse.m2e.jdt.internal.DownloadSourcesJob.downloadAttachments(DownloadSourcesJob.java:282)
	at org.eclipse.m2e.jdt.internal.DownloadSourcesJob.downloadMaven(DownloadSourcesJob.java:252)
	at org.eclipse.m2e.jdt.internal.DownloadSourcesJob.downloadFilesAndPopulateToUpdate(DownloadSourcesJob.java:220)
	at org.eclipse.m2e.jdt.internal.DownloadSourcesJob.lambda$0(DownloadSourcesJob.java:149)
	at org.eclipse.m2e.core.internal.embedder.MavenExecutionContext.executeBare(MavenExecutionContext.java:458)
	at org.eclipse.m2e.core.internal.embedder.MavenExecutionContext.execute(MavenExecutionContext.java:339)
	at org.eclipse.m2e.core.internal.embedder.MavenExecutionContext.execute(MavenExecutionContext.java:278)
	at org.eclipse.m2e.core.embedder.IMaven.execute(IMaven.java:300)
	at org.eclipse.m2e.jdt.internal.DownloadSourcesJob.run(DownloadSourcesJob.java:149)
	at org.eclipse.core.internal.jobs.Worker.run(Worker.java:63)
2025-03-22 13:29:15,321 [Worker-204: Download sources and javadoc] INFO  o.e.m.c.i.e.AbstractTransferListenerAdapter - Downloading https://repo.maven.apache.org/maven2/de/codecentric/spring-boot-admin-client/3.4.5/spring-boot-admin-client-3.4.5-sources.jar
2025-03-22 13:29:15,343 [Worker-204: Download sources and javadoc] INFO  o.e.m.c.i.e.AbstractTransferListenerAdapter - Downloaded https://repo.maven.apache.org/maven2/de/codecentric/spring-boot-admin-client/3.4.5/spring-boot-admin-client-3.4.5-sources.jar
2025-03-22 13:29:15,354 [Worker-204: Download sources and javadoc] INFO  o.e.m.j.internal.DownloadSourcesJob - Downloaded sources for de.codecentric:spring-boot-admin-client:3.4.5
2025-03-22 13:29:15,364 [Worker-207: Updating Maven Project] INFO  o.e.m.c.i.l.LifecycleMappingFactory - Using org.eclipse.m2e.jdt.JarLifecycleMapping lifecycle mapping for MavenProject: com.example:ConfigClientWithActuator:0.0.1-SNAPSHOT @ C:\Users\prasa\eclipse-workspace\Micoservice-eclipse-workspace\ConfigClientWithActuator\pom.xml.
2025-03-22 13:29:17,348 [Worker-207: Updating Maven Project] INFO  o.e.m.j.i.AbstractJavaProjectConfigurator - Adding source folder /ConfigClientWithActuator/src/main/java
2025-03-22 13:29:17,349 [Worker-207: Updating Maven Project] INFO  o.e.m.j.i.AbstractJavaProjectConfigurator - Adding resource folder /ConfigClientWithActuator/src/main/resources
2025-03-22 13:29:17,350 [Worker-207: Updating Maven Project] INFO  o.e.m.j.i.AbstractJavaProjectConfigurator - Adding resource folder /ConfigClientWithActuator/src/main/resources
2025-03-22 13:29:17,351 [Worker-207: Updating Maven Project] INFO  o.e.m.j.i.AbstractJavaProjectConfigurator - Adding source folder /ConfigClientWithActuator/src/test/java
2025-03-22 13:29:17,352 [Worker-207: Updating Maven Project] INFO  o.e.m.j.i.AbstractJavaProjectConfigurator - Adding resource folder /ConfigClientWithActuator/src/test/resources
2025-03-22 13:29:18,377 [Worker-207: Updating Maven Project] INFO  o.e.m.c.i.p.ProjectConfigurationManager - Update completed for 1 poms: local refresh takes 0.00 sec, refresh facades takes 4.00 sec, update config takes 0.00 sec 
2025-03-22 13:29:19,619 [Worker-204: Building] INFO  o.a.m.s.f.DefaultMavenResourcesFiltering - Copying 1 resource from src\main\resources to target\classes
2025-03-22 13:29:19,724 [Worker-204: Building] INFO  o.a.m.s.f.DefaultMavenResourcesFiltering - Copying 0 resource from src\main\resources to target\classes
2025-03-22 13:29:19,733 [Worker-204: Building] INFO  o.a.m.s.f.DefaultMavenResourcesFiltering - skip non existing resourceDirectory C:\Users\prasa\eclipse-workspace\Micoservice-eclipse-workspace\ConfigClientWithActuator\src\test\resources
2025-03-22 13:30:02,647 [Worker-205: Building] INFO  o.e.m.c.i.l.LifecycleMappingFactory - Using org.eclipse.m2e.jdt.JarLifecycleMapping lifecycle mapping for MavenProject: com.example:SimpleFeignClient:0.0.1-SNAPSHOT @ C:\Users\prasa\eclipse-workspace\Micoservice-eclipse-workspace\SimpleFeignClient\pom.xml.
2025-03-22 13:30:04,357 [Worker-205: Building] INFO  o.a.m.s.f.DefaultMavenResourcesFiltering - Copying 0 resource from src\main\resources to target\classes
2025-03-22 13:30:04,359 [Worker-205: Building] INFO  o.a.m.s.f.DefaultMavenResourcesFiltering - Copying 0 resource from src\main\resources to target\classes
2025-03-22 13:30:04,367 [Worker-205: Building] INFO  o.a.m.s.f.DefaultMavenResourcesFiltering - skip non existing resourceDirectory C:\Users\prasa\eclipse-workspace\Micoservice-eclipse-workspace\SimpleFeignClient\src\test\resources
2025-03-22 13:30:04,492 [Worker-208: Updating Maven Project] INFO  o.e.m.c.i.p.ProjectConfigurationManager - Update started
2025-03-22 13:30:05,094 [Worker-208: Updating Maven Project] INFO  o.e.m.c.i.l.LifecycleMappingFactory - Using org.eclipse.m2e.jdt.JarLifecycleMapping lifecycle mapping for MavenProject: com.example:SimpleFeignClient:0.0.1-SNAPSHOT @ C:\Users\prasa\eclipse-workspace\Micoservice-eclipse-workspace\SimpleFeignClient\pom.xml.
2025-03-22 13:30:05,589 [Worker-205: Download sources and javadoc] INFO  o.e.m.c.i.e.AbstractTransferListenerAdapter - Downloaded https://repo.maven.apache.org/maven2/de/codecentric/spring-boot-admin-starter-client/3.4.5/spring-boot-admin-starter-client-3.4.5-javadoc.jar
2025-03-22 13:30:05,594 [Worker-205: Download sources and javadoc] ERROR o.e.m.j.internal.DownloadSourcesJob - Could not download javadoc for de.codecentric:spring-boot-admin-starter-client:3.4.5
org.eclipse.core.runtime.CoreException: Could not resolve artifact de.codecentric:spring-boot-admin-starter-client:jar:javadoc:3.4.5
	at org.eclipse.m2e.core.internal.embedder.MavenImpl.lambda$7(MavenImpl.java:540)
	at org.eclipse.m2e.core.internal.embedder.MavenExecutionContext.executeBare(MavenExecutionContext.java:458)
	at org.eclipse.m2e.core.internal.embedder.MavenExecutionContext.execute(MavenExecutionContext.java:292)
	at org.eclipse.m2e.core.internal.embedder.MavenExecutionContext.execute(MavenExecutionContext.java:278)
	at org.eclipse.m2e.core.internal.embedder.MavenImpl.resolve(MavenImpl.java:509)
	at org.eclipse.m2e.core.internal.embedder.MavenImpl.resolve(MavenImpl.java:494)
	at org.eclipse.m2e.jdt.internal.DownloadSourcesJob.download(DownloadSourcesJob.java:308)
	at org.eclipse.m2e.jdt.internal.DownloadSourcesJob.downloadAttachments(DownloadSourcesJob.java:294)
	at org.eclipse.m2e.jdt.internal.DownloadSourcesJob.downloadMaven(DownloadSourcesJob.java:252)
	at org.eclipse.m2e.jdt.internal.DownloadSourcesJob.downloadFilesAndPopulateToUpdate(DownloadSourcesJob.java:220)
	at org.eclipse.m2e.jdt.internal.DownloadSourcesJob.lambda$0(DownloadSourcesJob.java:149)
	at org.eclipse.m2e.core.internal.embedder.MavenExecutionContext.executeBare(MavenExecutionContext.java:458)
	at org.eclipse.m2e.core.internal.embedder.MavenExecutionContext.execute(MavenExecutionContext.java:339)
	at org.eclipse.m2e.core.internal.embedder.MavenExecutionContext.execute(MavenExecutionContext.java:278)
	at org.eclipse.m2e.core.embedder.IMaven.execute(IMaven.java:300)
	at org.eclipse.m2e.jdt.internal.DownloadSourcesJob.run(DownloadSourcesJob.java:149)
	at org.eclipse.core.internal.jobs.Worker.run(Worker.java:63)
2025-03-22 13:30:06,562 [Worker-208: Updating Maven Project] INFO  o.e.m.j.i.AbstractJavaProjectConfigurator - Adding source folder /SimpleFeignClient/src/main/java
2025-03-22 13:30:06,563 [Worker-208: Updating Maven Project] INFO  o.e.m.j.i.AbstractJavaProjectConfigurator - Adding resource folder /SimpleFeignClient/src/main/resources
2025-03-22 13:30:06,564 [Worker-208: Updating Maven Project] INFO  o.e.m.j.i.AbstractJavaProjectConfigurator - Adding resource folder /SimpleFeignClient/src/main/resources
2025-03-22 13:30:06,564 [Worker-208: Updating Maven Project] INFO  o.e.m.j.i.AbstractJavaProjectConfigurator - Adding source folder /SimpleFeignClient/src/test/java
2025-03-22 13:30:06,565 [Worker-208: Updating Maven Project] INFO  o.e.m.j.i.AbstractJavaProjectConfigurator - Adding resource folder /SimpleFeignClient/src/test/resources
2025-03-22 13:30:07,007 [Worker-208: Updating Maven Project] INFO  o.e.m.c.i.p.ProjectConfigurationManager - Update completed for 1 poms: local refresh takes 0.00 sec, refresh facades takes 2.00 sec, update config takes 0.00 sec 
2025-03-22 13:30:07,323 [Worker-201: Building] INFO  o.a.m.s.f.DefaultMavenResourcesFiltering - Copying 1 resource from src\main\resources to target\classes
2025-03-22 13:30:07,349 [Worker-201: Building] INFO  o.a.m.s.f.DefaultMavenResourcesFiltering - Copying 0 resource from src\main\resources to target\classes
2025-03-22 13:30:07,355 [Worker-201: Building] INFO  o.a.m.s.f.DefaultMavenResourcesFiltering - skip non existing resourceDirectory C:\Users\prasa\eclipse-workspace\Micoservice-eclipse-workspace\SimpleFeignClient\src\test\resources
2025-03-22 13:31:16,811 [Worker-201: Import Getting Started Content] INFO  o.e.m.c.i.l.LifecycleMappingFactory - Using org.eclipse.m2e.jdt.JarLifecycleMapping lifecycle mapping for MavenProject: com.example:SpringCloudAdminServer:0.0.1-SNAPSHOT @ C:\Users\prasa\eclipse-workspace\Micoservice-eclipse-workspace\SpringCloudAdminServer\pom.xml.
2025-03-22 13:31:16,911 [Worker-201: Import Getting Started Content] INFO  o.e.m.c.i.e.AbstractTransferListenerAdapter - Downloading https://repo.maven.apache.org/maven2/de/codecentric/spring-boot-admin-starter-server/3.4.5/spring-boot-admin-starter-server-3.4.5.pom
2025-03-22 13:31:16,916 [Worker-201: Import Getting Started Content] INFO  o.e.m.c.i.e.AbstractTransferListenerAdapter - Downloaded https://repo.maven.apache.org/maven2/de/codecentric/spring-boot-admin-starter-server/3.4.5/spring-boot-admin-starter-server-3.4.5.pom
2025-03-22 13:31:16,952 [Worker-201: Import Getting Started Content] INFO  o.e.m.c.i.e.AbstractTransferListenerAdapter - Downloading https://repo.maven.apache.org/maven2/de/codecentric/spring-boot-admin-server/3.4.5/spring-boot-admin-server-3.4.5.pom
2025-03-22 13:31:16,958 [Worker-201: Import Getting Started Content] INFO  o.e.m.c.i.e.AbstractTransferListenerAdapter - Downloaded https://repo.maven.apache.org/maven2/de/codecentric/spring-boot-admin-server/3.4.5/spring-boot-admin-server-3.4.5.pom
2025-03-22 13:31:17,065 [Worker-201: Import Getting Started Content] INFO  o.e.m.c.i.e.AbstractTransferListenerAdapter - Downloading https://repo.maven.apache.org/maven2/org/springframework/boot/spring-boot-starter-webflux/3.4.4/spring-boot-starter-webflux-3.4.4.pom
2025-03-22 13:31:17,075 [Worker-201: Import Getting Started Content] INFO  o.e.m.c.i.e.AbstractTransferListenerAdapter - Downloaded https://repo.maven.apache.org/maven2/org/springframework/boot/spring-boot-starter-webflux/3.4.4/spring-boot-starter-webflux-3.4.4.pom
2025-03-22 13:31:17,174 [Worker-201: Import Getting Started Content] INFO  o.e.m.c.i.e.AbstractTransferListenerAdapter - Downloading https://repo.maven.apache.org/maven2/org/springframework/boot/spring-boot-starter-reactor-netty/3.4.4/spring-boot-starter-reactor-netty-3.4.4.pom
2025-03-22 13:31:17,184 [Worker-201: Import Getting Started Content] INFO  o.e.m.c.i.e.AbstractTransferListenerAdapter - Downloaded https://repo.maven.apache.org/maven2/org/springframework/boot/spring-boot-starter-reactor-netty/3.4.4/spring-boot-starter-reactor-netty-3.4.4.pom
2025-03-22 13:31:17,227 [Worker-201: Import Getting Started Content] INFO  o.e.m.c.i.e.AbstractTransferListenerAdapter - Downloading https://repo.maven.apache.org/maven2/io/projectreactor/netty/reactor-netty-http/1.2.4/reactor-netty-http-1.2.4.pom
2025-03-22 13:31:17,241 [Worker-201: Import Getting Started Content] INFO  o.e.m.c.i.e.AbstractTransferListenerAdapter - Downloaded https://repo.maven.apache.org/maven2/io/projectreactor/netty/reactor-netty-http/1.2.4/reactor-netty-http-1.2.4.pom
2025-03-22 13:31:17,283 [Worker-201: Import Getting Started Content] INFO  o.e.m.c.i.e.AbstractTransferListenerAdapter - Downloading https://repo.maven.apache.org/maven2/io/netty/netty-codec-http/4.1.119.Final/netty-codec-http-4.1.119.Final.pom
2025-03-22 13:31:17,291 [Worker-201: Import Getting Started Content] INFO  o.e.m.c.i.e.AbstractTransferListenerAdapter - Downloaded https://repo.maven.apache.org/maven2/io/netty/netty-codec-http/4.1.119.Final/netty-codec-http-4.1.119.Final.pom
2025-03-22 13:31:17,331 [Worker-201: Import Getting Started Content] INFO  o.e.m.c.i.e.AbstractTransferListenerAdapter - Downloading https://repo.maven.apache.org/maven2/io/netty/netty-parent/4.1.119.Final/netty-parent-4.1.119.Final.pom
2025-03-22 13:31:17,367 [Worker-201: Import Getting Started Content] INFO  o.e.m.c.i.e.AbstractTransferListenerAdapter - Downloaded https://repo.maven.apache.org/maven2/io/netty/netty-parent/4.1.119.Final/netty-parent-4.1.119.Final.pom
2025-03-22 13:31:17,407 [Worker-201: Import Getting Started Content] INFO  o.e.m.c.i.e.AbstractTransferListenerAdapter - Downloading https://repo.maven.apache.org/maven2/io/netty/netty-common/4.1.119.Final/netty-common-4.1.119.Final.pom
2025-03-22 13:31:17,417 [Worker-201: Import Getting Started Content] INFO  o.e.m.c.i.e.AbstractTransferListenerAdapter - Downloaded https://repo.maven.apache.org/maven2/io/netty/netty-common/4.1.119.Final/netty-common-4.1.119.Final.pom
2025-03-22 13:31:17,455 [Worker-201: Import Getting Started Content] INFO  o.e.m.c.i.e.AbstractTransferListenerAdapter - Downloading https://repo.maven.apache.org/maven2/io/netty/netty-buffer/4.1.119.Final/netty-buffer-4.1.119.Final.pom
2025-03-22 13:31:17,465 [Worker-201: Import Getting Started Content] INFO  o.e.m.c.i.e.AbstractTransferListenerAdapter - Downloaded https://repo.maven.apache.org/maven2/io/netty/netty-buffer/4.1.119.Final/netty-buffer-4.1.119.Final.pom
2025-03-22 13:31:17,519 [Worker-201: Import Getting Started Content] INFO  o.e.m.c.i.e.AbstractTransferListenerAdapter - Downloading https://repo.maven.apache.org/maven2/io/netty/netty-transport/4.1.119.Final/netty-transport-4.1.119.Final.pom
2025-03-22 13:31:17,524 [Worker-201: Import Getting Started Content] INFO  o.e.m.c.i.e.AbstractTransferListenerAdapter - Downloaded https://repo.maven.apache.org/maven2/io/netty/netty-transport/4.1.119.Final/netty-transport-4.1.119.Final.pom
2025-03-22 13:31:17,561 [Worker-201: Import Getting Started Content] INFO  o.e.m.c.i.e.AbstractTransferListenerAdapter - Downloading https://repo.maven.apache.org/maven2/io/netty/netty-resolver/4.1.119.Final/netty-resolver-4.1.119.Final.pom
2025-03-22 13:31:17,570 [Worker-201: Import Getting Started Content] INFO  o.e.m.c.i.e.AbstractTransferListenerAdapter - Downloaded https://repo.maven.apache.org/maven2/io/netty/netty-resolver/4.1.119.Final/netty-resolver-4.1.119.Final.pom
2025-03-22 13:31:17,602 [Worker-201: Import Getting Started Content] INFO  o.e.m.c.i.e.AbstractTransferListenerAdapter - Downloading https://repo.maven.apache.org/maven2/io/netty/netty-codec/4.1.119.Final/netty-codec-4.1.119.Final.pom
2025-03-22 13:31:17,609 [Worker-201: Import Getting Started Content] INFO  o.e.m.c.i.e.AbstractTransferListenerAdapter - Downloaded https://repo.maven.apache.org/maven2/io/netty/netty-codec/4.1.119.Final/netty-codec-4.1.119.Final.pom
2025-03-22 13:31:17,646 [Worker-201: Import Getting Started Content] INFO  o.e.m.c.i.e.AbstractTransferListenerAdapter - Downloading https://repo.maven.apache.org/maven2/io/netty/netty-handler/4.1.119.Final/netty-handler-4.1.119.Final.pom
2025-03-22 13:31:17,653 [Worker-201: Import Getting Started Content] INFO  o.e.m.c.i.e.AbstractTransferListenerAdapter - Downloaded https://repo.maven.apache.org/maven2/io/netty/netty-handler/4.1.119.Final/netty-handler-4.1.119.Final.pom
2025-03-22 13:31:17,689 [Worker-201: Import Getting Started Content] INFO  o.e.m.c.i.e.AbstractTransferListenerAdapter - Downloading https://repo.maven.apache.org/maven2/io/netty/netty-transport-native-unix-common/4.1.119.Final/netty-transport-native-unix-common-4.1.119.Final.pom
2025-03-22 13:31:17,697 [Worker-201: Import Getting Started Content] INFO  o.e.m.c.i.e.AbstractTransferListenerAdapter - Downloaded https://repo.maven.apache.org/maven2/io/netty/netty-transport-native-unix-common/4.1.119.Final/netty-transport-native-unix-common-4.1.119.Final.pom
2025-03-22 13:31:17,742 [Worker-201: Import Getting Started Content] INFO  o.e.m.c.i.e.AbstractTransferListenerAdapter - Downloading https://repo.maven.apache.org/maven2/io/netty/netty-codec-http2/4.1.119.Final/netty-codec-http2-4.1.119.Final.pom
2025-03-22 13:31:17,747 [Worker-201: Import Getting Started Content] INFO  o.e.m.c.i.e.AbstractTransferListenerAdapter - Downloaded https://repo.maven.apache.org/maven2/io/netty/netty-codec-http2/4.1.119.Final/netty-codec-http2-4.1.119.Final.pom
2025-03-22 13:31:17,783 [Worker-201: Import Getting Started Content] INFO  o.e.m.c.i.e.AbstractTransferListenerAdapter - Downloading https://repo.maven.apache.org/maven2/io/netty/netty-resolver-dns/4.1.119.Final/netty-resolver-dns-4.1.119.Final.pom
2025-03-22 13:31:17,788 [Worker-201: Import Getting Started Content] INFO  o.e.m.c.i.e.AbstractTransferListenerAdapter - Downloaded https://repo.maven.apache.org/maven2/io/netty/netty-resolver-dns/4.1.119.Final/netty-resolver-dns-4.1.119.Final.pom
2025-03-22 13:31:17,823 [Worker-201: Import Getting Started Content] INFO  o.e.m.c.i.e.AbstractTransferListenerAdapter - Downloading https://repo.maven.apache.org/maven2/io/netty/netty-codec-dns/4.1.119.Final/netty-codec-dns-4.1.119.Final.pom
2025-03-22 13:31:17,829 [Worker-201: Import Getting Started Content] INFO  o.e.m.c.i.e.AbstractTransferListenerAdapter - Downloaded https://repo.maven.apache.org/maven2/io/netty/netty-codec-dns/4.1.119.Final/netty-codec-dns-4.1.119.Final.pom
2025-03-22 13:31:17,867 [Worker-201: Import Getting Started Content] INFO  o.e.m.c.i.e.AbstractTransferListenerAdapter - Downloading https://repo.maven.apache.org/maven2/io/netty/netty-resolver-dns-native-macos/4.1.119.Final/netty-resolver-dns-native-macos-4.1.119.Final.pom
2025-03-22 13:31:17,873 [Worker-201: Import Getting Started Content] INFO  o.e.m.c.i.e.AbstractTransferListenerAdapter - Downloaded https://repo.maven.apache.org/maven2/io/netty/netty-resolver-dns-native-macos/4.1.119.Final/netty-resolver-dns-native-macos-4.1.119.Final.pom
2025-03-22 13:31:17,920 [Worker-201: Import Getting Started Content] INFO  o.e.m.c.i.e.AbstractTransferListenerAdapter - Downloading https://repo.maven.apache.org/maven2/io/netty/netty-resolver-dns-classes-macos/4.1.119.Final/netty-resolver-dns-classes-macos-4.1.119.Final.pom
2025-03-22 13:31:17,927 [Worker-201: Import Getting Started Content] INFO  o.e.m.c.i.e.AbstractTransferListenerAdapter - Downloaded https://repo.maven.apache.org/maven2/io/netty/netty-resolver-dns-classes-macos/4.1.119.Final/netty-resolver-dns-classes-macos-4.1.119.Final.pom
2025-03-22 13:31:17,962 [Worker-201: Import Getting Started Content] INFO  o.e.m.c.i.e.AbstractTransferListenerAdapter - Downloading https://repo.maven.apache.org/maven2/io/netty/netty-transport-native-epoll/4.1.119.Final/netty-transport-native-epoll-4.1.119.Final.pom
2025-03-22 13:31:17,993 [Worker-201: Import Getting Started Content] INFO  o.e.m.c.i.e.AbstractTransferListenerAdapter - Downloaded https://repo.maven.apache.org/maven2/io/netty/netty-transport-native-epoll/4.1.119.Final/netty-transport-native-epoll-4.1.119.Final.pom
2025-03-22 13:31:18,024 [Worker-201: Import Getting Started Content] INFO  o.e.m.c.i.e.AbstractTransferListenerAdapter - Downloading https://repo.maven.apache.org/maven2/io/netty/netty-transport-classes-epoll/4.1.119.Final/netty-transport-classes-epoll-4.1.119.Final.pom
2025-03-22 13:31:18,030 [Worker-201: Import Getting Started Content] INFO  o.e.m.c.i.e.AbstractTransferListenerAdapter - Downloaded https://repo.maven.apache.org/maven2/io/netty/netty-transport-classes-epoll/4.1.119.Final/netty-transport-classes-epoll-4.1.119.Final.pom
2025-03-22 13:31:18,066 [Worker-201: Import Getting Started Content] INFO  o.e.m.c.i.e.AbstractTransferListenerAdapter - Downloading https://repo.maven.apache.org/maven2/io/projectreactor/netty/reactor-netty-core/1.2.4/reactor-netty-core-1.2.4.pom
2025-03-22 13:31:18,069 [Worker-201: Import Getting Started Content] INFO  o.e.m.c.i.e.AbstractTransferListenerAdapter - Downloaded https://repo.maven.apache.org/maven2/io/projectreactor/netty/reactor-netty-core/1.2.4/reactor-netty-core-1.2.4.pom
2025-03-22 13:31:18,123 [Worker-201: Import Getting Started Content] INFO  o.e.m.c.i.e.AbstractTransferListenerAdapter - Downloading https://repo.maven.apache.org/maven2/io/netty/netty-handler-proxy/4.1.119.Final/netty-handler-proxy-4.1.119.Final.pom
2025-03-22 13:31:18,126 [Worker-201: Import Getting Started Content] INFO  o.e.m.c.i.e.AbstractTransferListenerAdapter - Downloaded https://repo.maven.apache.org/maven2/io/netty/netty-handler-proxy/4.1.119.Final/netty-handler-proxy-4.1.119.Final.pom
2025-03-22 13:31:18,177 [Worker-201: Import Getting Started Content] INFO  o.e.m.c.i.e.AbstractTransferListenerAdapter - Downloading https://repo.maven.apache.org/maven2/io/netty/netty-codec-socks/4.1.119.Final/netty-codec-socks-4.1.119.Final.pom
2025-03-22 13:31:18,181 [Worker-201: Import Getting Started Content] INFO  o.e.m.c.i.e.AbstractTransferListenerAdapter - Downloaded https://repo.maven.apache.org/maven2/io/netty/netty-codec-socks/4.1.119.Final/netty-codec-socks-4.1.119.Final.pom
2025-03-22 13:31:18,213 [Worker-201: Import Getting Started Content] INFO  o.e.m.c.i.e.AbstractTransferListenerAdapter - Downloading https://repo.maven.apache.org/maven2/org/springframework/spring-webflux/6.2.5/spring-webflux-6.2.5.pom
2025-03-22 13:31:18,217 [Worker-201: Import Getting Started Content] INFO  o.e.m.c.i.e.AbstractTransferListenerAdapter - Downloaded https://repo.maven.apache.org/maven2/org/springframework/spring-webflux/6.2.5/spring-webflux-6.2.5.pom
2025-03-22 13:31:18,277 [Worker-201: Import Getting Started Content] INFO  o.e.m.c.i.e.AbstractTransferListenerAdapter - Downloading https://repo.maven.apache.org/maven2/org/springframework/boot/spring-boot-starter-thymeleaf/3.4.4/spring-boot-starter-thymeleaf-3.4.4.pom
2025-03-22 13:31:18,281 [Worker-201: Import Getting Started Content] INFO  o.e.m.c.i.e.AbstractTransferListenerAdapter - Downloaded https://repo.maven.apache.org/maven2/org/springframework/boot/spring-boot-starter-thymeleaf/3.4.4/spring-boot-starter-thymeleaf-3.4.4.pom
2025-03-22 13:31:18,317 [Worker-201: Import Getting Started Content] INFO  o.e.m.c.i.e.AbstractTransferListenerAdapter - Downloading https://repo.maven.apache.org/maven2/org/thymeleaf/thymeleaf-spring6/3.1.3.RELEASE/thymeleaf-spring6-3.1.3.RELEASE.pom
2025-03-22 13:31:18,320 [Worker-201: Import Getting Started Content] INFO  o.e.m.c.i.e.AbstractTransferListenerAdapter - Downloaded https://repo.maven.apache.org/maven2/org/thymeleaf/thymeleaf-spring6/3.1.3.RELEASE/thymeleaf-spring6-3.1.3.RELEASE.pom
2025-03-22 13:31:18,370 [Worker-201: Import Getting Started Content] INFO  o.e.m.c.i.e.AbstractTransferListenerAdapter - Downloading https://repo.maven.apache.org/maven2/org/thymeleaf/thymeleaf-lib/3.1.3.RELEASE/thymeleaf-lib-3.1.3.RELEASE.pom
2025-03-22 13:31:18,374 [Worker-201: Import Getting Started Content] INFO  o.e.m.c.i.e.AbstractTransferListenerAdapter - Downloaded https://repo.maven.apache.org/maven2/org/thymeleaf/thymeleaf-lib/3.1.3.RELEASE/thymeleaf-lib-3.1.3.RELEASE.pom
2025-03-22 13:31:18,404 [Worker-201: Import Getting Started Content] INFO  o.e.m.c.i.e.AbstractTransferListenerAdapter - Downloading https://repo.maven.apache.org/maven2/org/thymeleaf/thymeleaf-parent/3.1.3.RELEASE/thymeleaf-parent-3.1.3.RELEASE.pom
2025-03-22 13:31:18,410 [Worker-201: Import Getting Started Content] INFO  o.e.m.c.i.e.AbstractTransferListenerAdapter - Downloaded https://repo.maven.apache.org/maven2/org/thymeleaf/thymeleaf-parent/3.1.3.RELEASE/thymeleaf-parent-3.1.3.RELEASE.pom
2025-03-22 13:31:18,463 [Worker-201: Import Getting Started Content] INFO  o.e.m.c.i.e.AbstractTransferListenerAdapter - Downloading https://repo.maven.apache.org/maven2/org/apache/logging/log4j/log4j-bom/2.24.2/log4j-bom-2.24.2.pom
2025-03-22 13:31:18,468 [Worker-201: Import Getting Started Content] INFO  o.e.m.c.i.e.AbstractTransferListenerAdapter - Downloaded https://repo.maven.apache.org/maven2/org/apache/logging/log4j/log4j-bom/2.24.2/log4j-bom-2.24.2.pom
2025-03-22 13:31:18,501 [Worker-201: Import Getting Started Content] INFO  o.e.m.c.i.e.AbstractTransferListenerAdapter - Downloading https://repo.maven.apache.org/maven2/org/thymeleaf/thymeleaf/3.1.3.RELEASE/thymeleaf-3.1.3.RELEASE.pom
2025-03-22 13:31:18,506 [Worker-201: Import Getting Started Content] INFO  o.e.m.c.i.e.AbstractTransferListenerAdapter - Downloaded https://repo.maven.apache.org/maven2/org/thymeleaf/thymeleaf/3.1.3.RELEASE/thymeleaf-3.1.3.RELEASE.pom
2025-03-22 13:31:18,544 [Worker-201: Import Getting Started Content] INFO  o.e.m.c.i.e.AbstractTransferListenerAdapter - Downloading https://repo.maven.apache.org/maven2/org/attoparser/attoparser/2.0.7.RELEASE/attoparser-2.0.7.RELEASE.pom
2025-03-22 13:31:18,550 [Worker-201: Import Getting Started Content] INFO  o.e.m.c.i.e.AbstractTransferListenerAdapter - Downloaded https://repo.maven.apache.org/maven2/org/attoparser/attoparser/2.0.7.RELEASE/attoparser-2.0.7.RELEASE.pom
2025-03-22 13:31:18,582 [Worker-201: Import Getting Started Content] INFO  o.e.m.c.i.e.AbstractTransferListenerAdapter - Downloading https://repo.maven.apache.org/maven2/org/unbescape/unbescape/1.1.6.RELEASE/unbescape-1.1.6.RELEASE.pom
2025-03-22 13:31:18,585 [Worker-201: Import Getting Started Content] INFO  o.e.m.c.i.e.AbstractTransferListenerAdapter - Downloaded https://repo.maven.apache.org/maven2/org/unbescape/unbescape/1.1.6.RELEASE/unbescape-1.1.6.RELEASE.pom
2025-03-22 13:31:18,649 [Worker-201: Import Getting Started Content] INFO  o.e.m.c.i.e.AbstractTransferListenerAdapter - Downloading https://repo.maven.apache.org/maven2/de/codecentric/spring-boot-admin-server-ui/3.4.5/spring-boot-admin-server-ui-3.4.5.pom
2025-03-22 13:31:18,654 [Worker-201: Import Getting Started Content] INFO  o.e.m.c.i.e.AbstractTransferListenerAdapter - Downloaded https://repo.maven.apache.org/maven2/de/codecentric/spring-boot-admin-server-ui/3.4.5/spring-boot-admin-server-ui-3.4.5.pom
2025-03-22 13:31:18,800 [Worker-201: Import Getting Started Content] INFO  o.e.m.c.i.e.AbstractTransferListenerAdapter - Downloading https://repo.maven.apache.org/maven2/de/codecentric/spring-boot-admin-server-cloud/3.4.5/spring-boot-admin-server-cloud-3.4.5.pom
2025-03-22 13:31:18,804 [Worker-201: Import Getting Started Content] INFO  o.e.m.c.i.e.AbstractTransferListenerAdapter - Downloaded https://repo.maven.apache.org/maven2/de/codecentric/spring-boot-admin-server-cloud/3.4.5/spring-boot-admin-server-cloud-3.4.5.pom
2025-03-22 13:31:18,981 [Worker-201: Import Getting Started Content] INFO  o.e.m.c.i.e.AbstractTransferListenerAdapter - Downloading https://repo.maven.apache.org/maven2/de/codecentric/spring-boot-admin-starter-server/3.4.5/spring-boot-admin-starter-server-3.4.5.jar
2025-03-22 13:31:18,985 [Worker-201: Import Getting Started Content] INFO  o.e.m.c.i.e.AbstractTransferListenerAdapter - Downloaded https://repo.maven.apache.org/maven2/de/codecentric/spring-boot-admin-starter-server/3.4.5/spring-boot-admin-starter-server-3.4.5.jar
2025-03-22 13:31:19,014 [BasicRepositoryConnector-repo.maven.apache.org-4-0] INFO  o.e.m.c.i.e.AbstractTransferListenerAdapter - Downloading https://repo.maven.apache.org/maven2/de/codecentric/spring-boot-admin-server/3.4.5/spring-boot-admin-server-3.4.5.jar
2025-03-22 13:31:19,068 [BasicRepositoryConnector-repo.maven.apache.org-4-0] INFO  o.e.m.c.i.e.AbstractTransferListenerAdapter - Downloaded https://repo.maven.apache.org/maven2/de/codecentric/spring-boot-admin-server/3.4.5/spring-boot-admin-server-3.4.5.jar
2025-03-22 13:31:19,070 [BasicRepositoryConnector-repo.maven.apache.org-4-2] INFO  o.e.m.c.i.e.AbstractTransferListenerAdapter - Downloading https://repo.maven.apache.org/maven2/org/springframework/boot/spring-boot-starter-reactor-netty/3.4.4/spring-boot-starter-reactor-netty-3.4.4.jar
2025-03-22 13:31:19,074 [BasicRepositoryConnector-repo.maven.apache.org-4-1] INFO  o.e.m.c.i.e.AbstractTransferListenerAdapter - Downloading https://repo.maven.apache.org/maven2/org/springframework/boot/spring-boot-starter-webflux/3.4.4/spring-boot-starter-webflux-3.4.4.jar
2025-03-22 13:31:19,075 [BasicRepositoryConnector-repo.maven.apache.org-4-2] INFO  o.e.m.c.i.e.AbstractTransferListenerAdapter - Downloaded https://repo.maven.apache.org/maven2/org/springframework/boot/spring-boot-starter-reactor-netty/3.4.4/spring-boot-starter-reactor-netty-3.4.4.jar
2025-03-22 13:31:19,076 [BasicRepositoryConnector-repo.maven.apache.org-4-1] INFO  o.e.m.c.i.e.AbstractTransferListenerAdapter - Downloaded https://repo.maven.apache.org/maven2/org/springframework/boot/spring-boot-starter-webflux/3.4.4/spring-boot-starter-webflux-3.4.4.jar
2025-03-22 13:31:19,081 [BasicRepositoryConnector-repo.maven.apache.org-4-4] INFO  o.e.m.c.i.e.AbstractTransferListenerAdapter - Downloading https://repo.maven.apache.org/maven2/io/netty/netty-codec-http/4.1.119.Final/netty-codec-http-4.1.119.Final.jar
2025-03-22 13:31:19,085 [BasicRepositoryConnector-repo.maven.apache.org-4-3] INFO  o.e.m.c.i.e.AbstractTransferListenerAdapter - Downloading https://repo.maven.apache.org/maven2/io/projectreactor/netty/reactor-netty-http/1.2.4/reactor-netty-http-1.2.4.jar
2025-03-22 13:31:19,097 [BasicRepositoryConnector-repo.maven.apache.org-4-0] INFO  o.e.m.c.i.e.AbstractTransferListenerAdapter - Downloading https://repo.maven.apache.org/maven2/io/netty/netty-common/4.1.119.Final/netty-common-4.1.119.Final.jar
2025-03-22 13:31:19,119 [BasicRepositoryConnector-repo.maven.apache.org-4-2] INFO  o.e.m.c.i.e.AbstractTransferListenerAdapter - Downloading https://repo.maven.apache.org/maven2/io/netty/netty-buffer/4.1.119.Final/netty-buffer-4.1.119.Final.jar
2025-03-22 13:31:19,119 [BasicRepositoryConnector-repo.maven.apache.org-4-1] INFO  o.e.m.c.i.e.AbstractTransferListenerAdapter - Downloading https://repo.maven.apache.org/maven2/io/netty/netty-transport/4.1.119.Final/netty-transport-4.1.119.Final.jar
2025-03-22 13:31:19,182 [BasicRepositoryConnector-repo.maven.apache.org-4-0] INFO  o.e.m.c.i.e.AbstractTransferListenerAdapter - Downloaded https://repo.maven.apache.org/maven2/io/netty/netty-common/4.1.119.Final/netty-common-4.1.119.Final.jar
2025-03-22 13:31:19,213 [BasicRepositoryConnector-repo.maven.apache.org-4-0] INFO  o.e.m.c.i.e.AbstractTransferListenerAdapter - Downloading https://repo.maven.apache.org/maven2/io/netty/netty-codec/4.1.119.Final/netty-codec-4.1.119.Final.jar
2025-03-22 13:31:19,267 [BasicRepositoryConnector-repo.maven.apache.org-4-0] INFO  o.e.m.c.i.e.AbstractTransferListenerAdapter - Downloaded https://repo.maven.apache.org/maven2/io/netty/netty-codec/4.1.119.Final/netty-codec-4.1.119.Final.jar
2025-03-22 13:31:19,297 [BasicRepositoryConnector-repo.maven.apache.org-4-0] INFO  o.e.m.c.i.e.AbstractTransferListenerAdapter - Downloading https://repo.maven.apache.org/maven2/io/netty/netty-handler/4.1.119.Final/netty-handler-4.1.119.Final.jar
2025-03-22 13:31:19,340 [BasicRepositoryConnector-repo.maven.apache.org-4-3] INFO  o.e.m.c.i.e.AbstractTransferListenerAdapter - Downloaded https://repo.maven.apache.org/maven2/io/projectreactor/netty/reactor-netty-http/1.2.4/reactor-netty-http-1.2.4.jar
2025-03-22 13:31:19,353 [BasicRepositoryConnector-repo.maven.apache.org-4-2] INFO  o.e.m.c.i.e.AbstractTransferListenerAdapter - Downloaded https://repo.maven.apache.org/maven2/io/netty/netty-buffer/4.1.119.Final/netty-buffer-4.1.119.Final.jar
2025-03-22 13:31:19,370 [BasicRepositoryConnector-repo.maven.apache.org-4-3] INFO  o.e.m.c.i.e.AbstractTransferListenerAdapter - Downloading https://repo.maven.apache.org/maven2/io/netty/netty-codec-http2/4.1.119.Final/netty-codec-http2-4.1.119.Final.jar
2025-03-22 13:31:19,372 [BasicRepositoryConnector-repo.maven.apache.org-4-0] INFO  o.e.m.c.i.e.AbstractTransferListenerAdapter - Downloaded https://repo.maven.apache.org/maven2/io/netty/netty-handler/4.1.119.Final/netty-handler-4.1.119.Final.jar
2025-03-22 13:31:19,382 [BasicRepositoryConnector-repo.maven.apache.org-4-4] INFO  o.e.m.c.i.e.AbstractTransferListenerAdapter - Downloaded https://repo.maven.apache.org/maven2/io/netty/netty-codec-http/4.1.119.Final/netty-codec-http-4.1.119.Final.jar
2025-03-22 13:31:19,383 [BasicRepositoryConnector-repo.maven.apache.org-4-2] INFO  o.e.m.c.i.e.AbstractTransferListenerAdapter - Downloading https://repo.maven.apache.org/maven2/io/netty/netty-resolver-dns/4.1.119.Final/netty-resolver-dns-4.1.119.Final.jar
2025-03-22 13:31:19,399 [BasicRepositoryConnector-repo.maven.apache.org-4-0] INFO  o.e.m.c.i.e.AbstractTransferListenerAdapter - Downloading https://repo.maven.apache.org/maven2/io/netty/netty-resolver/4.1.119.Final/netty-resolver-4.1.119.Final.jar
2025-03-22 13:31:19,406 [BasicRepositoryConnector-repo.maven.apache.org-4-0] INFO  o.e.m.c.i.e.AbstractTransferListenerAdapter - Downloaded https://repo.maven.apache.org/maven2/io/netty/netty-resolver/4.1.119.Final/netty-resolver-4.1.119.Final.jar
2025-03-22 13:31:19,415 [BasicRepositoryConnector-repo.maven.apache.org-4-4] INFO  o.e.m.c.i.e.AbstractTransferListenerAdapter - Downloading https://repo.maven.apache.org/maven2/io/netty/netty-codec-dns/4.1.119.Final/netty-codec-dns-4.1.119.Final.jar
2025-03-22 13:31:19,426 [BasicRepositoryConnector-repo.maven.apache.org-4-1] INFO  o.e.m.c.i.e.AbstractTransferListenerAdapter - Downloaded https://repo.maven.apache.org/maven2/io/netty/netty-transport/4.1.119.Final/netty-transport-4.1.119.Final.jar
2025-03-22 13:31:19,431 [BasicRepositoryConnector-repo.maven.apache.org-4-0] INFO  o.e.m.c.i.e.AbstractTransferListenerAdapter - Downloading https://repo.maven.apache.org/maven2/io/netty/netty-resolver-dns-native-macos/4.1.119.Final/netty-resolver-dns-native-macos-4.1.119.Final-osx-x86_64.jar
2025-03-22 13:31:19,432 [BasicRepositoryConnector-repo.maven.apache.org-4-4] INFO  o.e.m.c.i.e.AbstractTransferListenerAdapter - Downloaded https://repo.maven.apache.org/maven2/io/netty/netty-codec-dns/4.1.119.Final/netty-codec-dns-4.1.119.Final.jar
2025-03-22 13:31:19,436 [BasicRepositoryConnector-repo.maven.apache.org-4-0] INFO  o.e.m.c.i.e.AbstractTransferListenerAdapter - Downloaded https://repo.maven.apache.org/maven2/io/netty/netty-resolver-dns-native-macos/4.1.119.Final/netty-resolver-dns-native-macos-4.1.119.Final-osx-x86_64.jar
2025-03-22 13:31:19,453 [BasicRepositoryConnector-repo.maven.apache.org-4-1] INFO  o.e.m.c.i.e.AbstractTransferListenerAdapter - Downloading https://repo.maven.apache.org/maven2/io/netty/netty-resolver-dns-classes-macos/4.1.119.Final/netty-resolver-dns-classes-macos-4.1.119.Final.jar
2025-03-22 13:31:19,456 [BasicRepositoryConnector-repo.maven.apache.org-4-4] INFO  o.e.m.c.i.e.AbstractTransferListenerAdapter - Downloading https://repo.maven.apache.org/maven2/io/netty/netty-transport-native-epoll/4.1.119.Final/netty-transport-native-epoll-4.1.119.Final-linux-x86_64.jar
2025-03-22 13:31:19,459 [BasicRepositoryConnector-repo.maven.apache.org-4-1] INFO  o.e.m.c.i.e.AbstractTransferListenerAdapter - Downloaded https://repo.maven.apache.org/maven2/io/netty/netty-resolver-dns-classes-macos/4.1.119.Final/netty-resolver-dns-classes-macos-4.1.119.Final.jar
2025-03-22 13:31:19,459 [BasicRepositoryConnector-repo.maven.apache.org-4-2] INFO  o.e.m.c.i.e.AbstractTransferListenerAdapter - Downloaded https://repo.maven.apache.org/maven2/io/netty/netty-resolver-dns/4.1.119.Final/netty-resolver-dns-4.1.119.Final.jar
2025-03-22 13:31:19,461 [BasicRepositoryConnector-repo.maven.apache.org-4-0] INFO  o.e.m.c.i.e.AbstractTransferListenerAdapter - Downloading https://repo.maven.apache.org/maven2/io/netty/netty-transport-native-unix-common/4.1.119.Final/netty-transport-native-unix-common-4.1.119.Final.jar
2025-03-22 13:31:19,466 [BasicRepositoryConnector-repo.maven.apache.org-4-4] INFO  o.e.m.c.i.e.AbstractTransferListenerAdapter - Downloaded https://repo.maven.apache.org/maven2/io/netty/netty-transport-native-epoll/4.1.119.Final/netty-transport-native-epoll-4.1.119.Final-linux-x86_64.jar
2025-03-22 13:31:19,471 [BasicRepositoryConnector-repo.maven.apache.org-4-0] INFO  o.e.m.c.i.e.AbstractTransferListenerAdapter - Downloaded https://repo.maven.apache.org/maven2/io/netty/netty-transport-native-unix-common/4.1.119.Final/netty-transport-native-unix-common-4.1.119.Final.jar
2025-03-22 13:31:19,483 [BasicRepositoryConnector-repo.maven.apache.org-4-1] INFO  o.e.m.c.i.e.AbstractTransferListenerAdapter - Downloading https://repo.maven.apache.org/maven2/io/netty/netty-transport-classes-epoll/4.1.119.Final/netty-transport-classes-epoll-4.1.119.Final.jar
2025-03-22 13:31:19,484 [BasicRepositoryConnector-repo.maven.apache.org-4-2] INFO  o.e.m.c.i.e.AbstractTransferListenerAdapter - Downloading https://repo.maven.apache.org/maven2/io/projectreactor/netty/reactor-netty-core/1.2.4/reactor-netty-core-1.2.4.jar
2025-03-22 13:31:19,494 [BasicRepositoryConnector-repo.maven.apache.org-4-4] INFO  o.e.m.c.i.e.AbstractTransferListenerAdapter - Downloading https://repo.maven.apache.org/maven2/io/netty/netty-handler-proxy/4.1.119.Final/netty-handler-proxy-4.1.119.Final.jar
2025-03-22 13:31:19,501 [BasicRepositoryConnector-repo.maven.apache.org-4-4] INFO  o.e.m.c.i.e.AbstractTransferListenerAdapter - Downloaded https://repo.maven.apache.org/maven2/io/netty/netty-handler-proxy/4.1.119.Final/netty-handler-proxy-4.1.119.Final.jar
2025-03-22 13:31:19,528 [BasicRepositoryConnector-repo.maven.apache.org-4-1] INFO  o.e.m.c.i.e.AbstractTransferListenerAdapter - Downloaded https://repo.maven.apache.org/maven2/io/netty/netty-transport-classes-epoll/4.1.119.Final/netty-transport-classes-epoll-4.1.119.Final.jar
2025-03-22 13:31:19,529 [BasicRepositoryConnector-repo.maven.apache.org-4-4] INFO  o.e.m.c.i.e.AbstractTransferListenerAdapter - Downloading https://repo.maven.apache.org/maven2/org/springframework/spring-webflux/6.2.5/spring-webflux-6.2.5.jar
2025-03-22 13:31:19,597 [BasicRepositoryConnector-repo.maven.apache.org-4-1] INFO  o.e.m.c.i.e.AbstractTransferListenerAdapter - Downloading https://repo.maven.apache.org/maven2/org/springframework/boot/spring-boot-starter-thymeleaf/3.4.4/spring-boot-starter-thymeleaf-3.4.4.jar
2025-03-22 13:31:19,601 [BasicRepositoryConnector-repo.maven.apache.org-4-1] INFO  o.e.m.c.i.e.AbstractTransferListenerAdapter - Downloaded https://repo.maven.apache.org/maven2/org/springframework/boot/spring-boot-starter-thymeleaf/3.4.4/spring-boot-starter-thymeleaf-3.4.4.jar
2025-03-22 13:31:19,608 [BasicRepositoryConnector-repo.maven.apache.org-4-0] INFO  o.e.m.c.i.e.AbstractTransferListenerAdapter - Downloading https://repo.maven.apache.org/maven2/io/netty/netty-codec-socks/4.1.119.Final/netty-codec-socks-4.1.119.Final.jar
2025-03-22 13:31:19,615 [BasicRepositoryConnector-repo.maven.apache.org-4-3] INFO  o.e.m.c.i.e.AbstractTransferListenerAdapter - Downloaded https://repo.maven.apache.org/maven2/io/netty/netty-codec-http2/4.1.119.Final/netty-codec-http2-4.1.119.Final.jar
2025-03-22 13:31:19,618 [BasicRepositoryConnector-repo.maven.apache.org-4-0] INFO  o.e.m.c.i.e.AbstractTransferListenerAdapter - Downloaded https://repo.maven.apache.org/maven2/io/netty/netty-codec-socks/4.1.119.Final/netty-codec-socks-4.1.119.Final.jar
2025-03-22 13:31:19,628 [BasicRepositoryConnector-repo.maven.apache.org-4-1] INFO  o.e.m.c.i.e.AbstractTransferListenerAdapter - Downloading https://repo.maven.apache.org/maven2/org/thymeleaf/thymeleaf-spring6/3.1.3.RELEASE/thymeleaf-spring6-3.1.3.RELEASE.jar
2025-03-22 13:31:19,640 [BasicRepositoryConnector-repo.maven.apache.org-4-4] INFO  o.e.m.c.i.e.AbstractTransferListenerAdapter - Downloaded https://repo.maven.apache.org/maven2/org/springframework/spring-webflux/6.2.5/spring-webflux-6.2.5.jar
2025-03-22 13:31:19,643 [BasicRepositoryConnector-repo.maven.apache.org-4-3] INFO  o.e.m.c.i.e.AbstractTransferListenerAdapter - Downloading https://repo.maven.apache.org/maven2/org/thymeleaf/thymeleaf/3.1.3.RELEASE/thymeleaf-3.1.3.RELEASE.jar
2025-03-22 13:31:19,645 [BasicRepositoryConnector-repo.maven.apache.org-4-0] INFO  o.e.m.c.i.e.AbstractTransferListenerAdapter - Downloading https://repo.maven.apache.org/maven2/org/attoparser/attoparser/2.0.7.RELEASE/attoparser-2.0.7.RELEASE.jar
2025-03-22 13:31:19,667 [BasicRepositoryConnector-repo.maven.apache.org-4-4] INFO  o.e.m.c.i.e.AbstractTransferListenerAdapter - Downloading https://repo.maven.apache.org/maven2/org/unbescape/unbescape/1.1.6.RELEASE/unbescape-1.1.6.RELEASE.jar
2025-03-22 13:31:19,682 [BasicRepositoryConnector-repo.maven.apache.org-4-4] INFO  o.e.m.c.i.e.AbstractTransferListenerAdapter - Downloaded https://repo.maven.apache.org/maven2/org/unbescape/unbescape/1.1.6.RELEASE/unbescape-1.1.6.RELEASE.jar
2025-03-22 13:31:19,682 [BasicRepositoryConnector-repo.maven.apache.org-4-1] INFO  o.e.m.c.i.e.AbstractTransferListenerAdapter - Downloaded https://repo.maven.apache.org/maven2/org/thymeleaf/thymeleaf-spring6/3.1.3.RELEASE/thymeleaf-spring6-3.1.3.RELEASE.jar
2025-03-22 13:31:19,685 [BasicRepositoryConnector-repo.maven.apache.org-4-2] INFO  o.e.m.c.i.e.AbstractTransferListenerAdapter - Downloaded https://repo.maven.apache.org/maven2/io/projectreactor/netty/reactor-netty-core/1.2.4/reactor-netty-core-1.2.4.jar
2025-03-22 13:31:19,709 [BasicRepositoryConnector-repo.maven.apache.org-4-4] INFO  o.e.m.c.i.e.AbstractTransferListenerAdapter - Downloading https://repo.maven.apache.org/maven2/de/codecentric/spring-boot-admin-server-cloud/3.4.5/spring-boot-admin-server-cloud-3.4.5.jar
2025-03-22 13:31:19,710 [BasicRepositoryConnector-repo.maven.apache.org-4-0] INFO  o.e.m.c.i.e.AbstractTransferListenerAdapter - Downloaded https://repo.maven.apache.org/maven2/org/attoparser/attoparser/2.0.7.RELEASE/attoparser-2.0.7.RELEASE.jar
2025-03-22 13:31:19,716 [BasicRepositoryConnector-repo.maven.apache.org-4-4] INFO  o.e.m.c.i.e.AbstractTransferListenerAdapter - Downloaded https://repo.maven.apache.org/maven2/de/codecentric/spring-boot-admin-server-cloud/3.4.5/spring-boot-admin-server-cloud-3.4.5.jar
2025-03-22 13:31:19,729 [BasicRepositoryConnector-repo.maven.apache.org-4-1] INFO  o.e.m.c.i.e.AbstractTransferListenerAdapter - Downloading https://repo.maven.apache.org/maven2/de/codecentric/spring-boot-admin-server-ui/3.4.5/spring-boot-admin-server-ui-3.4.5.jar
2025-03-22 13:31:19,817 [BasicRepositoryConnector-repo.maven.apache.org-4-3] INFO  o.e.m.c.i.e.AbstractTransferListenerAdapter - Downloaded https://repo.maven.apache.org/maven2/org/thymeleaf/thymeleaf/3.1.3.RELEASE/thymeleaf-3.1.3.RELEASE.jar
2025-03-22 13:31:20,142 [BasicRepositoryConnector-repo.maven.apache.org-4-1] INFO  o.e.m.c.i.e.AbstractTransferListenerAdapter - Downloaded https://repo.maven.apache.org/maven2/de/codecentric/spring-boot-admin-server-ui/3.4.5/spring-boot-admin-server-ui-3.4.5.jar
2025-03-22 13:31:20,625 [Worker-201: Import Getting Started Content] INFO  o.e.m.c.i.l.LifecycleMappingFactory - Using org.eclipse.m2e.jdt.JarLifecycleMapping lifecycle mapping for MavenProject: com.example:eureka:0.0.1-SNAPSHOT @ C:\Users\prasa\eclipse-workspace\Micoservice-eclipse-workspace\SpringCloudEurekaServer\pom.xml.
2025-03-22 13:31:21,665 [Worker-201: Import Getting Started Content] INFO  o.e.m.c.i.l.LifecycleMappingFactory - Using org.eclipse.m2e.jdt.JarLifecycleMapping lifecycle mapping for MavenProject: com.example:SimpleLoadBalancerClient:0.0.1-SNAPSHOT @ C:\Users\prasa\eclipse-workspace\Micoservice-eclipse-workspace\SimpleLoadBalancerClient\pom.xml.
2025-03-22 13:31:22,176 [Worker-201: Import Getting Started Content] INFO  o.e.m.c.i.l.LifecycleMappingFactory - Using org.eclipse.m2e.jdt.JarLifecycleMapping lifecycle mapping for MavenProject: com.example:client:0.0.1-SNAPSHOT @ C:\Users\prasa\eclipse-workspace\Micoservice-eclipse-workspace\MSItnerCommunication\pom.xml.
2025-03-22 13:31:22,553 [Worker-201: Import Getting Started Content] INFO  o.e.m.c.i.l.LifecycleMappingFactory - Using org.eclipse.m2e.jdt.JarLifecycleMapping lifecycle mapping for MavenProject: com.example:client:0.0.1-SNAPSHOT @ C:\Users\prasa\eclipse-workspace\Micoservice-eclipse-workspace\SimpleDiscoveryClient\pom.xml.
2025-03-22 13:31:22,945 [Worker-201: Import Getting Started Content] INFO  o.e.m.c.i.l.LifecycleMappingFactory - Using org.eclipse.m2e.jdt.JarLifecycleMapping lifecycle mapping for MavenProject: com.example:SpringCloudConfigServer:0.0.1-SNAPSHOT @ C:\Users\prasa\eclipse-workspace\Micoservice-eclipse-workspace\SpringCloudConfigServer\pom.xml.
2025-03-22 13:31:23,463 [Worker-201: Import Getting Started Content] INFO  o.e.m.c.i.l.LifecycleMappingFactory - Using org.eclipse.m2e.jdt.JarLifecycleMapping lifecycle mapping for MavenProject: com.example:SpringCloudConfigClient:0.0.1-SNAPSHOT @ C:\Users\prasa\eclipse-workspace\Micoservice-eclipse-workspace\SpringCloudConfigClient\pom.xml.
2025-03-22 13:31:23,847 [Worker-201: Import Getting Started Content] INFO  o.e.m.c.i.l.LifecycleMappingFactory - Using org.eclipse.m2e.jdt.JarLifecycleMapping lifecycle mapping for MavenProject: com.example:SpringCloudSchedulerService:0.0.1-SNAPSHOT @ C:\Users\prasa\eclipse-workspace\Micoservice-eclipse-workspace\SpringCloudSchedulerService\pom.xml.
2025-03-22 13:31:24,330 [Worker-201: Import Getting Started Content] INFO  o.e.m.c.i.l.LifecycleMappingFactory - Using org.eclipse.m2e.jdt.JarLifecycleMapping lifecycle mapping for MavenProject: com.example:ConfigClientWithActuator:0.0.1-SNAPSHOT @ C:\Users\prasa\eclipse-workspace\Micoservice-eclipse-workspace\ConfigClientWithActuator\pom.xml.
2025-03-22 13:31:24,737 [Worker-201: Import Getting Started Content] INFO  o.e.m.c.i.l.LifecycleMappingFactory - Using org.eclipse.m2e.jdt.JarLifecycleMapping lifecycle mapping for MavenProject: com.example:SimpleFeignClient:0.0.1-SNAPSHOT @ C:\Users\prasa\eclipse-workspace\Micoservice-eclipse-workspace\SimpleFeignClient\pom.xml.
2025-03-22 13:31:27,179 [Worker-204: Download sources and javadoc] INFO  o.e.m.c.i.e.AbstractTransferListenerAdapter - Downloaded https://repo.maven.apache.org/maven2/de/codecentric/spring-boot-admin-starter-server/3.4.5/spring-boot-admin-starter-server-3.4.5-sources.jar
2025-03-22 13:31:27,183 [Worker-204: Download sources and javadoc] ERROR o.e.m.j.internal.DownloadSourcesJob - Could not download sources for de.codecentric:spring-boot-admin-starter-server:3.4.5
org.eclipse.core.runtime.CoreException: Could not resolve artifact de.codecentric:spring-boot-admin-starter-server:jar:sources:3.4.5
	at org.eclipse.m2e.core.internal.embedder.MavenImpl.lambda$7(MavenImpl.java:540)
	at org.eclipse.m2e.core.internal.embedder.MavenExecutionContext.executeBare(MavenExecutionContext.java:458)
	at org.eclipse.m2e.core.internal.embedder.MavenExecutionContext.execute(MavenExecutionContext.java:292)
	at org.eclipse.m2e.core.internal.embedder.MavenExecutionContext.execute(MavenExecutionContext.java:278)
	at org.eclipse.m2e.core.internal.embedder.MavenImpl.resolve(MavenImpl.java:509)
	at org.eclipse.m2e.core.internal.embedder.MavenImpl.resolve(MavenImpl.java:494)
	at org.eclipse.m2e.jdt.internal.DownloadSourcesJob.download(DownloadSourcesJob.java:308)
	at org.eclipse.m2e.jdt.internal.DownloadSourcesJob.downloadAttachments(DownloadSourcesJob.java:282)
	at org.eclipse.m2e.jdt.internal.DownloadSourcesJob.downloadMaven(DownloadSourcesJob.java:252)
	at org.eclipse.m2e.jdt.internal.DownloadSourcesJob.downloadFilesAndPopulateToUpdate(DownloadSourcesJob.java:220)
	at org.eclipse.m2e.jdt.internal.DownloadSourcesJob.lambda$0(DownloadSourcesJob.java:149)
	at org.eclipse.m2e.core.internal.embedder.MavenExecutionContext.executeBare(MavenExecutionContext.java:458)
	at org.eclipse.m2e.core.internal.embedder.MavenExecutionContext.execute(MavenExecutionContext.java:339)
	at org.eclipse.m2e.core.internal.embedder.MavenExecutionContext.execute(MavenExecutionContext.java:278)
	at org.eclipse.m2e.core.embedder.IMaven.execute(IMaven.java:300)
	at org.eclipse.m2e.jdt.internal.DownloadSourcesJob.run(DownloadSourcesJob.java:149)
	at org.eclipse.core.internal.jobs.Worker.run(Worker.java:63)
2025-03-22 13:31:27,269 [Worker-204: Download sources and javadoc] INFO  o.e.m.c.i.e.AbstractTransferListenerAdapter - Downloading https://repo.maven.apache.org/maven2/de/codecentric/spring-boot-admin-server/3.4.5/spring-boot-admin-server-3.4.5-sources.jar
2025-03-22 13:31:27,341 [Worker-204: Download sources and javadoc] INFO  o.e.m.c.i.e.AbstractTransferListenerAdapter - Downloaded https://repo.maven.apache.org/maven2/de/codecentric/spring-boot-admin-server/3.4.5/spring-boot-admin-server-3.4.5-sources.jar
2025-03-22 13:31:27,347 [Worker-204: Download sources and javadoc] INFO  o.e.m.j.internal.DownloadSourcesJob - Downloaded sources for de.codecentric:spring-boot-admin-server:3.4.5
2025-03-22 13:31:27,427 [Worker-204: Download sources and javadoc] INFO  o.e.m.c.i.e.AbstractTransferListenerAdapter - Downloading https://repo.maven.apache.org/maven2/org/springframework/boot/spring-boot-starter-webflux/3.4.4/spring-boot-starter-webflux-3.4.4-sources.jar
2025-03-22 13:31:27,432 [Worker-204: Download sources and javadoc] INFO  o.e.m.c.i.e.AbstractTransferListenerAdapter - Downloaded https://repo.maven.apache.org/maven2/org/springframework/boot/spring-boot-starter-webflux/3.4.4/spring-boot-starter-webflux-3.4.4-sources.jar
2025-03-22 13:31:27,436 [Worker-204: Download sources and javadoc] INFO  o.e.m.j.internal.DownloadSourcesJob - Downloaded sources for org.springframework.boot:spring-boot-starter-webflux:3.4.4
2025-03-22 13:31:27,513 [Worker-204: Download sources and javadoc] INFO  o.e.m.c.i.e.AbstractTransferListenerAdapter - Downloading https://repo.maven.apache.org/maven2/org/springframework/boot/spring-boot-starter-reactor-netty/3.4.4/spring-boot-starter-reactor-netty-3.4.4-sources.jar
2025-03-22 13:31:27,517 [Worker-204: Download sources and javadoc] INFO  o.e.m.c.i.e.AbstractTransferListenerAdapter - Downloaded https://repo.maven.apache.org/maven2/org/springframework/boot/spring-boot-starter-reactor-netty/3.4.4/spring-boot-starter-reactor-netty-3.4.4-sources.jar
2025-03-22 13:31:27,523 [Worker-204: Download sources and javadoc] INFO  o.e.m.j.internal.DownloadSourcesJob - Downloaded sources for org.springframework.boot:spring-boot-starter-reactor-netty:3.4.4
2025-03-22 13:31:27,606 [Worker-204: Download sources and javadoc] INFO  o.e.m.c.i.e.AbstractTransferListenerAdapter - Downloading https://repo.maven.apache.org/maven2/io/projectreactor/netty/reactor-netty-http/1.2.4/reactor-netty-http-1.2.4-sources.jar
2025-03-22 13:31:27,710 [Worker-204: Download sources and javadoc] INFO  o.e.m.c.i.e.AbstractTransferListenerAdapter - Downloaded https://repo.maven.apache.org/maven2/io/projectreactor/netty/reactor-netty-http/1.2.4/reactor-netty-http-1.2.4-sources.jar
2025-03-22 13:31:27,715 [Worker-204: Download sources and javadoc] INFO  o.e.m.j.internal.DownloadSourcesJob - Downloaded sources for io.projectreactor.netty:reactor-netty-http:1.2.4
2025-03-22 13:31:27,794 [Worker-204: Download sources and javadoc] INFO  o.e.m.c.i.e.AbstractTransferListenerAdapter - Downloading https://repo.maven.apache.org/maven2/io/netty/netty-codec-http/4.1.119.Final/netty-codec-http-4.1.119.Final-sources.jar
2025-03-22 13:31:27,887 [Worker-204: Download sources and javadoc] INFO  o.e.m.c.i.e.AbstractTransferListenerAdapter - Downloaded https://repo.maven.apache.org/maven2/io/netty/netty-codec-http/4.1.119.Final/netty-codec-http-4.1.119.Final-sources.jar
2025-03-22 13:31:27,891 [Worker-204: Download sources and javadoc] INFO  o.e.m.j.internal.DownloadSourcesJob - Downloaded sources for io.netty:netty-codec-http:4.1.119.Final
2025-03-22 13:31:27,973 [Worker-204: Download sources and javadoc] INFO  o.e.m.c.i.e.AbstractTransferListenerAdapter - Downloading https://repo.maven.apache.org/maven2/io/netty/netty-common/4.1.119.Final/netty-common-4.1.119.Final-sources.jar
2025-03-22 13:31:28,079 [Worker-204: Download sources and javadoc] INFO  o.e.m.c.i.e.AbstractTransferListenerAdapter - Downloaded https://repo.maven.apache.org/maven2/io/netty/netty-common/4.1.119.Final/netty-common-4.1.119.Final-sources.jar
2025-03-22 13:31:28,084 [Worker-204: Download sources and javadoc] INFO  o.e.m.j.internal.DownloadSourcesJob - Downloaded sources for io.netty:netty-common:4.1.119.Final
2025-03-22 13:31:28,174 [Worker-204: Download sources and javadoc] INFO  o.e.m.c.i.e.AbstractTransferListenerAdapter - Downloading https://repo.maven.apache.org/maven2/io/netty/netty-buffer/4.1.119.Final/netty-buffer-4.1.119.Final-sources.jar
2025-03-22 13:31:28,249 [Worker-204: Download sources and javadoc] INFO  o.e.m.c.i.e.AbstractTransferListenerAdapter - Downloaded https://repo.maven.apache.org/maven2/io/netty/netty-buffer/4.1.119.Final/netty-buffer-4.1.119.Final-sources.jar
2025-03-22 13:31:28,253 [Worker-204: Download sources and javadoc] INFO  o.e.m.j.internal.DownloadSourcesJob - Downloaded sources for io.netty:netty-buffer:4.1.119.Final
2025-03-22 13:31:28,333 [Worker-204: Download sources and javadoc] INFO  o.e.m.c.i.e.AbstractTransferListenerAdapter - Downloading https://repo.maven.apache.org/maven2/io/netty/netty-transport/4.1.119.Final/netty-transport-4.1.119.Final-sources.jar
2025-03-22 13:31:28,408 [Worker-204: Download sources and javadoc] INFO  o.e.m.c.i.e.AbstractTransferListenerAdapter - Downloaded https://repo.maven.apache.org/maven2/io/netty/netty-transport/4.1.119.Final/netty-transport-4.1.119.Final-sources.jar
2025-03-22 13:31:28,413 [Worker-204: Download sources and javadoc] INFO  o.e.m.j.internal.DownloadSourcesJob - Downloaded sources for io.netty:netty-transport:4.1.119.Final
2025-03-22 13:31:28,505 [Worker-204: Download sources and javadoc] INFO  o.e.m.c.i.e.AbstractTransferListenerAdapter - Downloading https://repo.maven.apache.org/maven2/io/netty/netty-codec/4.1.119.Final/netty-codec-4.1.119.Final-sources.jar
2025-03-22 13:31:28,579 [Worker-204: Download sources and javadoc] INFO  o.e.m.c.i.e.AbstractTransferListenerAdapter - Downloaded https://repo.maven.apache.org/maven2/io/netty/netty-codec/4.1.119.Final/netty-codec-4.1.119.Final-sources.jar
2025-03-22 13:31:28,583 [Worker-204: Download sources and javadoc] INFO  o.e.m.j.internal.DownloadSourcesJob - Downloaded sources for io.netty:netty-codec:4.1.119.Final
2025-03-22 13:31:28,665 [Worker-204: Download sources and javadoc] INFO  o.e.m.c.i.e.AbstractTransferListenerAdapter - Downloading https://repo.maven.apache.org/maven2/io/netty/netty-handler/4.1.119.Final/netty-handler-4.1.119.Final-sources.jar
2025-03-22 13:31:28,713 [Worker-201: Import Getting Started Content] INFO  o.e.m.j.i.AbstractJavaProjectConfigurator - Adding source folder /SpringCloudAdminServer/src/main/java
2025-03-22 13:31:28,714 [Worker-201: Import Getting Started Content] INFO  o.e.m.j.i.AbstractJavaProjectConfigurator - Adding resource folder /SpringCloudAdminServer/src/main/resources
2025-03-22 13:31:28,718 [Worker-201: Import Getting Started Content] INFO  o.e.m.j.i.AbstractJavaProjectConfigurator - Adding resource folder /SpringCloudAdminServer/src/main/resources
2025-03-22 13:31:28,723 [Worker-201: Import Getting Started Content] INFO  o.e.m.j.i.AbstractJavaProjectConfigurator - Adding source folder /SpringCloudAdminServer/src/test/java
2025-03-22 13:31:28,724 [Worker-201: Import Getting Started Content] INFO  o.e.m.j.i.AbstractJavaProjectConfigurator - Adding resource folder /SpringCloudAdminServer/src/test/resources
2025-03-22 13:31:28,744 [Worker-204: Download sources and javadoc] INFO  o.e.m.c.i.e.AbstractTransferListenerAdapter - Downloaded https://repo.maven.apache.org/maven2/io/netty/netty-handler/4.1.119.Final/netty-handler-4.1.119.Final-sources.jar
2025-03-22 13:31:28,750 [Worker-204: Download sources and javadoc] INFO  o.e.m.j.internal.DownloadSourcesJob - Downloaded sources for io.netty:netty-handler:4.1.119.Final
2025-03-22 13:31:28,834 [Worker-204: Download sources and javadoc] INFO  o.e.m.c.i.e.AbstractTransferListenerAdapter - Downloading https://repo.maven.apache.org/maven2/io/netty/netty-codec-http2/4.1.119.Final/netty-codec-http2-4.1.119.Final-sources.jar
2025-03-22 13:31:28,921 [Worker-204: Download sources and javadoc] INFO  o.e.m.c.i.e.AbstractTransferListenerAdapter - Downloaded https://repo.maven.apache.org/maven2/io/netty/netty-codec-http2/4.1.119.Final/netty-codec-http2-4.1.119.Final-sources.jar
2025-03-22 13:31:28,927 [Worker-204: Download sources and javadoc] INFO  o.e.m.j.internal.DownloadSourcesJob - Downloaded sources for io.netty:netty-codec-http2:4.1.119.Final
2025-03-22 13:31:29,024 [Worker-204: Download sources and javadoc] INFO  o.e.m.c.i.e.AbstractTransferListenerAdapter - Downloading https://repo.maven.apache.org/maven2/io/netty/netty-resolver-dns/4.1.119.Final/netty-resolver-dns-4.1.119.Final-sources.jar
2025-03-22 13:31:29,074 [Worker-204: Download sources and javadoc] INFO  o.e.m.c.i.e.AbstractTransferListenerAdapter - Downloaded https://repo.maven.apache.org/maven2/io/netty/netty-resolver-dns/4.1.119.Final/netty-resolver-dns-4.1.119.Final-sources.jar
2025-03-22 13:31:29,078 [Worker-204: Download sources and javadoc] INFO  o.e.m.j.internal.DownloadSourcesJob - Downloaded sources for io.netty:netty-resolver-dns:4.1.119.Final
2025-03-22 13:31:29,198 [Worker-204: Download sources and javadoc] INFO  o.e.m.c.i.e.AbstractTransferListenerAdapter - Downloading https://repo.maven.apache.org/maven2/io/netty/netty-resolver/4.1.119.Final/netty-resolver-4.1.119.Final-sources.jar
2025-03-22 13:31:29,203 [Worker-204: Download sources and javadoc] INFO  o.e.m.c.i.e.AbstractTransferListenerAdapter - Downloaded https://repo.maven.apache.org/maven2/io/netty/netty-resolver/4.1.119.Final/netty-resolver-4.1.119.Final-sources.jar
2025-03-22 13:31:29,206 [Worker-204: Download sources and javadoc] INFO  o.e.m.j.internal.DownloadSourcesJob - Downloaded sources for io.netty:netty-resolver:4.1.119.Final
2025-03-22 13:31:29,269 [Worker-201: Import Getting Started Content] INFO  o.e.m.c.i.p.ProjectConfigurationManager - Imported and configured 1 project(s) in 12 sec
2025-03-22 13:31:29,272 [Worker-201: Import Getting Started Content] INFO  o.e.m.c.i.p.ProjectConfigurationManager - Update started
2025-03-22 13:31:29,320 [Worker-204: Download sources and javadoc] INFO  o.e.m.c.i.e.AbstractTransferListenerAdapter - Downloading https://repo.maven.apache.org/maven2/io/netty/netty-codec-dns/4.1.119.Final/netty-codec-dns-4.1.119.Final-sources.jar
2025-03-22 13:31:29,351 [Worker-204: Download sources and javadoc] INFO  o.e.m.c.i.e.AbstractTransferListenerAdapter - Downloaded https://repo.maven.apache.org/maven2/io/netty/netty-codec-dns/4.1.119.Final/netty-codec-dns-4.1.119.Final-sources.jar
2025-03-22 13:31:29,357 [Worker-204: Download sources and javadoc] INFO  o.e.m.j.internal.DownloadSourcesJob - Downloaded sources for io.netty:netty-codec-dns:4.1.119.Final
2025-03-22 13:31:30,088 [Worker-201: Import Getting Started Content] INFO  o.e.m.c.i.l.LifecycleMappingFactory - Using org.eclipse.m2e.jdt.JarLifecycleMapping lifecycle mapping for MavenProject: com.example:SpringCloudAdminServer:0.0.1-SNAPSHOT @ C:\Users\prasa\eclipse-workspace\Micoservice-eclipse-workspace\SpringCloudAdminServer\pom.xml.
2025-03-22 13:31:30,189 [Worker-204: Download sources and javadoc] INFO  o.e.m.c.i.e.AbstractTransferListenerAdapter - Downloading https://repo.maven.apache.org/maven2/io/netty/netty-resolver-dns-native-macos/4.1.119.Final/netty-resolver-dns-native-macos-4.1.119.Final-sources.jar
2025-03-22 13:31:30,195 [Worker-204: Download sources and javadoc] INFO  o.e.m.c.i.e.AbstractTransferListenerAdapter - Downloaded https://repo.maven.apache.org/maven2/io/netty/netty-resolver-dns-native-macos/4.1.119.Final/netty-resolver-dns-native-macos-4.1.119.Final-sources.jar
2025-03-22 13:31:30,200 [Worker-204: Download sources and javadoc] INFO  o.e.m.j.internal.DownloadSourcesJob - Downloaded sources for io.netty:netty-resolver-dns-native-macos:4.1.119.Finalosx-x86_64
2025-03-22 13:31:30,279 [Worker-204: Download sources and javadoc] INFO  o.e.m.c.i.e.AbstractTransferListenerAdapter - Downloading https://repo.maven.apache.org/maven2/io/netty/netty-resolver-dns-classes-macos/4.1.119.Final/netty-resolver-dns-classes-macos-4.1.119.Final-sources.jar
2025-03-22 13:31:30,284 [Worker-204: Download sources and javadoc] INFO  o.e.m.c.i.e.AbstractTransferListenerAdapter - Downloaded https://repo.maven.apache.org/maven2/io/netty/netty-resolver-dns-classes-macos/4.1.119.Final/netty-resolver-dns-classes-macos-4.1.119.Final-sources.jar
2025-03-22 13:31:30,287 [Worker-204: Download sources and javadoc] INFO  o.e.m.j.internal.DownloadSourcesJob - Downloaded sources for io.netty:netty-resolver-dns-classes-macos:4.1.119.Final
2025-03-22 13:31:30,368 [Worker-204: Download sources and javadoc] INFO  o.e.m.c.i.e.AbstractTransferListenerAdapter - Downloading https://repo.maven.apache.org/maven2/io/netty/netty-transport-native-epoll/4.1.119.Final/netty-transport-native-epoll-4.1.119.Final-sources.jar
2025-03-22 13:31:30,377 [Worker-204: Download sources and javadoc] INFO  o.e.m.c.i.e.AbstractTransferListenerAdapter - Downloaded https://repo.maven.apache.org/maven2/io/netty/netty-transport-native-epoll/4.1.119.Final/netty-transport-native-epoll-4.1.119.Final-sources.jar
2025-03-22 13:31:30,386 [Worker-204: Download sources and javadoc] INFO  o.e.m.j.internal.DownloadSourcesJob - Downloaded sources for io.netty:netty-transport-native-epoll:4.1.119.Finallinux-x86_64
2025-03-22 13:31:30,478 [Worker-204: Download sources and javadoc] INFO  o.e.m.c.i.e.AbstractTransferListenerAdapter - Downloading https://repo.maven.apache.org/maven2/io/netty/netty-transport-native-unix-common/4.1.119.Final/netty-transport-native-unix-common-4.1.119.Final-sources.jar
2025-03-22 13:31:30,520 [Worker-204: Download sources and javadoc] INFO  o.e.m.c.i.e.AbstractTransferListenerAdapter - Downloaded https://repo.maven.apache.org/maven2/io/netty/netty-transport-native-unix-common/4.1.119.Final/netty-transport-native-unix-common-4.1.119.Final-sources.jar
2025-03-22 13:31:30,527 [Worker-204: Download sources and javadoc] INFO  o.e.m.j.internal.DownloadSourcesJob - Downloaded sources for io.netty:netty-transport-native-unix-common:4.1.119.Final
2025-03-22 13:31:30,622 [Worker-204: Download sources and javadoc] INFO  o.e.m.c.i.e.AbstractTransferListenerAdapter - Downloading https://repo.maven.apache.org/maven2/io/netty/netty-transport-classes-epoll/4.1.119.Final/netty-transport-classes-epoll-4.1.119.Final-sources.jar
2025-03-22 13:31:30,663 [Worker-204: Download sources and javadoc] INFO  o.e.m.c.i.e.AbstractTransferListenerAdapter - Downloaded https://repo.maven.apache.org/maven2/io/netty/netty-transport-classes-epoll/4.1.119.Final/netty-transport-classes-epoll-4.1.119.Final-sources.jar
2025-03-22 13:31:30,672 [Worker-204: Download sources and javadoc] INFO  o.e.m.j.internal.DownloadSourcesJob - Downloaded sources for io.netty:netty-transport-classes-epoll:4.1.119.Final
2025-03-22 13:31:30,772 [Worker-204: Download sources and javadoc] INFO  o.e.m.c.i.e.AbstractTransferListenerAdapter - Downloading https://repo.maven.apache.org/maven2/io/projectreactor/netty/reactor-netty-core/1.2.4/reactor-netty-core-1.2.4-sources.jar
2025-03-22 13:31:30,846 [Worker-204: Download sources and javadoc] INFO  o.e.m.c.i.e.AbstractTransferListenerAdapter - Downloaded https://repo.maven.apache.org/maven2/io/projectreactor/netty/reactor-netty-core/1.2.4/reactor-netty-core-1.2.4-sources.jar
2025-03-22 13:31:30,855 [Worker-204: Download sources and javadoc] INFO  o.e.m.j.internal.DownloadSourcesJob - Downloaded sources for io.projectreactor.netty:reactor-netty-core:1.2.4
2025-03-22 13:31:30,972 [Worker-204: Download sources and javadoc] INFO  o.e.m.c.i.e.AbstractTransferListenerAdapter - Downloading https://repo.maven.apache.org/maven2/io/netty/netty-handler-proxy/4.1.119.Final/netty-handler-proxy-4.1.119.Final-sources.jar
2025-03-22 13:31:30,984 [Worker-204: Download sources and javadoc] INFO  o.e.m.c.i.e.AbstractTransferListenerAdapter - Downloaded https://repo.maven.apache.org/maven2/io/netty/netty-handler-proxy/4.1.119.Final/netty-handler-proxy-4.1.119.Final-sources.jar
2025-03-22 13:31:30,993 [Worker-204: Download sources and javadoc] INFO  o.e.m.j.internal.DownloadSourcesJob - Downloaded sources for io.netty:netty-handler-proxy:4.1.119.Final
2025-03-22 13:31:31,101 [Worker-204: Download sources and javadoc] INFO  o.e.m.c.i.e.AbstractTransferListenerAdapter - Downloading https://repo.maven.apache.org/maven2/io/netty/netty-codec-socks/4.1.119.Final/netty-codec-socks-4.1.119.Final-sources.jar
2025-03-22 13:31:31,137 [Worker-204: Download sources and javadoc] INFO  o.e.m.c.i.e.AbstractTransferListenerAdapter - Downloaded https://repo.maven.apache.org/maven2/io/netty/netty-codec-socks/4.1.119.Final/netty-codec-socks-4.1.119.Final-sources.jar
2025-03-22 13:31:31,145 [Worker-204: Download sources and javadoc] INFO  o.e.m.j.internal.DownloadSourcesJob - Downloaded sources for io.netty:netty-codec-socks:4.1.119.Final
2025-03-22 13:31:31,257 [Worker-204: Download sources and javadoc] INFO  o.e.m.c.i.e.AbstractTransferListenerAdapter - Downloading https://repo.maven.apache.org/maven2/org/springframework/spring-webflux/6.2.5/spring-webflux-6.2.5-sources.jar
2025-03-22 13:31:31,370 [Worker-204: Download sources and javadoc] INFO  o.e.m.c.i.e.AbstractTransferListenerAdapter - Downloaded https://repo.maven.apache.org/maven2/org/springframework/spring-webflux/6.2.5/spring-webflux-6.2.5-sources.jar
2025-03-22 13:31:31,381 [Worker-204: Download sources and javadoc] INFO  o.e.m.j.internal.DownloadSourcesJob - Downloaded sources for org.springframework:spring-webflux:6.2.5
2025-03-22 13:31:31,388 [Worker-201: Import Getting Started Content] INFO  o.e.m.j.i.AbstractJavaProjectConfigurator - Adding source folder /SpringCloudAdminServer/src/main/java
2025-03-22 13:31:31,391 [Worker-201: Import Getting Started Content] INFO  o.e.m.j.i.AbstractJavaProjectConfigurator - Adding resource folder /SpringCloudAdminServer/src/main/resources
2025-03-22 13:31:31,393 [Worker-201: Import Getting Started Content] INFO  o.e.m.j.i.AbstractJavaProjectConfigurator - Adding resource folder /SpringCloudAdminServer/src/main/resources
2025-03-22 13:31:31,394 [Worker-201: Import Getting Started Content] INFO  o.e.m.j.i.AbstractJavaProjectConfigurator - Adding source folder /SpringCloudAdminServer/src/test/java
2025-03-22 13:31:31,397 [Worker-201: Import Getting Started Content] INFO  o.e.m.j.i.AbstractJavaProjectConfigurator - Adding resource folder /SpringCloudAdminServer/src/test/resources
2025-03-22 13:31:31,493 [Worker-204: Download sources and javadoc] INFO  o.e.m.c.i.e.AbstractTransferListenerAdapter - Downloading https://repo.maven.apache.org/maven2/org/springframework/boot/spring-boot-starter-thymeleaf/3.4.4/spring-boot-starter-thymeleaf-3.4.4-sources.jar
2025-03-22 13:31:31,503 [Worker-204: Download sources and javadoc] INFO  o.e.m.c.i.e.AbstractTransferListenerAdapter - Downloaded https://repo.maven.apache.org/maven2/org/springframework/boot/spring-boot-starter-thymeleaf/3.4.4/spring-boot-starter-thymeleaf-3.4.4-sources.jar
2025-03-22 13:31:31,512 [Worker-204: Download sources and javadoc] INFO  o.e.m.j.internal.DownloadSourcesJob - Downloaded sources for org.springframework.boot:spring-boot-starter-thymeleaf:3.4.4
2025-03-22 13:31:31,636 [Worker-204: Download sources and javadoc] INFO  o.e.m.c.i.e.AbstractTransferListenerAdapter - Downloading https://repo.maven.apache.org/maven2/org/thymeleaf/thymeleaf-spring6/3.1.3.RELEASE/thymeleaf-spring6-3.1.3.RELEASE-sources.jar
2025-03-22 13:31:31,680 [Worker-204: Download sources and javadoc] INFO  o.e.m.c.i.e.AbstractTransferListenerAdapter - Downloaded https://repo.maven.apache.org/maven2/org/thymeleaf/thymeleaf-spring6/3.1.3.RELEASE/thymeleaf-spring6-3.1.3.RELEASE-sources.jar
2025-03-22 13:31:31,687 [Worker-204: Download sources and javadoc] INFO  o.e.m.j.internal.DownloadSourcesJob - Downloaded sources for org.thymeleaf:thymeleaf-spring6:3.1.3.RELEASE
2025-03-22 13:31:31,787 [Worker-204: Download sources and javadoc] INFO  o.e.m.c.i.e.AbstractTransferListenerAdapter - Downloading https://repo.maven.apache.org/maven2/org/thymeleaf/thymeleaf/3.1.3.RELEASE/thymeleaf-3.1.3.RELEASE-sources.jar
2025-03-22 13:31:31,912 [Worker-204: Download sources and javadoc] INFO  o.e.m.c.i.e.AbstractTransferListenerAdapter - Downloaded https://repo.maven.apache.org/maven2/org/thymeleaf/thymeleaf/3.1.3.RELEASE/thymeleaf-3.1.3.RELEASE-sources.jar
2025-03-22 13:31:31,918 [Worker-204: Download sources and javadoc] INFO  o.e.m.j.internal.DownloadSourcesJob - Downloaded sources for org.thymeleaf:thymeleaf:3.1.3.RELEASE
2025-03-22 13:31:32,003 [Worker-204: Download sources and javadoc] INFO  o.e.m.c.i.e.AbstractTransferListenerAdapter - Downloading https://repo.maven.apache.org/maven2/org/attoparser/attoparser/2.0.7.RELEASE/attoparser-2.0.7.RELEASE-sources.jar
2025-03-22 13:31:32,070 [Worker-204: Download sources and javadoc] INFO  o.e.m.c.i.e.AbstractTransferListenerAdapter - Downloaded https://repo.maven.apache.org/maven2/org/attoparser/attoparser/2.0.7.RELEASE/attoparser-2.0.7.RELEASE-sources.jar
2025-03-22 13:31:32,075 [Worker-204: Download sources and javadoc] INFO  o.e.m.j.internal.DownloadSourcesJob - Downloaded sources for org.attoparser:attoparser:2.0.7.RELEASE
2025-03-22 13:31:32,166 [Worker-204: Download sources and javadoc] INFO  o.e.m.c.i.e.AbstractTransferListenerAdapter - Downloading https://repo.maven.apache.org/maven2/org/unbescape/unbescape/1.1.6.RELEASE/unbescape-1.1.6.RELEASE-sources.jar
2025-03-22 13:31:32,226 [Worker-204: Download sources and javadoc] INFO  o.e.m.c.i.e.AbstractTransferListenerAdapter - Downloaded https://repo.maven.apache.org/maven2/org/unbescape/unbescape/1.1.6.RELEASE/unbescape-1.1.6.RELEASE-sources.jar
2025-03-22 13:31:32,228 [Worker-201: Import Getting Started Content] INFO  o.e.m.c.i.p.ProjectConfigurationManager - Update completed for 1 poms: local refresh takes 0.00 sec, refresh facades takes 1.00 sec, update config takes 0.00 sec 
2025-03-22 13:31:32,232 [Worker-204: Download sources and javadoc] INFO  o.e.m.j.internal.DownloadSourcesJob - Downloaded sources for org.unbescape:unbescape:1.1.6.RELEASE
2025-03-22 13:31:32,305 [Worker-201: Updating Maven Project] INFO  o.e.m.c.i.p.ProjectConfigurationManager - Update started
2025-03-22 13:31:32,321 [Worker-204: Download sources and javadoc] INFO  o.e.m.c.i.e.AbstractTransferListenerAdapter - Downloading https://repo.maven.apache.org/maven2/de/codecentric/spring-boot-admin-server-ui/3.4.5/spring-boot-admin-server-ui-3.4.5-sources.jar
2025-03-22 13:31:32,559 [Worker-204: Download sources and javadoc] INFO  o.e.m.c.i.e.AbstractTransferListenerAdapter - Downloaded https://repo.maven.apache.org/maven2/de/codecentric/spring-boot-admin-server-ui/3.4.5/spring-boot-admin-server-ui-3.4.5-sources.jar
2025-03-22 13:31:32,564 [Worker-204: Download sources and javadoc] INFO  o.e.m.j.internal.DownloadSourcesJob - Downloaded sources for de.codecentric:spring-boot-admin-server-ui:3.4.5
2025-03-22 13:31:33,377 [Worker-201: Updating Maven Project] INFO  o.e.m.c.i.l.LifecycleMappingFactory - Using org.eclipse.m2e.jdt.JarLifecycleMapping lifecycle mapping for MavenProject: com.example:SpringCloudAdminServer:0.0.1-SNAPSHOT @ C:\Users\prasa\eclipse-workspace\Micoservice-eclipse-workspace\SpringCloudAdminServer\pom.xml.
2025-03-22 13:31:33,414 [Worker-204: Download sources and javadoc] INFO  o.e.m.c.i.e.AbstractTransferListenerAdapter - Downloading https://repo.maven.apache.org/maven2/de/codecentric/spring-boot-admin-server-cloud/3.4.5/spring-boot-admin-server-cloud-3.4.5-sources.jar
2025-03-22 13:31:33,421 [Worker-204: Download sources and javadoc] INFO  o.e.m.c.i.e.AbstractTransferListenerAdapter - Downloaded https://repo.maven.apache.org/maven2/de/codecentric/spring-boot-admin-server-cloud/3.4.5/spring-boot-admin-server-cloud-3.4.5-sources.jar
2025-03-22 13:31:33,426 [Worker-204: Download sources and javadoc] INFO  o.e.m.j.internal.DownloadSourcesJob - Downloaded sources for de.codecentric:spring-boot-admin-server-cloud:3.4.5
2025-03-22 13:31:34,011 [Worker-201: Updating Maven Project] INFO  o.e.m.j.i.AbstractJavaProjectConfigurator - Adding source folder /SpringCloudAdminServer/src/main/java
2025-03-22 13:31:34,012 [Worker-201: Updating Maven Project] INFO  o.e.m.j.i.AbstractJavaProjectConfigurator - Adding resource folder /SpringCloudAdminServer/src/main/resources
2025-03-22 13:31:34,013 [Worker-201: Updating Maven Project] INFO  o.e.m.j.i.AbstractJavaProjectConfigurator - Adding resource folder /SpringCloudAdminServer/src/main/resources
2025-03-22 13:31:34,013 [Worker-201: Updating Maven Project] INFO  o.e.m.j.i.AbstractJavaProjectConfigurator - Adding source folder /SpringCloudAdminServer/src/test/java
2025-03-22 13:31:34,014 [Worker-201: Updating Maven Project] INFO  o.e.m.j.i.AbstractJavaProjectConfigurator - Adding resource folder /SpringCloudAdminServer/src/test/resources
2025-03-22 13:31:34,397 [Worker-201: Updating Maven Project] INFO  o.e.m.c.i.p.ProjectConfigurationManager - Update completed for 1 poms: local refresh takes 0.00 sec, refresh facades takes 1.00 sec, update config takes 0.00 sec 
2025-03-22 13:31:35,175 [Worker-205: Building] INFO  o.a.m.s.f.DefaultMavenResourcesFiltering - Copying 1 resource from src\main\resources to target\classes
2025-03-22 13:31:35,193 [Worker-205: Building] INFO  o.a.m.s.f.DefaultMavenResourcesFiltering - Copying 0 resource from src\main\resources to target\classes
2025-03-22 13:31:35,198 [Worker-205: Building] INFO  o.a.m.s.f.DefaultMavenResourcesFiltering - skip non existing resourceDirectory C:\Users\prasa\eclipse-workspace\Micoservice-eclipse-workspace\SpringCloudAdminServer\src\test\resources
2025-03-22 13:32:15,420 [Worker-209: Building] INFO  o.a.m.s.f.DefaultMavenResourcesFiltering - Copying 1 resource from src\main\resources to target\classes
2025-03-22 13:32:15,426 [Worker-209: Building] INFO  o.a.m.s.f.DefaultMavenResourcesFiltering - Copying 0 resource from src\main\resources to target\classes
2025-03-22 13:32:15,429 [Worker-209: Building] INFO  o.a.m.s.f.DefaultMavenResourcesFiltering - skip non existing resourceDirectory C:\Users\prasa\eclipse-workspace\Micoservice-eclipse-workspace\SpringCloudAdminServer\src\test\resources
2025-03-22 13:32:35,550 [Worker-208: Building] INFO  o.a.m.s.f.DefaultMavenResourcesFiltering - Copying 1 resource from src\main\resources to target\classes
2025-03-22 13:32:35,555 [Worker-208: Building] INFO  o.a.m.s.f.DefaultMavenResourcesFiltering - Copying 0 resource from src\main\resources to target\classes
2025-03-22 13:32:35,557 [Worker-208: Building] INFO  o.a.m.s.f.DefaultMavenResourcesFiltering - skip non existing resourceDirectory C:\Users\prasa\eclipse-workspace\Micoservice-eclipse-workspace\SpringCloudAdminServer\src\test\resources
2025-03-22 13:33:18,451 [Worker-205: Building] INFO  o.a.m.s.f.DefaultMavenResourcesFiltering - Copying 1 resource from src\main\resources to target\classes
2025-03-22 13:33:18,457 [Worker-205: Building] INFO  o.a.m.s.f.DefaultMavenResourcesFiltering - Copying 0 resource from src\main\resources to target\classes
2025-03-22 13:33:18,459 [Worker-205: Building] INFO  o.a.m.s.f.DefaultMavenResourcesFiltering - skip non existing resourceDirectory C:\Users\prasa\eclipse-workspace\Micoservice-eclipse-workspace\SimpleFeignClient\src\test\resources
2025-03-22 13:34:41,194 [Worker-209: Building] INFO  o.a.m.s.f.DefaultMavenResourcesFiltering - Copying 1 resource from src\main\resources to target\classes
2025-03-22 13:34:41,200 [Worker-209: Building] INFO  o.a.m.s.f.DefaultMavenResourcesFiltering - Copying 0 resource from src\main\resources to target\classes
2025-03-22 13:34:41,202 [Worker-209: Building] INFO  o.a.m.s.f.DefaultMavenResourcesFiltering - skip non existing resourceDirectory C:\Users\prasa\eclipse-workspace\Micoservice-eclipse-workspace\SimpleFeignClient\src\test\resources
2025-03-22 13:37:09,124 [Worker-207: Download sources and javadoc] INFO  o.e.m.c.i.e.AbstractTransferListenerAdapter - Downloaded https://repo.maven.apache.org/maven2/de/codecentric/spring-boot-admin-starter-server/3.4.5/spring-boot-admin-starter-server-3.4.5-javadoc.jar
2025-03-22 13:37:09,127 [Worker-207: Download sources and javadoc] ERROR o.e.m.j.internal.DownloadSourcesJob - Could not download javadoc for de.codecentric:spring-boot-admin-starter-server:3.4.5
org.eclipse.core.runtime.CoreException: Could not resolve artifact de.codecentric:spring-boot-admin-starter-server:jar:javadoc:3.4.5
	at org.eclipse.m2e.core.internal.embedder.MavenImpl.lambda$7(MavenImpl.java:540)
	at org.eclipse.m2e.core.internal.embedder.MavenExecutionContext.executeBare(MavenExecutionContext.java:458)
	at org.eclipse.m2e.core.internal.embedder.MavenExecutionContext.execute(MavenExecutionContext.java:292)
	at org.eclipse.m2e.core.internal.embedder.MavenExecutionContext.execute(MavenExecutionContext.java:278)
	at org.eclipse.m2e.core.internal.embedder.MavenImpl.resolve(MavenImpl.java:509)
	at org.eclipse.m2e.core.internal.embedder.MavenImpl.resolve(MavenImpl.java:494)
	at org.eclipse.m2e.jdt.internal.DownloadSourcesJob.download(DownloadSourcesJob.java:308)
	at org.eclipse.m2e.jdt.internal.DownloadSourcesJob.downloadAttachments(DownloadSourcesJob.java:294)
	at org.eclipse.m2e.jdt.internal.DownloadSourcesJob.downloadMaven(DownloadSourcesJob.java:252)
	at org.eclipse.m2e.jdt.internal.DownloadSourcesJob.downloadFilesAndPopulateToUpdate(DownloadSourcesJob.java:220)
	at org.eclipse.m2e.jdt.internal.DownloadSourcesJob.lambda$0(DownloadSourcesJob.java:149)
	at org.eclipse.m2e.core.internal.embedder.MavenExecutionContext.executeBare(MavenExecutionContext.java:458)
	at org.eclipse.m2e.core.internal.embedder.MavenExecutionContext.execute(MavenExecutionContext.java:339)
	at org.eclipse.m2e.core.internal.embedder.MavenExecutionContext.execute(MavenExecutionContext.java:278)
	at org.eclipse.m2e.core.embedder.IMaven.execute(IMaven.java:300)
	at org.eclipse.m2e.jdt.internal.DownloadSourcesJob.run(DownloadSourcesJob.java:149)
	at org.eclipse.core.internal.jobs.Worker.run(Worker.java:63)
2025-03-22 13:46:08,042 [Worker-211: Building] INFO  o.a.m.s.f.DefaultMavenResourcesFiltering - Copying 1 resource from src\main\resources to target\classes
2025-03-22 13:46:08,058 [Worker-211: Building] INFO  o.a.m.s.f.DefaultMavenResourcesFiltering - Copying 0 resource from src\main\resources to target\classes
2025-03-22 13:46:08,061 [Worker-211: Building] INFO  o.a.m.s.f.DefaultMavenResourcesFiltering - skip non existing resourceDirectory C:\Users\prasa\eclipse-workspace\Micoservice-eclipse-workspace\ConfigClientWithActuator\src\test\resources
2025-03-22 13:46:09,618 [Worker-211: Building] INFO  o.a.m.s.f.DefaultMavenResourcesFiltering - Copying 1 resource from src\main\resources to target\classes
2025-03-22 13:46:09,633 [Worker-211: Building] INFO  o.a.m.s.f.DefaultMavenResourcesFiltering - Copying 0 resource from src\main\resources to target\classes
2025-03-22 13:46:09,636 [Worker-211: Building] INFO  o.a.m.s.f.DefaultMavenResourcesFiltering - skip non existing resourceDirectory C:\Users\prasa\eclipse-workspace\Micoservice-eclipse-workspace\SimpleFeignClient\src\test\resources
2025-03-22 13:47:23,728 [Worker-202: Building] INFO  o.a.m.s.f.DefaultMavenResourcesFiltering - Copying 1 resource from src\main\resources to target\classes
2025-03-22 13:47:23,742 [Worker-202: Building] INFO  o.a.m.s.f.DefaultMavenResourcesFiltering - Copying 0 resource from src\main\resources to target\classes
2025-03-22 13:47:23,745 [Worker-202: Building] INFO  o.a.m.s.f.DefaultMavenResourcesFiltering - skip non existing resourceDirectory C:\Users\prasa\eclipse-workspace\Micoservice-eclipse-workspace\SpringCloudConfigServer\src\test\resources
2025-03-22 13:48:24,736 [Worker-202: Building] INFO  o.a.m.s.f.DefaultMavenResourcesFiltering - Copying 1 resource from src\main\resources to target\classes
2025-03-22 13:48:24,746 [Worker-202: Building] INFO  o.a.m.s.f.DefaultMavenResourcesFiltering - Copying 0 resource from src\main\resources to target\classes
2025-03-22 13:48:24,748 [Worker-202: Building] INFO  o.a.m.s.f.DefaultMavenResourcesFiltering - skip non existing resourceDirectory C:\Users\prasa\eclipse-workspace\Micoservice-eclipse-workspace\SpringCloudConfigServer\src\test\resources
2025-03-22 13:50:55,351 [Worker-218: Building] INFO  o.a.m.s.f.DefaultMavenResourcesFiltering - Copying 0 resource from src\main\resources to target\classes
2025-03-22 13:50:55,354 [Worker-218: Building] INFO  o.a.m.s.f.DefaultMavenResourcesFiltering - Copying 0 resource from src\main\resources to target\classes
2025-03-22 13:50:55,357 [Worker-218: Building] INFO  o.a.m.s.f.DefaultMavenResourcesFiltering - skip non existing resourceDirectory C:\Users\prasa\eclipse-workspace\Micoservice-eclipse-workspace\SpringCloudConfigServer\src\test\resources
2025-03-24 09:56:41,447 [Worker-272: Import Getting Started Content] INFO  o.e.m.c.i.l.LifecycleMappingFactory - Using org.eclipse.m2e.jdt.JarLifecycleMapping lifecycle mapping for MavenProject: com.example:SpringProviderApp-MQ:0.0.1-SNAPSHOT @ C:\Users\prasa\eclipse-workspace\Micoservice-eclipse-workspace\SpringProviderApp-MQ\pom.xml.
2025-03-24 09:56:41,567 [Worker-272: Import Getting Started Content] INFO  o.e.m.c.i.e.AbstractTransferListenerAdapter - Downloading https://repo.maven.apache.org/maven2/org/springframework/boot/spring-boot-starter-activemq/3.4.4/spring-boot-starter-activemq-3.4.4.pom
2025-03-24 09:56:41,570 [Worker-272: Import Getting Started Content] INFO  o.e.m.c.i.e.AbstractTransferListenerAdapter - Downloaded https://repo.maven.apache.org/maven2/org/springframework/boot/spring-boot-starter-activemq/3.4.4/spring-boot-starter-activemq-3.4.4.pom
2025-03-24 09:56:41,668 [Worker-272: Import Getting Started Content] INFO  o.e.m.c.i.e.AbstractTransferListenerAdapter - Downloading https://repo.maven.apache.org/maven2/org/springframework/spring-jms/6.2.5/spring-jms-6.2.5.pom
2025-03-24 09:56:41,672 [Worker-272: Import Getting Started Content] INFO  o.e.m.c.i.e.AbstractTransferListenerAdapter - Downloaded https://repo.maven.apache.org/maven2/org/springframework/spring-jms/6.2.5/spring-jms-6.2.5.pom
2025-03-24 09:56:41,699 [Worker-272: Import Getting Started Content] INFO  o.e.m.c.i.e.AbstractTransferListenerAdapter - Downloading https://repo.maven.apache.org/maven2/org/springframework/spring-messaging/6.2.5/spring-messaging-6.2.5.pom
2025-03-24 09:56:41,702 [Worker-272: Import Getting Started Content] INFO  o.e.m.c.i.e.AbstractTransferListenerAdapter - Downloaded https://repo.maven.apache.org/maven2/org/springframework/spring-messaging/6.2.5/spring-messaging-6.2.5.pom
2025-03-24 09:56:41,728 [Worker-272: Import Getting Started Content] INFO  o.e.m.c.i.e.AbstractTransferListenerAdapter - Downloading https://repo.maven.apache.org/maven2/org/springframework/spring-tx/6.2.5/spring-tx-6.2.5.pom
2025-03-24 09:56:41,732 [Worker-272: Import Getting Started Content] INFO  o.e.m.c.i.e.AbstractTransferListenerAdapter - Downloaded https://repo.maven.apache.org/maven2/org/springframework/spring-tx/6.2.5/spring-tx-6.2.5.pom
2025-03-24 09:56:41,764 [Worker-272: Import Getting Started Content] INFO  o.e.m.c.i.e.AbstractTransferListenerAdapter - Downloading https://repo.maven.apache.org/maven2/org/apache/activemq/activemq-client/6.1.6/activemq-client-6.1.6.pom
2025-03-24 09:56:41,768 [Worker-272: Import Getting Started Content] INFO  o.e.m.c.i.e.AbstractTransferListenerAdapter - Downloaded https://repo.maven.apache.org/maven2/org/apache/activemq/activemq-client/6.1.6/activemq-client-6.1.6.pom
2025-03-24 09:56:41,795 [Worker-272: Import Getting Started Content] INFO  o.e.m.c.i.e.AbstractTransferListenerAdapter - Downloading https://repo.maven.apache.org/maven2/org/apache/activemq/activemq-parent/6.1.6/activemq-parent-6.1.6.pom
2025-03-24 09:56:41,822 [Worker-272: Import Getting Started Content] INFO  o.e.m.c.i.e.AbstractTransferListenerAdapter - Downloaded https://repo.maven.apache.org/maven2/org/apache/activemq/activemq-parent/6.1.6/activemq-parent-6.1.6.pom
2025-03-24 09:56:41,852 [Worker-272: Import Getting Started Content] INFO  o.e.m.c.i.e.AbstractTransferListenerAdapter - Downloading https://repo.maven.apache.org/maven2/org/apache/camel/camel-bom/4.8.3/camel-bom-4.8.3.pom
2025-03-24 09:56:41,862 [Worker-272: Import Getting Started Content] INFO  o.e.m.c.i.e.AbstractTransferListenerAdapter - Downloaded https://repo.maven.apache.org/maven2/org/apache/camel/camel-bom/4.8.3/camel-bom-4.8.3.pom
2025-03-24 09:56:41,890 [Worker-272: Import Getting Started Content] INFO  o.e.m.c.i.e.AbstractTransferListenerAdapter - Downloading https://repo.maven.apache.org/maven2/org/apache/camel/camel/4.8.3/camel-4.8.3.pom
2025-03-24 09:56:41,893 [Worker-272: Import Getting Started Content] INFO  o.e.m.c.i.e.AbstractTransferListenerAdapter - Downloaded https://repo.maven.apache.org/maven2/org/apache/camel/camel/4.8.3/camel-4.8.3.pom
2025-03-24 09:56:41,922 [Worker-272: Import Getting Started Content] INFO  o.e.m.c.i.e.AbstractTransferListenerAdapter - Downloading https://repo.maven.apache.org/maven2/org/eclipse/jetty/jetty-bom/11.0.24/jetty-bom-11.0.24.pom
2025-03-24 09:56:41,925 [Worker-272: Import Getting Started Content] INFO  o.e.m.c.i.e.AbstractTransferListenerAdapter - Downloaded https://repo.maven.apache.org/maven2/org/eclipse/jetty/jetty-bom/11.0.24/jetty-bom-11.0.24.pom
2025-03-24 09:56:41,955 [Worker-272: Import Getting Started Content] INFO  o.e.m.c.i.e.AbstractTransferListenerAdapter - Downloading https://repo.maven.apache.org/maven2/jakarta/jms/jakarta.jms-api/3.1.0/jakarta.jms-api-3.1.0.pom
2025-03-24 09:56:41,959 [Worker-272: Import Getting Started Content] INFO  o.e.m.c.i.e.AbstractTransferListenerAdapter - Downloaded https://repo.maven.apache.org/maven2/jakarta/jms/jakarta.jms-api/3.1.0/jakarta.jms-api-3.1.0.pom
2025-03-24 09:56:41,986 [Worker-272: Import Getting Started Content] INFO  o.e.m.c.i.e.AbstractTransferListenerAdapter - Downloading https://repo.maven.apache.org/maven2/org/fusesource/hawtbuf/hawtbuf/1.11/hawtbuf-1.11.pom
2025-03-24 09:56:41,988 [Worker-272: Import Getting Started Content] INFO  o.e.m.c.i.e.AbstractTransferListenerAdapter - Downloaded https://repo.maven.apache.org/maven2/org/fusesource/hawtbuf/hawtbuf/1.11/hawtbuf-1.11.pom
2025-03-24 09:56:42,015 [Worker-272: Import Getting Started Content] INFO  o.e.m.c.i.e.AbstractTransferListenerAdapter - Downloading https://repo.maven.apache.org/maven2/org/fusesource/hawtbuf/hawtbuf-project/1.11/hawtbuf-project-1.11.pom
2025-03-24 09:56:42,018 [Worker-272: Import Getting Started Content] INFO  o.e.m.c.i.e.AbstractTransferListenerAdapter - Downloaded https://repo.maven.apache.org/maven2/org/fusesource/hawtbuf/hawtbuf-project/1.11/hawtbuf-project-1.11.pom
2025-03-24 09:56:42,044 [Worker-272: Import Getting Started Content] INFO  o.e.m.c.i.e.AbstractTransferListenerAdapter - Downloading https://repo.maven.apache.org/maven2/org/fusesource/fusesource-pom/1.10/fusesource-pom-1.10.pom
2025-03-24 09:56:42,048 [Worker-272: Import Getting Started Content] INFO  o.e.m.c.i.e.AbstractTransferListenerAdapter - Downloaded https://repo.maven.apache.org/maven2/org/fusesource/fusesource-pom/1.10/fusesource-pom-1.10.pom
2025-03-24 09:56:42,186 [Worker-272: Import Getting Started Content] INFO  o.e.m.c.i.e.AbstractTransferListenerAdapter - Downloading https://repo.maven.apache.org/maven2/org/springframework/boot/spring-boot-starter-activemq/3.4.4/spring-boot-starter-activemq-3.4.4.jar
2025-03-24 09:56:42,189 [Worker-272: Import Getting Started Content] INFO  o.e.m.c.i.e.AbstractTransferListenerAdapter - Downloaded https://repo.maven.apache.org/maven2/org/springframework/boot/spring-boot-starter-activemq/3.4.4/spring-boot-starter-activemq-3.4.4.jar
2025-03-24 09:56:42,214 [BasicRepositoryConnector-repo.maven.apache.org-5-0] INFO  o.e.m.c.i.e.AbstractTransferListenerAdapter - Downloading https://repo.maven.apache.org/maven2/org/springframework/spring-jms/6.2.5/spring-jms-6.2.5.jar
2025-03-24 09:56:42,246 [BasicRepositoryConnector-repo.maven.apache.org-5-0] INFO  o.e.m.c.i.e.AbstractTransferListenerAdapter - Downloaded https://repo.maven.apache.org/maven2/org/springframework/spring-jms/6.2.5/spring-jms-6.2.5.jar
2025-03-24 09:56:42,262 [BasicRepositoryConnector-repo.maven.apache.org-5-2] INFO  o.e.m.c.i.e.AbstractTransferListenerAdapter - Downloading https://repo.maven.apache.org/maven2/org/springframework/spring-tx/6.2.5/spring-tx-6.2.5.jar
2025-03-24 09:56:42,264 [BasicRepositoryConnector-repo.maven.apache.org-5-4] INFO  o.e.m.c.i.e.AbstractTransferListenerAdapter - Downloading https://repo.maven.apache.org/maven2/jakarta/jms/jakarta.jms-api/3.1.0/jakarta.jms-api-3.1.0.jar
2025-03-24 09:56:42,266 [BasicRepositoryConnector-repo.maven.apache.org-5-3] INFO  o.e.m.c.i.e.AbstractTransferListenerAdapter - Downloading https://repo.maven.apache.org/maven2/org/apache/activemq/activemq-client/6.1.6/activemq-client-6.1.6.jar
2025-03-24 09:56:42,267 [BasicRepositoryConnector-repo.maven.apache.org-5-1] INFO  o.e.m.c.i.e.AbstractTransferListenerAdapter - Downloading https://repo.maven.apache.org/maven2/org/springframework/spring-messaging/6.2.5/spring-messaging-6.2.5.jar
2025-03-24 09:56:42,268 [BasicRepositoryConnector-repo.maven.apache.org-5-0] INFO  o.e.m.c.i.e.AbstractTransferListenerAdapter - Downloading https://repo.maven.apache.org/maven2/org/fusesource/hawtbuf/hawtbuf/1.11/hawtbuf-1.11.jar
2025-03-24 09:56:42,271 [BasicRepositoryConnector-repo.maven.apache.org-5-0] INFO  o.e.m.c.i.e.AbstractTransferListenerAdapter - Downloaded https://repo.maven.apache.org/maven2/org/fusesource/hawtbuf/hawtbuf/1.11/hawtbuf-1.11.jar
2025-03-24 09:56:42,291 [BasicRepositoryConnector-repo.maven.apache.org-5-4] INFO  o.e.m.c.i.e.AbstractTransferListenerAdapter - Downloaded https://repo.maven.apache.org/maven2/jakarta/jms/jakarta.jms-api/3.1.0/jakarta.jms-api-3.1.0.jar
2025-03-24 09:56:42,332 [BasicRepositoryConnector-repo.maven.apache.org-5-2] INFO  o.e.m.c.i.e.AbstractTransferListenerAdapter - Downloaded https://repo.maven.apache.org/maven2/org/springframework/spring-tx/6.2.5/spring-tx-6.2.5.jar
2025-03-24 09:56:42,364 [BasicRepositoryConnector-repo.maven.apache.org-5-1] INFO  o.e.m.c.i.e.AbstractTransferListenerAdapter - Downloaded https://repo.maven.apache.org/maven2/org/springframework/spring-messaging/6.2.5/spring-messaging-6.2.5.jar
2025-03-24 09:56:42,397 [BasicRepositoryConnector-repo.maven.apache.org-5-3] INFO  o.e.m.c.i.e.AbstractTransferListenerAdapter - Downloaded https://repo.maven.apache.org/maven2/org/apache/activemq/activemq-client/6.1.6/activemq-client-6.1.6.jar
2025-03-24 09:56:42,941 [Worker-272: Import Getting Started Content] INFO  o.e.m.c.i.l.LifecycleMappingFactory - Using org.eclipse.m2e.jdt.JarLifecycleMapping lifecycle mapping for MavenProject: com.example:eureka:0.0.1-SNAPSHOT @ C:\Users\prasa\eclipse-workspace\Micoservice-eclipse-workspace\SpringCloudEurekaServer\pom.xml.
2025-03-24 09:56:43,863 [Worker-272: Import Getting Started Content] INFO  o.e.m.c.i.l.LifecycleMappingFactory - Using org.eclipse.m2e.jdt.JarLifecycleMapping lifecycle mapping for MavenProject: com.example:SimpleLoadBalancerClient:0.0.1-SNAPSHOT @ C:\Users\prasa\eclipse-workspace\Micoservice-eclipse-workspace\SimpleLoadBalancerClient\pom.xml.
2025-03-24 09:56:44,212 [Worker-272: Import Getting Started Content] INFO  o.e.m.c.i.l.LifecycleMappingFactory - Using org.eclipse.m2e.jdt.JarLifecycleMapping lifecycle mapping for MavenProject: com.example:client:0.0.1-SNAPSHOT @ C:\Users\prasa\eclipse-workspace\Micoservice-eclipse-workspace\MSItnerCommunication\pom.xml.
2025-03-24 09:56:44,483 [Worker-272: Import Getting Started Content] INFO  o.e.m.c.i.l.LifecycleMappingFactory - Using org.eclipse.m2e.jdt.JarLifecycleMapping lifecycle mapping for MavenProject: com.example:client:0.0.1-SNAPSHOT @ C:\Users\prasa\eclipse-workspace\Micoservice-eclipse-workspace\SimpleDiscoveryClient\pom.xml.
2025-03-24 09:56:44,775 [Worker-272: Import Getting Started Content] INFO  o.e.m.c.i.l.LifecycleMappingFactory - Using org.eclipse.m2e.jdt.JarLifecycleMapping lifecycle mapping for MavenProject: com.example:SpringCloudConfigServer:0.0.1-SNAPSHOT @ C:\Users\prasa\eclipse-workspace\Micoservice-eclipse-workspace\SpringCloudConfigServer\pom.xml.
2025-03-24 09:56:45,142 [Worker-272: Import Getting Started Content] INFO  o.e.m.c.i.l.LifecycleMappingFactory - Using org.eclipse.m2e.jdt.JarLifecycleMapping lifecycle mapping for MavenProject: com.example:SpringCloudConfigClient:0.0.1-SNAPSHOT @ C:\Users\prasa\eclipse-workspace\Micoservice-eclipse-workspace\SpringCloudConfigClient\pom.xml.
2025-03-24 09:56:45,430 [Worker-272: Import Getting Started Content] INFO  o.e.m.c.i.l.LifecycleMappingFactory - Using org.eclipse.m2e.jdt.JarLifecycleMapping lifecycle mapping for MavenProject: com.example:SpringCloudSchedulerService:0.0.1-SNAPSHOT @ C:\Users\prasa\eclipse-workspace\Micoservice-eclipse-workspace\SpringCloudSchedulerService\pom.xml.
2025-03-24 09:56:45,674 [Worker-272: Import Getting Started Content] INFO  o.e.m.c.i.l.LifecycleMappingFactory - Using org.eclipse.m2e.jdt.JarLifecycleMapping lifecycle mapping for MavenProject: com.example:ConfigClientWithActuator:0.0.1-SNAPSHOT @ C:\Users\prasa\eclipse-workspace\Micoservice-eclipse-workspace\ConfigClientWithActuator\pom.xml.
2025-03-24 09:56:45,937 [Worker-272: Import Getting Started Content] INFO  o.e.m.c.i.l.LifecycleMappingFactory - Using org.eclipse.m2e.jdt.JarLifecycleMapping lifecycle mapping for MavenProject: com.example:SimpleFeignClient:0.0.1-SNAPSHOT @ C:\Users\prasa\eclipse-workspace\Micoservice-eclipse-workspace\SimpleFeignClient\pom.xml.
2025-03-24 09:56:46,198 [Worker-272: Import Getting Started Content] INFO  o.e.m.c.i.l.LifecycleMappingFactory - Using org.eclipse.m2e.jdt.JarLifecycleMapping lifecycle mapping for MavenProject: com.example:SpringCloudAdminServer:0.0.1-SNAPSHOT @ C:\Users\prasa\eclipse-workspace\Micoservice-eclipse-workspace\SpringCloudAdminServer\pom.xml.
2025-03-24 09:56:47,969 [Worker-274: Download sources and javadoc] INFO  o.e.m.c.i.e.AbstractTransferListenerAdapter - Downloading https://repo.maven.apache.org/maven2/org/springframework/boot/spring-boot-starter-activemq/3.4.4/spring-boot-starter-activemq-3.4.4-sources.jar
2025-03-24 09:56:47,973 [Worker-274: Download sources and javadoc] INFO  o.e.m.c.i.e.AbstractTransferListenerAdapter - Downloaded https://repo.maven.apache.org/maven2/org/springframework/boot/spring-boot-starter-activemq/3.4.4/spring-boot-starter-activemq-3.4.4-sources.jar
2025-03-24 09:56:47,975 [Worker-274: Download sources and javadoc] INFO  o.e.m.j.internal.DownloadSourcesJob - Downloaded sources for org.springframework.boot:spring-boot-starter-activemq:3.4.4
2025-03-24 09:56:48,051 [Worker-274: Download sources and javadoc] INFO  o.e.m.c.i.e.AbstractTransferListenerAdapter - Downloading https://repo.maven.apache.org/maven2/org/springframework/spring-jms/6.2.5/spring-jms-6.2.5-sources.jar
2025-03-24 09:56:48,117 [Worker-274: Download sources and javadoc] INFO  o.e.m.c.i.e.AbstractTransferListenerAdapter - Downloaded https://repo.maven.apache.org/maven2/org/springframework/spring-jms/6.2.5/spring-jms-6.2.5-sources.jar
2025-03-24 09:56:48,120 [Worker-274: Download sources and javadoc] INFO  o.e.m.j.internal.DownloadSourcesJob - Downloaded sources for org.springframework:spring-jms:6.2.5
2025-03-24 09:56:48,196 [Worker-274: Download sources and javadoc] INFO  o.e.m.c.i.e.AbstractTransferListenerAdapter - Downloading https://repo.maven.apache.org/maven2/org/springframework/spring-messaging/6.2.5/spring-messaging-6.2.5-sources.jar
2025-03-24 09:56:48,275 [Worker-274: Download sources and javadoc] INFO  o.e.m.c.i.e.AbstractTransferListenerAdapter - Downloaded https://repo.maven.apache.org/maven2/org/springframework/spring-messaging/6.2.5/spring-messaging-6.2.5-sources.jar
2025-03-24 09:56:48,278 [Worker-274: Download sources and javadoc] INFO  o.e.m.j.internal.DownloadSourcesJob - Downloaded sources for org.springframework:spring-messaging:6.2.5
2025-03-24 09:56:48,354 [Worker-274: Download sources and javadoc] INFO  o.e.m.c.i.e.AbstractTransferListenerAdapter - Downloading https://repo.maven.apache.org/maven2/org/springframework/spring-tx/6.2.5/spring-tx-6.2.5-sources.jar
2025-03-24 09:56:48,428 [Worker-274: Download sources and javadoc] INFO  o.e.m.c.i.e.AbstractTransferListenerAdapter - Downloaded https://repo.maven.apache.org/maven2/org/springframework/spring-tx/6.2.5/spring-tx-6.2.5-sources.jar
2025-03-24 09:56:48,430 [Worker-274: Download sources and javadoc] INFO  o.e.m.j.internal.DownloadSourcesJob - Downloaded sources for org.springframework:spring-tx:6.2.5
2025-03-24 09:56:48,507 [Worker-274: Download sources and javadoc] INFO  o.e.m.c.i.e.AbstractTransferListenerAdapter - Downloading https://repo.maven.apache.org/maven2/org/apache/activemq/activemq-client/6.1.6/activemq-client-6.1.6-sources.jar
2025-03-24 09:56:48,652 [Worker-274: Download sources and javadoc] INFO  o.e.m.c.i.e.AbstractTransferListenerAdapter - Downloaded https://repo.maven.apache.org/maven2/org/apache/activemq/activemq-client/6.1.6/activemq-client-6.1.6-sources.jar
2025-03-24 09:56:48,656 [Worker-274: Download sources and javadoc] INFO  o.e.m.j.internal.DownloadSourcesJob - Downloaded sources for org.apache.activemq:activemq-client:6.1.6
2025-03-24 09:56:48,669 [Worker-272: Import Getting Started Content] INFO  o.e.m.j.i.AbstractJavaProjectConfigurator - Adding source folder /SpringProviderApp-MQ/src/main/java
2025-03-24 09:56:48,670 [Worker-272: Import Getting Started Content] INFO  o.e.m.j.i.AbstractJavaProjectConfigurator - Adding resource folder /SpringProviderApp-MQ/src/main/resources
2025-03-24 09:56:48,672 [Worker-272: Import Getting Started Content] INFO  o.e.m.j.i.AbstractJavaProjectConfigurator - Adding resource folder /SpringProviderApp-MQ/src/main/resources
2025-03-24 09:56:48,674 [Worker-272: Import Getting Started Content] INFO  o.e.m.j.i.AbstractJavaProjectConfigurator - Adding source folder /SpringProviderApp-MQ/src/test/java
2025-03-24 09:56:48,675 [Worker-272: Import Getting Started Content] INFO  o.e.m.j.i.AbstractJavaProjectConfigurator - Adding resource folder /SpringProviderApp-MQ/src/test/resources
2025-03-24 09:56:48,731 [Worker-274: Download sources and javadoc] INFO  o.e.m.c.i.e.AbstractTransferListenerAdapter - Downloading https://repo.maven.apache.org/maven2/jakarta/jms/jakarta.jms-api/3.1.0/jakarta.jms-api-3.1.0-sources.jar
2025-03-24 09:56:48,791 [Worker-274: Download sources and javadoc] INFO  o.e.m.c.i.e.AbstractTransferListenerAdapter - Downloaded https://repo.maven.apache.org/maven2/jakarta/jms/jakarta.jms-api/3.1.0/jakarta.jms-api-3.1.0-sources.jar
2025-03-24 09:56:48,794 [Worker-274: Download sources and javadoc] INFO  o.e.m.j.internal.DownloadSourcesJob - Downloaded sources for jakarta.jms:jakarta.jms-api:3.1.0
2025-03-24 09:56:48,821 [Worker-272: Import Getting Started Content] INFO  o.e.m.c.i.p.ProjectConfigurationManager - Imported and configured 1 project(s) in 7 sec
2025-03-24 09:56:48,823 [Worker-272: Import Getting Started Content] INFO  o.e.m.c.i.p.ProjectConfigurationManager - Update started
2025-03-24 09:56:48,872 [Worker-274: Download sources and javadoc] INFO  o.e.m.c.i.e.AbstractTransferListenerAdapter - Downloading https://repo.maven.apache.org/maven2/org/fusesource/hawtbuf/hawtbuf/1.11/hawtbuf-1.11-sources.jar
2025-03-24 09:56:48,881 [Worker-274: Download sources and javadoc] INFO  o.e.m.c.i.e.AbstractTransferListenerAdapter - Downloaded https://repo.maven.apache.org/maven2/org/fusesource/hawtbuf/hawtbuf/1.11/hawtbuf-1.11-sources.jar
2025-03-24 09:56:48,884 [Worker-274: Download sources and javadoc] INFO  o.e.m.j.internal.DownloadSourcesJob - Downloaded sources for org.fusesource.hawtbuf:hawtbuf:1.11
2025-03-24 09:56:49,038 [Worker-272: Import Getting Started Content] INFO  o.e.m.c.i.l.LifecycleMappingFactory - Using org.eclipse.m2e.jdt.JarLifecycleMapping lifecycle mapping for MavenProject: com.example:SpringProviderApp-MQ:0.0.1-SNAPSHOT @ C:\Users\prasa\eclipse-workspace\Micoservice-eclipse-workspace\SpringProviderApp-MQ\pom.xml.
2025-03-24 09:56:49,335 [Worker-272: Import Getting Started Content] INFO  o.e.m.j.i.AbstractJavaProjectConfigurator - Adding source folder /SpringProviderApp-MQ/src/main/java
2025-03-24 09:56:49,336 [Worker-272: Import Getting Started Content] INFO  o.e.m.j.i.AbstractJavaProjectConfigurator - Adding resource folder /SpringProviderApp-MQ/src/main/resources
2025-03-24 09:56:49,337 [Worker-272: Import Getting Started Content] INFO  o.e.m.j.i.AbstractJavaProjectConfigurator - Adding resource folder /SpringProviderApp-MQ/src/main/resources
2025-03-24 09:56:49,337 [Worker-272: Import Getting Started Content] INFO  o.e.m.j.i.AbstractJavaProjectConfigurator - Adding source folder /SpringProviderApp-MQ/src/test/java
2025-03-24 09:56:49,338 [Worker-272: Import Getting Started Content] INFO  o.e.m.j.i.AbstractJavaProjectConfigurator - Adding resource folder /SpringProviderApp-MQ/src/test/resources
2025-03-24 09:56:49,618 [Worker-272: Import Getting Started Content] INFO  o.e.m.c.i.p.ProjectConfigurationManager - Update completed for 1 poms: local refresh takes 0.00 sec, refresh facades takes 0.00 sec, update config takes 0.00 sec 
2025-03-24 09:56:49,896 [Worker-279: Updating Maven Project] INFO  o.e.m.c.i.p.ProjectConfigurationManager - Update started
2025-03-24 09:56:50,188 [Worker-279: Updating Maven Project] INFO  o.e.m.c.i.l.LifecycleMappingFactory - Using org.eclipse.m2e.jdt.JarLifecycleMapping lifecycle mapping for MavenProject: com.example:SpringProviderApp-MQ:0.0.1-SNAPSHOT @ C:\Users\prasa\eclipse-workspace\Micoservice-eclipse-workspace\SpringProviderApp-MQ\pom.xml.
2025-03-24 09:56:50,467 [Worker-279: Updating Maven Project] INFO  o.e.m.j.i.AbstractJavaProjectConfigurator - Adding source folder /SpringProviderApp-MQ/src/main/java
2025-03-24 09:56:50,467 [Worker-279: Updating Maven Project] INFO  o.e.m.j.i.AbstractJavaProjectConfigurator - Adding resource folder /SpringProviderApp-MQ/src/main/resources
2025-03-24 09:56:50,468 [Worker-279: Updating Maven Project] INFO  o.e.m.j.i.AbstractJavaProjectConfigurator - Adding resource folder /SpringProviderApp-MQ/src/main/resources
2025-03-24 09:56:50,468 [Worker-279: Updating Maven Project] INFO  o.e.m.j.i.AbstractJavaProjectConfigurator - Adding source folder /SpringProviderApp-MQ/src/test/java
2025-03-24 09:56:50,468 [Worker-279: Updating Maven Project] INFO  o.e.m.j.i.AbstractJavaProjectConfigurator - Adding resource folder /SpringProviderApp-MQ/src/test/resources
2025-03-24 09:56:50,609 [Worker-279: Updating Maven Project] INFO  o.e.m.c.i.p.ProjectConfigurationManager - Update completed for 1 poms: local refresh takes 0.00 sec, refresh facades takes 0.00 sec, update config takes 0.00 sec 
2025-03-24 09:56:50,943 [Worker-274: Building] INFO  o.a.m.s.f.DefaultMavenResourcesFiltering - Copying 1 resource from src\main\resources to target\classes
2025-03-24 09:56:50,962 [Worker-274: Building] INFO  o.a.m.s.f.DefaultMavenResourcesFiltering - Copying 0 resource from src\main\resources to target\classes
2025-03-24 09:56:50,966 [Worker-274: Building] INFO  o.a.m.s.f.DefaultMavenResourcesFiltering - skip non existing resourceDirectory C:\Users\prasa\eclipse-workspace\Micoservice-eclipse-workspace\SpringProviderApp-MQ\src\test\resources
2025-03-24 09:59:11,423 [Worker-280: Building] INFO  o.a.m.s.f.DefaultMavenResourcesFiltering - Copying 1 resource from src\main\resources to target\classes
2025-03-24 09:59:11,430 [Worker-280: Building] INFO  o.a.m.s.f.DefaultMavenResourcesFiltering - Copying 0 resource from src\main\resources to target\classes
2025-03-24 09:59:11,432 [Worker-280: Building] INFO  o.a.m.s.f.DefaultMavenResourcesFiltering - skip non existing resourceDirectory C:\Users\prasa\eclipse-workspace\Micoservice-eclipse-workspace\SpringProviderApp-MQ\src\test\resources
2025-03-24 09:59:57,824 [Worker-272: Building] INFO  o.a.m.s.f.DefaultMavenResourcesFiltering - Copying 1 resource from src\main\resources to target\classes
2025-03-24 09:59:57,829 [Worker-272: Building] INFO  o.a.m.s.f.DefaultMavenResourcesFiltering - Copying 0 resource from src\main\resources to target\classes
2025-03-24 09:59:57,831 [Worker-272: Building] INFO  o.a.m.s.f.DefaultMavenResourcesFiltering - skip non existing resourceDirectory C:\Users\prasa\eclipse-workspace\Micoservice-eclipse-workspace\SpringProviderApp-MQ\src\test\resources
2025-03-24 10:00:49,629 [Worker-279: Building] INFO  o.a.m.s.f.DefaultMavenResourcesFiltering - Copying 1 resource from src\main\resources to target\classes
2025-03-24 10:00:49,635 [Worker-279: Building] INFO  o.a.m.s.f.DefaultMavenResourcesFiltering - Copying 0 resource from src\main\resources to target\classes
2025-03-24 10:00:49,638 [Worker-279: Building] INFO  o.a.m.s.f.DefaultMavenResourcesFiltering - skip non existing resourceDirectory C:\Users\prasa\eclipse-workspace\Micoservice-eclipse-workspace\SpringProviderApp-MQ\src\test\resources
2025-03-24 10:01:14,707 [Worker-275: Building] INFO  o.a.m.s.f.DefaultMavenResourcesFiltering - Copying 1 resource from src\main\resources to target\classes
2025-03-24 10:01:14,714 [Worker-275: Building] INFO  o.a.m.s.f.DefaultMavenResourcesFiltering - Copying 0 resource from src\main\resources to target\classes
2025-03-24 10:01:14,716 [Worker-275: Building] INFO  o.a.m.s.f.DefaultMavenResourcesFiltering - skip non existing resourceDirectory C:\Users\prasa\eclipse-workspace\Micoservice-eclipse-workspace\SpringProviderApp-MQ\src\test\resources
2025-03-24 10:03:36,681 [Worker-276: Building] INFO  o.a.m.s.f.DefaultMavenResourcesFiltering - Copying 1 resource from src\main\resources to target\classes
2025-03-24 10:03:36,686 [Worker-276: Building] INFO  o.a.m.s.f.DefaultMavenResourcesFiltering - Copying 0 resource from src\main\resources to target\classes
2025-03-24 10:03:36,687 [Worker-276: Building] INFO  o.a.m.s.f.DefaultMavenResourcesFiltering - skip non existing resourceDirectory C:\Users\prasa\eclipse-workspace\Micoservice-eclipse-workspace\SpringProviderApp-MQ\src\test\resources
2025-03-24 10:05:08,463 [Worker-274: Building] INFO  o.a.m.s.f.DefaultMavenResourcesFiltering - Copying 1 resource from src\main\resources to target\classes
2025-03-24 10:05:08,470 [Worker-274: Building] INFO  o.a.m.s.f.DefaultMavenResourcesFiltering - Copying 0 resource from src\main\resources to target\classes
2025-03-24 10:05:08,473 [Worker-274: Building] INFO  o.a.m.s.f.DefaultMavenResourcesFiltering - skip non existing resourceDirectory C:\Users\prasa\eclipse-workspace\Micoservice-eclipse-workspace\SpringProviderApp-MQ\src\test\resources
2025-03-24 10:06:48,728 [Worker-274: Building] INFO  o.a.m.s.f.DefaultMavenResourcesFiltering - Copying 1 resource from src\main\resources to target\classes
2025-03-24 10:06:48,733 [Worker-274: Building] INFO  o.a.m.s.f.DefaultMavenResourcesFiltering - Copying 0 resource from src\main\resources to target\classes
2025-03-24 10:06:48,735 [Worker-274: Building] INFO  o.a.m.s.f.DefaultMavenResourcesFiltering - skip non existing resourceDirectory C:\Users\prasa\eclipse-workspace\Micoservice-eclipse-workspace\SpringProviderApp-MQ\src\test\resources
2025-03-24 10:07:38,187 [Worker-274: Building] INFO  o.a.m.s.f.DefaultMavenResourcesFiltering - Copying 1 resource from src\main\resources to target\classes
2025-03-24 10:07:38,192 [Worker-274: Building] INFO  o.a.m.s.f.DefaultMavenResourcesFiltering - Copying 0 resource from src\main\resources to target\classes
2025-03-24 10:07:38,194 [Worker-274: Building] INFO  o.a.m.s.f.DefaultMavenResourcesFiltering - skip non existing resourceDirectory C:\Users\prasa\eclipse-workspace\Micoservice-eclipse-workspace\SpringProviderApp-MQ\src\test\resources
2025-03-24 22:55:34,069 [Worker-304: Import Getting Started Content] INFO  o.e.m.c.i.l.LifecycleMappingFactory - Using org.eclipse.m2e.jdt.JarLifecycleMapping lifecycle mapping for MavenProject: com.example:SpringConsumerAppP2P:0.0.1-SNAPSHOT @ C:\Users\prasa\eclipse-workspace\Micoservice-eclipse-workspace\SpringConsumerAppP2P\pom.xml.
2025-03-24 22:55:35,486 [Worker-304: Import Getting Started Content] INFO  o.e.m.j.i.AbstractJavaProjectConfigurator - Adding source folder /SpringConsumerAppP2P/src/main/java
2025-03-24 22:55:35,487 [Worker-304: Import Getting Started Content] INFO  o.e.m.j.i.AbstractJavaProjectConfigurator - Adding resource folder /SpringConsumerAppP2P/src/main/resources
2025-03-24 22:55:35,492 [Worker-304: Import Getting Started Content] INFO  o.e.m.j.i.AbstractJavaProjectConfigurator - Adding resource folder /SpringConsumerAppP2P/src/main/resources
2025-03-24 22:55:35,510 [Worker-304: Import Getting Started Content] INFO  o.e.m.j.i.AbstractJavaProjectConfigurator - Adding source folder /SpringConsumerAppP2P/src/test/java
2025-03-24 22:55:35,512 [Worker-304: Import Getting Started Content] INFO  o.e.m.j.i.AbstractJavaProjectConfigurator - Adding resource folder /SpringConsumerAppP2P/src/test/resources
2025-03-24 22:55:36,031 [Worker-304: Import Getting Started Content] INFO  o.e.m.c.i.p.ProjectConfigurationManager - Imported and configured 1 project(s) in 2 sec
2025-03-24 22:55:36,038 [Worker-304: Import Getting Started Content] INFO  o.e.m.c.i.p.ProjectConfigurationManager - Update started
2025-03-24 22:55:36,546 [Worker-304: Import Getting Started Content] INFO  o.e.m.c.i.l.LifecycleMappingFactory - Using org.eclipse.m2e.jdt.JarLifecycleMapping lifecycle mapping for MavenProject: com.example:SpringConsumerAppP2P:0.0.1-SNAPSHOT @ C:\Users\prasa\eclipse-workspace\Micoservice-eclipse-workspace\SpringConsumerAppP2P\pom.xml.
2025-03-24 22:55:37,319 [Worker-304: Import Getting Started Content] INFO  o.e.m.j.i.AbstractJavaProjectConfigurator - Adding source folder /SpringConsumerAppP2P/src/main/java
2025-03-24 22:55:37,319 [Worker-304: Import Getting Started Content] INFO  o.e.m.j.i.AbstractJavaProjectConfigurator - Adding resource folder /SpringConsumerAppP2P/src/main/resources
2025-03-24 22:55:37,321 [Worker-304: Import Getting Started Content] INFO  o.e.m.j.i.AbstractJavaProjectConfigurator - Adding resource folder /SpringConsumerAppP2P/src/main/resources
2025-03-24 22:55:37,322 [Worker-304: Import Getting Started Content] INFO  o.e.m.j.i.AbstractJavaProjectConfigurator - Adding source folder /SpringConsumerAppP2P/src/test/java
2025-03-24 22:55:37,322 [Worker-304: Import Getting Started Content] INFO  o.e.m.j.i.AbstractJavaProjectConfigurator - Adding resource folder /SpringConsumerAppP2P/src/test/resources
2025-03-24 22:55:37,798 [Worker-304: Import Getting Started Content] INFO  o.e.m.c.i.p.ProjectConfigurationManager - Update completed for 1 poms: local refresh takes 0.00 sec, refresh facades takes 1.00 sec, update config takes 0.00 sec 
2025-03-24 22:55:38,349 [Worker-307: Building] INFO  o.a.m.s.f.DefaultMavenResourcesFiltering - Copying 1 resource from src\main\resources to target\classes
2025-03-24 22:55:38,379 [Worker-307: Building] INFO  o.a.m.s.f.DefaultMavenResourcesFiltering - Copying 0 resource from src\main\resources to target\classes
2025-03-24 22:55:38,387 [Worker-307: Building] INFO  o.a.m.s.f.DefaultMavenResourcesFiltering - skip non existing resourceDirectory C:\Users\prasa\eclipse-workspace\Micoservice-eclipse-workspace\SpringConsumerAppP2P\src\test\resources
2025-03-24 23:01:27,618 [Worker-311: Building] INFO  o.a.m.s.f.DefaultMavenResourcesFiltering - Copying 1 resource from src\main\resources to target\classes
2025-03-24 23:01:27,665 [Worker-311: Building] INFO  o.a.m.s.f.DefaultMavenResourcesFiltering - Copying 0 resource from src\main\resources to target\classes
2025-03-24 23:01:27,672 [Worker-311: Building] INFO  o.a.m.s.f.DefaultMavenResourcesFiltering - skip non existing resourceDirectory C:\Users\prasa\eclipse-workspace\Micoservice-eclipse-workspace\SpringConsumerAppP2P\src\test\resources
2025-03-24 23:02:09,505 [Worker-309: Building] INFO  o.a.m.s.f.DefaultMavenResourcesFiltering - Copying 1 resource from src\main\resources to target\classes
2025-03-24 23:02:09,570 [Worker-309: Building] INFO  o.a.m.s.f.DefaultMavenResourcesFiltering - Copying 0 resource from src\main\resources to target\classes
2025-03-24 23:02:09,574 [Worker-309: Building] INFO  o.a.m.s.f.DefaultMavenResourcesFiltering - skip non existing resourceDirectory C:\Users\prasa\eclipse-workspace\Micoservice-eclipse-workspace\SpringConsumerAppP2P\src\test\resources
2025-03-24 23:04:12,482 [Worker-308: Building] INFO  o.a.m.s.f.DefaultMavenResourcesFiltering - Copying 1 resource from src\main\resources to target\classes
2025-03-24 23:04:12,499 [Worker-308: Building] INFO  o.a.m.s.f.DefaultMavenResourcesFiltering - Copying 0 resource from src\main\resources to target\classes
2025-03-24 23:04:12,503 [Worker-308: Building] INFO  o.a.m.s.f.DefaultMavenResourcesFiltering - skip non existing resourceDirectory C:\Users\prasa\eclipse-workspace\Micoservice-eclipse-workspace\SpringConsumerAppP2P\src\test\resources
2025-03-24 23:04:15,617 [Worker-314: Building] INFO  o.a.m.s.f.DefaultMavenResourcesFiltering - Copying 1 resource from src\main\resources to target\classes
2025-03-24 23:04:15,632 [Worker-314: Building] INFO  o.a.m.s.f.DefaultMavenResourcesFiltering - Copying 0 resource from src\main\resources to target\classes
2025-03-24 23:04:15,636 [Worker-314: Building] INFO  o.a.m.s.f.DefaultMavenResourcesFiltering - skip non existing resourceDirectory C:\Users\prasa\eclipse-workspace\Micoservice-eclipse-workspace\SpringConsumerAppP2P\src\test\resources
2025-03-24 23:04:32,344 [Worker-314: Building] INFO  o.a.m.s.f.DefaultMavenResourcesFiltering - Copying 1 resource from src\main\resources to target\classes
2025-03-24 23:04:32,357 [Worker-314: Building] INFO  o.a.m.s.f.DefaultMavenResourcesFiltering - Copying 0 resource from src\main\resources to target\classes
2025-03-24 23:04:32,361 [Worker-314: Building] INFO  o.a.m.s.f.DefaultMavenResourcesFiltering - skip non existing resourceDirectory C:\Users\prasa\eclipse-workspace\Micoservice-eclipse-workspace\SpringConsumerAppP2P\src\test\resources
2025-03-24 23:06:06,749 [Worker-312: Building] INFO  o.a.m.s.f.DefaultMavenResourcesFiltering - Copying 1 resource from src\main\resources to target\classes
2025-03-24 23:06:06,764 [Worker-312: Building] INFO  o.a.m.s.f.DefaultMavenResourcesFiltering - Copying 0 resource from src\main\resources to target\classes
2025-03-24 23:06:06,768 [Worker-312: Building] INFO  o.a.m.s.f.DefaultMavenResourcesFiltering - skip non existing resourceDirectory C:\Users\prasa\eclipse-workspace\Micoservice-eclipse-workspace\SpringConsumerAppP2P\src\test\resources
2025-03-25 23:36:58,598 [Worker-1: Loading available Gradle versions] INFO  o.e.b.c.i.u.g.PublishedGradleVersions - Gradle version information cache is out-of-date. Trying to update.
2025-03-25 23:41:25,608 [Worker-25: Building] INFO  o.a.m.s.f.DefaultMavenResourcesFiltering - Copying 1 resource from src\main\resources to target\classes
2025-03-25 23:41:25,663 [Worker-25: Building] INFO  o.a.m.s.f.DefaultMavenResourcesFiltering - Copying 0 resource from src\main\resources to target\classes
2025-03-25 23:41:25,672 [Worker-25: Building] INFO  o.a.m.s.f.DefaultMavenResourcesFiltering - skip non existing resourceDirectory C:\Users\prasa\eclipse-workspace\Micoservice-eclipse-workspace\SpringProviderApp-MQ\src\test\resources
2025-03-25 23:41:33,666 [Worker-25: Building] INFO  o.a.m.s.f.DefaultMavenResourcesFiltering - Copying 1 resource from src\main\resources to target\classes
2025-03-25 23:41:33,687 [Worker-25: Building] INFO  o.a.m.s.f.DefaultMavenResourcesFiltering - Copying 0 resource from src\main\resources to target\classes
2025-03-25 23:41:33,693 [Worker-25: Building] INFO  o.a.m.s.f.DefaultMavenResourcesFiltering - skip non existing resourceDirectory C:\Users\prasa\eclipse-workspace\Micoservice-eclipse-workspace\SpringConsumerAppP2P\src\test\resources
2025-03-25 23:41:54,051 [Worker-4: Building] INFO  o.a.m.s.f.DefaultMavenResourcesFiltering - Copying 1 resource from src\main\resources to target\classes
2025-03-25 23:41:54,064 [Worker-4: Building] INFO  o.a.m.s.f.DefaultMavenResourcesFiltering - Copying 0 resource from src\main\resources to target\classes
2025-03-25 23:41:54,067 [Worker-4: Building] INFO  o.a.m.s.f.DefaultMavenResourcesFiltering - skip non existing resourceDirectory C:\Users\prasa\eclipse-workspace\Micoservice-eclipse-workspace\SpringConsumerAppP2P\src\test\resources
2025-03-25 23:43:29,645 [Worker-43: Import Getting Started Content] INFO  o.e.m.c.i.l.LifecycleMappingFactory - Using org.eclipse.m2e.jdt.JarLifecycleMapping lifecycle mapping for MavenProject: com.example:SpringConsumerAppPubSub:0.0.1-SNAPSHOT @ C:\Users\prasa\eclipse-workspace\Micoservice-eclipse-workspace\SpringConsumerAppPubSub\pom.xml.
2025-03-25 23:43:30,412 [Worker-43: Import Getting Started Content] INFO  o.e.m.j.i.AbstractJavaProjectConfigurator - Adding source folder /SpringConsumerAppPubSub/src/main/java
2025-03-25 23:43:30,415 [Worker-43: Import Getting Started Content] INFO  o.e.m.j.i.AbstractJavaProjectConfigurator - Adding resource folder /SpringConsumerAppPubSub/src/main/resources
2025-03-25 23:43:30,420 [Worker-43: Import Getting Started Content] INFO  o.e.m.j.i.AbstractJavaProjectConfigurator - Adding resource folder /SpringConsumerAppPubSub/src/main/resources
2025-03-25 23:43:30,423 [Worker-43: Import Getting Started Content] INFO  o.e.m.j.i.AbstractJavaProjectConfigurator - Adding source folder /SpringConsumerAppPubSub/src/test/java
2025-03-25 23:43:30,424 [Worker-43: Import Getting Started Content] INFO  o.e.m.j.i.AbstractJavaProjectConfigurator - Adding resource folder /SpringConsumerAppPubSub/src/test/resources
2025-03-25 23:43:30,761 [Worker-43: Import Getting Started Content] INFO  o.e.m.c.i.p.ProjectConfigurationManager - Imported and configured 1 project(s) in 1 sec
2025-03-25 23:43:30,767 [Worker-43: Import Getting Started Content] INFO  o.e.m.c.i.p.ProjectConfigurationManager - Update started
2025-03-25 23:43:31,129 [Worker-43: Import Getting Started Content] INFO  o.e.m.c.i.l.LifecycleMappingFactory - Using org.eclipse.m2e.jdt.JarLifecycleMapping lifecycle mapping for MavenProject: com.example:SpringConsumerAppPubSub:0.0.1-SNAPSHOT @ C:\Users\prasa\eclipse-workspace\Micoservice-eclipse-workspace\SpringConsumerAppPubSub\pom.xml.
2025-03-25 23:43:31,504 [Worker-43: Import Getting Started Content] INFO  o.e.m.j.i.AbstractJavaProjectConfigurator - Adding source folder /SpringConsumerAppPubSub/src/main/java
2025-03-25 23:43:31,504 [Worker-43: Import Getting Started Content] INFO  o.e.m.j.i.AbstractJavaProjectConfigurator - Adding resource folder /SpringConsumerAppPubSub/src/main/resources
2025-03-25 23:43:31,505 [Worker-43: Import Getting Started Content] INFO  o.e.m.j.i.AbstractJavaProjectConfigurator - Adding resource folder /SpringConsumerAppPubSub/src/main/resources
2025-03-25 23:43:31,505 [Worker-43: Import Getting Started Content] INFO  o.e.m.j.i.AbstractJavaProjectConfigurator - Adding source folder /SpringConsumerAppPubSub/src/test/java
2025-03-25 23:43:31,506 [Worker-43: Import Getting Started Content] INFO  o.e.m.j.i.AbstractJavaProjectConfigurator - Adding resource folder /SpringConsumerAppPubSub/src/test/resources
2025-03-25 23:43:31,753 [Worker-43: Import Getting Started Content] INFO  o.e.m.c.i.p.ProjectConfigurationManager - Update completed for 1 poms: local refresh takes 0.00 sec, refresh facades takes 0.00 sec, update config takes 0.00 sec 
2025-03-25 23:43:32,634 [Worker-42: Building] INFO  o.a.m.s.f.DefaultMavenResourcesFiltering - Copying 1 resource from src\main\resources to target\classes
2025-03-25 23:43:32,667 [Worker-42: Building] INFO  o.a.m.s.f.DefaultMavenResourcesFiltering - Copying 0 resource from src\main\resources to target\classes
2025-03-25 23:43:32,673 [Worker-42: Building] INFO  o.a.m.s.f.DefaultMavenResourcesFiltering - skip non existing resourceDirectory C:\Users\prasa\eclipse-workspace\Micoservice-eclipse-workspace\SpringConsumerAppPubSub\src\test\resources
2025-03-25 23:44:15,351 [Worker-43: Building] INFO  o.a.m.s.f.DefaultMavenResourcesFiltering - Copying 1 resource from src\main\resources to target\classes
2025-03-25 23:44:15,356 [Worker-43: Building] INFO  o.a.m.s.f.DefaultMavenResourcesFiltering - Copying 0 resource from src\main\resources to target\classes
2025-03-25 23:44:15,360 [Worker-43: Building] INFO  o.a.m.s.f.DefaultMavenResourcesFiltering - skip non existing resourceDirectory C:\Users\prasa\eclipse-workspace\Micoservice-eclipse-workspace\SpringProviderApp-MQ\src\test\resources
2025-03-25 23:44:41,244 [Worker-25: Building] INFO  o.a.m.s.f.DefaultMavenResourcesFiltering - Copying 1 resource from src\main\resources to target\classes
2025-03-25 23:44:41,254 [Worker-25: Building] INFO  o.a.m.s.f.DefaultMavenResourcesFiltering - Copying 0 resource from src\main\resources to target\classes
2025-03-25 23:44:41,267 [Worker-25: Building] INFO  o.a.m.s.f.DefaultMavenResourcesFiltering - skip non existing resourceDirectory C:\Users\prasa\eclipse-workspace\Micoservice-eclipse-workspace\SpringConsumerAppPubSub\src\test\resources
2025-03-25 23:45:22,304 [Worker-45: Building] INFO  o.a.m.s.f.DefaultMavenResourcesFiltering - Copying 1 resource from src\main\resources to target\classes
2025-03-25 23:45:22,311 [Worker-45: Building] INFO  o.a.m.s.f.DefaultMavenResourcesFiltering - Copying 0 resource from src\main\resources to target\classes
2025-03-25 23:45:22,314 [Worker-45: Building] INFO  o.a.m.s.f.DefaultMavenResourcesFiltering - skip non existing resourceDirectory C:\Users\prasa\eclipse-workspace\Micoservice-eclipse-workspace\SpringConsumerAppPubSub\src\test\resources
2025-03-25 23:46:06,837 [Worker-25: Building] INFO  o.a.m.s.f.DefaultMavenResourcesFiltering - Copying 1 resource from src\main\resources to target\classes
2025-03-25 23:46:06,842 [Worker-25: Building] INFO  o.a.m.s.f.DefaultMavenResourcesFiltering - Copying 0 resource from src\main\resources to target\classes
2025-03-25 23:46:06,845 [Worker-25: Building] INFO  o.a.m.s.f.DefaultMavenResourcesFiltering - skip non existing resourceDirectory C:\Users\prasa\eclipse-workspace\Micoservice-eclipse-workspace\SpringConsumerAppPubSub\src\test\resources
2025-03-29 00:03:40,273 [Worker-2: Loading available Gradle versions] INFO  o.e.b.c.i.u.g.PublishedGradleVersions - Gradle version information cache is out-of-date. Trying to update.
2025-03-29 00:03:53,008 [Worker-9: Building] INFO  o.a.m.s.f.DefaultMavenResourcesFiltering - Copying 1 resource from src\main\resources to target\classes
2025-03-29 00:03:53,057 [Worker-9: Building] INFO  o.a.m.s.f.DefaultMavenResourcesFiltering - Copying 0 resource from src\main\resources to target\classes
2025-03-29 00:03:53,068 [Worker-9: Building] INFO  o.a.m.s.f.DefaultMavenResourcesFiltering - skip non existing resourceDirectory C:\Users\prasa\eclipse-workspace\Micoservice-eclipse-workspace\ConfigClientWithActuator\src\test\resources
2025-03-29 00:03:55,630 [Worker-9: Building] INFO  o.a.m.s.f.DefaultMavenResourcesFiltering - Copying 1 resource from src\main\resources to target\classes
2025-03-29 00:03:55,676 [Worker-9: Building] INFO  o.a.m.s.f.DefaultMavenResourcesFiltering - Copying 0 resource from src\main\resources to target\classes
2025-03-29 00:03:55,687 [Worker-9: Building] INFO  o.a.m.s.f.DefaultMavenResourcesFiltering - skip non existing resourceDirectory C:\Users\prasa\eclipse-workspace\Micoservice-eclipse-workspace\SpringConsumerAppPubSub\src\test\resources
2025-03-29 00:07:19,840 [Worker-31: Import Getting Started Content] INFO  o.e.m.c.i.l.LifecycleMappingFactory - Using org.eclipse.m2e.jdt.JarLifecycleMapping lifecycle mapping for MavenProject: com.example:SpringKafkaProducer:0.0.1-SNAPSHOT @ C:\Users\prasa\eclipse-workspace\Micoservice-eclipse-workspace\SpringKafkaProducer\pom.xml.
2025-03-29 00:07:20,210 [Worker-31: Import Getting Started Content] INFO  o.e.m.c.i.e.AbstractTransferListenerAdapter - Downloading https://repo.maven.apache.org/maven2/org/springframework/kafka/spring-kafka/3.3.4/spring-kafka-3.3.4.pom
2025-03-29 00:07:20,230 [Worker-31: Import Getting Started Content] INFO  o.e.m.c.i.e.AbstractTransferListenerAdapter - Downloaded https://repo.maven.apache.org/maven2/org/springframework/kafka/spring-kafka/3.3.4/spring-kafka-3.3.4.pom
2025-03-29 00:07:20,269 [Worker-31: Import Getting Started Content] INFO  o.e.m.c.i.e.AbstractTransferListenerAdapter - Downloading https://repo.maven.apache.org/maven2/org/springframework/retry/spring-retry/2.0.11/spring-retry-2.0.11.pom
2025-03-29 00:07:20,278 [Worker-31: Import Getting Started Content] INFO  o.e.m.c.i.e.AbstractTransferListenerAdapter - Downloaded https://repo.maven.apache.org/maven2/org/springframework/retry/spring-retry/2.0.11/spring-retry-2.0.11.pom
2025-03-29 00:07:20,311 [Worker-31: Import Getting Started Content] INFO  o.e.m.c.i.e.AbstractTransferListenerAdapter - Downloading https://repo.maven.apache.org/maven2/org/springframework/spring-framework-bom/6.0.23/spring-framework-bom-6.0.23.pom
2025-03-29 00:07:20,318 [Worker-31: Import Getting Started Content] INFO  o.e.m.c.i.e.AbstractTransferListenerAdapter - Downloaded https://repo.maven.apache.org/maven2/org/springframework/spring-framework-bom/6.0.23/spring-framework-bom-6.0.23.pom
2025-03-29 00:07:20,361 [Worker-31: Import Getting Started Content] INFO  o.e.m.c.i.e.AbstractTransferListenerAdapter - Downloading https://repo.maven.apache.org/maven2/org/apache/kafka/kafka-clients/3.8.1/kafka-clients-3.8.1.pom
2025-03-29 00:07:20,367 [Worker-31: Import Getting Started Content] INFO  o.e.m.c.i.e.AbstractTransferListenerAdapter - Downloaded https://repo.maven.apache.org/maven2/org/apache/kafka/kafka-clients/3.8.1/kafka-clients-3.8.1.pom
2025-03-29 00:07:20,402 [Worker-31: Import Getting Started Content] INFO  o.e.m.c.i.e.AbstractTransferListenerAdapter - Downloading https://repo.maven.apache.org/maven2/com/github/luben/zstd-jni/1.5.6-4/zstd-jni-1.5.6-4.pom
2025-03-29 00:07:20,407 [Worker-31: Import Getting Started Content] INFO  o.e.m.c.i.e.AbstractTransferListenerAdapter - Downloaded https://repo.maven.apache.org/maven2/com/github/luben/zstd-jni/1.5.6-4/zstd-jni-1.5.6-4.pom
2025-03-29 00:07:20,437 [Worker-31: Import Getting Started Content] INFO  o.e.m.c.i.e.AbstractTransferListenerAdapter - Downloading https://repo.maven.apache.org/maven2/org/lz4/lz4-java/1.8.0/lz4-java-1.8.0.pom
2025-03-29 00:07:20,443 [Worker-31: Import Getting Started Content] INFO  o.e.m.c.i.e.AbstractTransferListenerAdapter - Downloaded https://repo.maven.apache.org/maven2/org/lz4/lz4-java/1.8.0/lz4-java-1.8.0.pom
2025-03-29 00:07:20,476 [Worker-31: Import Getting Started Content] INFO  o.e.m.c.i.e.AbstractTransferListenerAdapter - Downloading https://repo.maven.apache.org/maven2/org/xerial/snappy/snappy-java/1.1.10.5/snappy-java-1.1.10.5.pom
2025-03-29 00:07:20,480 [Worker-31: Import Getting Started Content] INFO  o.e.m.c.i.e.AbstractTransferListenerAdapter - Downloaded https://repo.maven.apache.org/maven2/org/xerial/snappy/snappy-java/1.1.10.5/snappy-java-1.1.10.5.pom
2025-03-29 00:07:20,650 [Worker-31: Import Getting Started Content] INFO  o.e.m.c.i.e.AbstractTransferListenerAdapter - Downloading https://repo.maven.apache.org/maven2/org/springframework/kafka/spring-kafka-test/3.3.4/spring-kafka-test-3.3.4.pom
2025-03-29 00:07:20,659 [Worker-31: Import Getting Started Content] INFO  o.e.m.c.i.e.AbstractTransferListenerAdapter - Downloaded https://repo.maven.apache.org/maven2/org/springframework/kafka/spring-kafka-test/3.3.4/spring-kafka-test-3.3.4.pom
2025-03-29 00:07:20,701 [Worker-31: Import Getting Started Content] INFO  o.e.m.c.i.e.AbstractTransferListenerAdapter - Downloading https://repo.maven.apache.org/maven2/org/apache/zookeeper/zookeeper/3.8.4/zookeeper-3.8.4.pom
2025-03-29 00:07:20,711 [Worker-31: Import Getting Started Content] INFO  o.e.m.c.i.e.AbstractTransferListenerAdapter - Downloaded https://repo.maven.apache.org/maven2/org/apache/zookeeper/zookeeper/3.8.4/zookeeper-3.8.4.pom
2025-03-29 00:07:20,751 [Worker-31: Import Getting Started Content] INFO  o.e.m.c.i.e.AbstractTransferListenerAdapter - Downloading https://repo.maven.apache.org/maven2/org/apache/zookeeper/parent/3.8.4/parent-3.8.4.pom
2025-03-29 00:07:20,770 [Worker-31: Import Getting Started Content] INFO  o.e.m.c.i.e.AbstractTransferListenerAdapter - Downloaded https://repo.maven.apache.org/maven2/org/apache/zookeeper/parent/3.8.4/parent-3.8.4.pom
2025-03-29 00:07:20,806 [Worker-31: Import Getting Started Content] INFO  o.e.m.c.i.e.AbstractTransferListenerAdapter - Downloading https://repo.maven.apache.org/maven2/org/apache/zookeeper/zookeeper-jute/3.8.4/zookeeper-jute-3.8.4.pom
2025-03-29 00:07:20,814 [Worker-31: Import Getting Started Content] INFO  o.e.m.c.i.e.AbstractTransferListenerAdapter - Downloaded https://repo.maven.apache.org/maven2/org/apache/zookeeper/zookeeper-jute/3.8.4/zookeeper-jute-3.8.4.pom
2025-03-29 00:07:20,848 [Worker-31: Import Getting Started Content] INFO  o.e.m.c.i.e.AbstractTransferListenerAdapter - Downloading https://repo.maven.apache.org/maven2/org/apache/yetus/audience-annotations/0.12.0/audience-annotations-0.12.0.pom
2025-03-29 00:07:20,853 [Worker-31: Import Getting Started Content] INFO  o.e.m.c.i.e.AbstractTransferListenerAdapter - Downloaded https://repo.maven.apache.org/maven2/org/apache/yetus/audience-annotations/0.12.0/audience-annotations-0.12.0.pom
2025-03-29 00:07:20,885 [Worker-31: Import Getting Started Content] INFO  o.e.m.c.i.e.AbstractTransferListenerAdapter - Downloading https://repo.maven.apache.org/maven2/org/apache/yetus/yetus-project/0.12.0/yetus-project-0.12.0.pom
2025-03-29 00:07:20,890 [Worker-31: Import Getting Started Content] INFO  o.e.m.c.i.e.AbstractTransferListenerAdapter - Downloaded https://repo.maven.apache.org/maven2/org/apache/yetus/yetus-project/0.12.0/yetus-project-0.12.0.pom
2025-03-29 00:07:20,967 [Worker-31: Import Getting Started Content] INFO  o.e.m.c.i.e.AbstractTransferListenerAdapter - Downloading https://repo.maven.apache.org/maven2/org/apache/kafka/kafka-server/3.8.1/kafka-server-3.8.1.pom
2025-03-29 00:07:20,972 [Worker-31: Import Getting Started Content] INFO  o.e.m.c.i.e.AbstractTransferListenerAdapter - Downloaded https://repo.maven.apache.org/maven2/org/apache/kafka/kafka-server/3.8.1/kafka-server-3.8.1.pom
2025-03-29 00:07:21,004 [Worker-31: Import Getting Started Content] INFO  o.e.m.c.i.e.AbstractTransferListenerAdapter - Downloading https://repo.maven.apache.org/maven2/org/apache/kafka/kafka-server-common/3.8.1/kafka-server-common-3.8.1.pom
2025-03-29 00:07:21,011 [Worker-31: Import Getting Started Content] INFO  o.e.m.c.i.e.AbstractTransferListenerAdapter - Downloaded https://repo.maven.apache.org/maven2/org/apache/kafka/kafka-server-common/3.8.1/kafka-server-common-3.8.1.pom
2025-03-29 00:07:21,044 [Worker-31: Import Getting Started Content] INFO  o.e.m.c.i.e.AbstractTransferListenerAdapter - Downloading https://repo.maven.apache.org/maven2/com/yammer/metrics/metrics-core/2.2.0/metrics-core-2.2.0.pom
2025-03-29 00:07:21,049 [Worker-31: Import Getting Started Content] INFO  o.e.m.c.i.e.AbstractTransferListenerAdapter - Downloaded https://repo.maven.apache.org/maven2/com/yammer/metrics/metrics-core/2.2.0/metrics-core-2.2.0.pom
2025-03-29 00:07:21,081 [Worker-31: Import Getting Started Content] INFO  o.e.m.c.i.e.AbstractTransferListenerAdapter - Downloading https://repo.maven.apache.org/maven2/com/yammer/metrics/metrics-parent/2.2.0/metrics-parent-2.2.0.pom
2025-03-29 00:07:21,086 [Worker-31: Import Getting Started Content] INFO  o.e.m.c.i.e.AbstractTransferListenerAdapter - Downloaded https://repo.maven.apache.org/maven2/com/yammer/metrics/metrics-parent/2.2.0/metrics-parent-2.2.0.pom
2025-03-29 00:07:21,118 [Worker-31: Import Getting Started Content] INFO  o.e.m.c.i.e.AbstractTransferListenerAdapter - Downloading https://repo.maven.apache.org/maven2/net/sf/jopt-simple/jopt-simple/5.0.4/jopt-simple-5.0.4.pom
2025-03-29 00:07:21,124 [Worker-31: Import Getting Started Content] INFO  o.e.m.c.i.e.AbstractTransferListenerAdapter - Downloaded https://repo.maven.apache.org/maven2/net/sf/jopt-simple/jopt-simple/5.0.4/jopt-simple-5.0.4.pom
2025-03-29 00:07:21,157 [Worker-31: Import Getting Started Content] INFO  o.e.m.c.i.e.AbstractTransferListenerAdapter - Downloading https://repo.maven.apache.org/maven2/org/pcollections/pcollections/4.0.1/pcollections-4.0.1.pom
2025-03-29 00:07:21,162 [Worker-31: Import Getting Started Content] INFO  o.e.m.c.i.e.AbstractTransferListenerAdapter - Downloaded https://repo.maven.apache.org/maven2/org/pcollections/pcollections/4.0.1/pcollections-4.0.1.pom
2025-03-29 00:07:21,193 [Worker-31: Import Getting Started Content] INFO  o.e.m.c.i.e.AbstractTransferListenerAdapter - Downloading https://repo.maven.apache.org/maven2/org/apache/kafka/kafka-group-coordinator/3.8.1/kafka-group-coordinator-3.8.1.pom
2025-03-29 00:07:21,199 [Worker-31: Import Getting Started Content] INFO  o.e.m.c.i.e.AbstractTransferListenerAdapter - Downloaded https://repo.maven.apache.org/maven2/org/apache/kafka/kafka-group-coordinator/3.8.1/kafka-group-coordinator-3.8.1.pom
2025-03-29 00:07:21,231 [Worker-31: Import Getting Started Content] INFO  o.e.m.c.i.e.AbstractTransferListenerAdapter - Downloading https://repo.maven.apache.org/maven2/org/apache/kafka/kafka-metadata/3.8.1/kafka-metadata-3.8.1.pom
2025-03-29 00:07:21,236 [Worker-31: Import Getting Started Content] INFO  o.e.m.c.i.e.AbstractTransferListenerAdapter - Downloaded https://repo.maven.apache.org/maven2/org/apache/kafka/kafka-metadata/3.8.1/kafka-metadata-3.8.1.pom
2025-03-29 00:07:21,265 [Worker-31: Import Getting Started Content] INFO  o.e.m.c.i.e.AbstractTransferListenerAdapter - Downloading https://repo.maven.apache.org/maven2/org/apache/kafka/kafka-raft/3.8.1/kafka-raft-3.8.1.pom
2025-03-29 00:07:21,270 [Worker-31: Import Getting Started Content] INFO  o.e.m.c.i.e.AbstractTransferListenerAdapter - Downloaded https://repo.maven.apache.org/maven2/org/apache/kafka/kafka-raft/3.8.1/kafka-raft-3.8.1.pom
2025-03-29 00:07:21,299 [Worker-31: Import Getting Started Content] INFO  o.e.m.c.i.e.AbstractTransferListenerAdapter - Downloading https://repo.maven.apache.org/maven2/org/apache/kafka/kafka-group-coordinator-api/3.8.1/kafka-group-coordinator-api-3.8.1.pom
2025-03-29 00:07:21,304 [Worker-31: Import Getting Started Content] INFO  o.e.m.c.i.e.AbstractTransferListenerAdapter - Downloaded https://repo.maven.apache.org/maven2/org/apache/kafka/kafka-group-coordinator-api/3.8.1/kafka-group-coordinator-api-3.8.1.pom
2025-03-29 00:07:21,334 [Worker-31: Import Getting Started Content] INFO  o.e.m.c.i.e.AbstractTransferListenerAdapter - Downloading https://repo.maven.apache.org/maven2/org/apache/kafka/kafka-storage/3.8.1/kafka-storage-3.8.1.pom
2025-03-29 00:07:21,339 [Worker-31: Import Getting Started Content] INFO  o.e.m.c.i.e.AbstractTransferListenerAdapter - Downloaded https://repo.maven.apache.org/maven2/org/apache/kafka/kafka-storage/3.8.1/kafka-storage-3.8.1.pom
2025-03-29 00:07:21,371 [Worker-31: Import Getting Started Content] INFO  o.e.m.c.i.e.AbstractTransferListenerAdapter - Downloading https://repo.maven.apache.org/maven2/org/apache/kafka/kafka-storage-api/3.8.1/kafka-storage-api-3.8.1.pom
2025-03-29 00:07:21,377 [Worker-31: Import Getting Started Content] INFO  o.e.m.c.i.e.AbstractTransferListenerAdapter - Downloaded https://repo.maven.apache.org/maven2/org/apache/kafka/kafka-storage-api/3.8.1/kafka-storage-api-3.8.1.pom
2025-03-29 00:07:21,409 [Worker-31: Import Getting Started Content] INFO  o.e.m.c.i.e.AbstractTransferListenerAdapter - Downloading https://repo.maven.apache.org/maven2/com/github/ben-manes/caffeine/caffeine/3.1.8/caffeine-3.1.8.pom
2025-03-29 00:07:21,414 [Worker-31: Import Getting Started Content] INFO  o.e.m.c.i.e.AbstractTransferListenerAdapter - Downloaded https://repo.maven.apache.org/maven2/com/github/ben-manes/caffeine/caffeine/3.1.8/caffeine-3.1.8.pom
2025-03-29 00:07:21,444 [Worker-31: Import Getting Started Content] INFO  o.e.m.c.i.e.AbstractTransferListenerAdapter - Downloading https://repo.maven.apache.org/maven2/org/checkerframework/checker-qual/3.37.0/checker-qual-3.37.0.pom
2025-03-29 00:07:21,449 [Worker-31: Import Getting Started Content] INFO  o.e.m.c.i.e.AbstractTransferListenerAdapter - Downloaded https://repo.maven.apache.org/maven2/org/checkerframework/checker-qual/3.37.0/checker-qual-3.37.0.pom
2025-03-29 00:07:21,478 [Worker-31: Import Getting Started Content] INFO  o.e.m.c.i.e.AbstractTransferListenerAdapter - Downloading https://repo.maven.apache.org/maven2/com/google/errorprone/error_prone_annotations/2.21.1/error_prone_annotations-2.21.1.pom
2025-03-29 00:07:21,484 [Worker-31: Import Getting Started Content] INFO  o.e.m.c.i.e.AbstractTransferListenerAdapter - Downloaded https://repo.maven.apache.org/maven2/com/google/errorprone/error_prone_annotations/2.21.1/error_prone_annotations-2.21.1.pom
2025-03-29 00:07:21,517 [Worker-31: Import Getting Started Content] INFO  o.e.m.c.i.e.AbstractTransferListenerAdapter - Downloading https://repo.maven.apache.org/maven2/com/google/errorprone/error_prone_parent/2.21.1/error_prone_parent-2.21.1.pom
2025-03-29 00:07:21,522 [Worker-31: Import Getting Started Content] INFO  o.e.m.c.i.e.AbstractTransferListenerAdapter - Downloaded https://repo.maven.apache.org/maven2/com/google/errorprone/error_prone_parent/2.21.1/error_prone_parent-2.21.1.pom
2025-03-29 00:07:21,562 [Worker-31: Import Getting Started Content] INFO  o.e.m.c.i.e.AbstractTransferListenerAdapter - Downloading https://repo.maven.apache.org/maven2/org/apache/kafka/kafka-transaction-coordinator/3.8.1/kafka-transaction-coordinator-3.8.1.pom
2025-03-29 00:07:21,568 [Worker-31: Import Getting Started Content] INFO  o.e.m.c.i.e.AbstractTransferListenerAdapter - Downloaded https://repo.maven.apache.org/maven2/org/apache/kafka/kafka-transaction-coordinator/3.8.1/kafka-transaction-coordinator-3.8.1.pom
2025-03-29 00:07:21,610 [Worker-31: Import Getting Started Content] INFO  o.e.m.c.i.e.AbstractTransferListenerAdapter - Downloading https://repo.maven.apache.org/maven2/org/apache/kafka/kafka-streams-test-utils/3.8.1/kafka-streams-test-utils-3.8.1.pom
2025-03-29 00:07:21,618 [Worker-31: Import Getting Started Content] INFO  o.e.m.c.i.e.AbstractTransferListenerAdapter - Downloaded https://repo.maven.apache.org/maven2/org/apache/kafka/kafka-streams-test-utils/3.8.1/kafka-streams-test-utils-3.8.1.pom
2025-03-29 00:07:21,667 [Worker-31: Import Getting Started Content] INFO  o.e.m.c.i.e.AbstractTransferListenerAdapter - Downloading https://repo.maven.apache.org/maven2/org/apache/kafka/kafka-streams/3.8.1/kafka-streams-3.8.1.pom
2025-03-29 00:07:21,672 [Worker-31: Import Getting Started Content] INFO  o.e.m.c.i.e.AbstractTransferListenerAdapter - Downloaded https://repo.maven.apache.org/maven2/org/apache/kafka/kafka-streams/3.8.1/kafka-streams-3.8.1.pom
2025-03-29 00:07:21,710 [Worker-31: Import Getting Started Content] INFO  o.e.m.c.i.e.AbstractTransferListenerAdapter - Downloading https://repo.maven.apache.org/maven2/org/rocksdb/rocksdbjni/7.9.2/rocksdbjni-7.9.2.pom
2025-03-29 00:07:21,715 [Worker-31: Import Getting Started Content] INFO  o.e.m.c.i.e.AbstractTransferListenerAdapter - Downloaded https://repo.maven.apache.org/maven2/org/rocksdb/rocksdbjni/7.9.2/rocksdbjni-7.9.2.pom
2025-03-29 00:07:21,746 [Worker-31: Import Getting Started Content] INFO  o.e.m.c.i.e.AbstractTransferListenerAdapter - Downloading https://repo.maven.apache.org/maven2/org/apache/kafka/kafka_2.13/3.8.1/kafka_2.13-3.8.1.pom
2025-03-29 00:07:21,755 [Worker-31: Import Getting Started Content] INFO  o.e.m.c.i.e.AbstractTransferListenerAdapter - Downloaded https://repo.maven.apache.org/maven2/org/apache/kafka/kafka_2.13/3.8.1/kafka_2.13-3.8.1.pom
2025-03-29 00:07:21,792 [Worker-31: Import Getting Started Content] INFO  o.e.m.c.i.e.AbstractTransferListenerAdapter - Downloading https://repo.maven.apache.org/maven2/org/scala-lang/scala-library/2.13.14/scala-library-2.13.14.pom
2025-03-29 00:07:21,798 [Worker-31: Import Getting Started Content] INFO  o.e.m.c.i.e.AbstractTransferListenerAdapter - Downloaded https://repo.maven.apache.org/maven2/org/scala-lang/scala-library/2.13.14/scala-library-2.13.14.pom
2025-03-29 00:07:21,833 [Worker-31: Import Getting Started Content] INFO  o.e.m.c.i.e.AbstractTransferListenerAdapter - Downloading https://repo.maven.apache.org/maven2/org/apache/kafka/kafka-tools-api/3.8.1/kafka-tools-api-3.8.1.pom
2025-03-29 00:07:21,837 [Worker-31: Import Getting Started Content] INFO  o.e.m.c.i.e.AbstractTransferListenerAdapter - Downloaded https://repo.maven.apache.org/maven2/org/apache/kafka/kafka-tools-api/3.8.1/kafka-tools-api-3.8.1.pom
2025-03-29 00:07:21,879 [Worker-31: Import Getting Started Content] INFO  o.e.m.c.i.e.AbstractTransferListenerAdapter - Downloading https://repo.maven.apache.org/maven2/net/sourceforge/argparse4j/argparse4j/0.7.0/argparse4j-0.7.0.pom
2025-03-29 00:07:21,887 [Worker-31: Import Getting Started Content] INFO  o.e.m.c.i.e.AbstractTransferListenerAdapter - Downloaded https://repo.maven.apache.org/maven2/net/sourceforge/argparse4j/argparse4j/0.7.0/argparse4j-0.7.0.pom
2025-03-29 00:07:21,920 [Worker-31: Import Getting Started Content] INFO  o.e.m.c.i.e.AbstractTransferListenerAdapter - Downloading https://repo.maven.apache.org/maven2/commons-validator/commons-validator/1.7/commons-validator-1.7.pom
2025-03-29 00:07:21,926 [Worker-31: Import Getting Started Content] INFO  o.e.m.c.i.e.AbstractTransferListenerAdapter - Downloaded https://repo.maven.apache.org/maven2/commons-validator/commons-validator/1.7/commons-validator-1.7.pom
2025-03-29 00:07:21,963 [Worker-31: Import Getting Started Content] INFO  o.e.m.c.i.e.AbstractTransferListenerAdapter - Downloading https://repo.maven.apache.org/maven2/commons-beanutils/commons-beanutils/1.9.4/commons-beanutils-1.9.4.pom
2025-03-29 00:07:21,971 [Worker-31: Import Getting Started Content] INFO  o.e.m.c.i.e.AbstractTransferListenerAdapter - Downloaded https://repo.maven.apache.org/maven2/commons-beanutils/commons-beanutils/1.9.4/commons-beanutils-1.9.4.pom
2025-03-29 00:07:22,019 [Worker-31: Import Getting Started Content] INFO  o.e.m.c.i.e.AbstractTransferListenerAdapter - Downloading https://repo.maven.apache.org/maven2/commons-digester/commons-digester/2.1/commons-digester-2.1.pom
2025-03-29 00:07:22,024 [Worker-31: Import Getting Started Content] INFO  o.e.m.c.i.e.AbstractTransferListenerAdapter - Downloaded https://repo.maven.apache.org/maven2/commons-digester/commons-digester/2.1/commons-digester-2.1.pom
2025-03-29 00:07:22,055 [Worker-31: Import Getting Started Content] INFO  o.e.m.c.i.e.AbstractTransferListenerAdapter - Downloading https://repo.maven.apache.org/maven2/com/fasterxml/jackson/module/jackson-module-scala_2.13/2.18.3/jackson-module-scala_2.13-2.18.3.pom
2025-03-29 00:07:22,060 [Worker-31: Import Getting Started Content] INFO  o.e.m.c.i.e.AbstractTransferListenerAdapter - Downloaded https://repo.maven.apache.org/maven2/com/fasterxml/jackson/module/jackson-module-scala_2.13/2.18.3/jackson-module-scala_2.13-2.18.3.pom
2025-03-29 00:07:22,090 [Worker-31: Import Getting Started Content] INFO  o.e.m.c.i.e.AbstractTransferListenerAdapter - Downloading https://repo.maven.apache.org/maven2/org/scala-lang/scala-library/2.13.15/scala-library-2.13.15.pom
2025-03-29 00:07:22,094 [Worker-31: Import Getting Started Content] INFO  o.e.m.c.i.e.AbstractTransferListenerAdapter - Downloaded https://repo.maven.apache.org/maven2/org/scala-lang/scala-library/2.13.15/scala-library-2.13.15.pom
2025-03-29 00:07:22,126 [Worker-31: Import Getting Started Content] INFO  o.e.m.c.i.e.AbstractTransferListenerAdapter - Downloading https://repo.maven.apache.org/maven2/com/thoughtworks/paranamer/paranamer/2.8/paranamer-2.8.pom
2025-03-29 00:07:22,130 [Worker-31: Import Getting Started Content] INFO  o.e.m.c.i.e.AbstractTransferListenerAdapter - Downloaded https://repo.maven.apache.org/maven2/com/thoughtworks/paranamer/paranamer/2.8/paranamer-2.8.pom
2025-03-29 00:07:22,158 [Worker-31: Import Getting Started Content] INFO  o.e.m.c.i.e.AbstractTransferListenerAdapter - Downloading https://repo.maven.apache.org/maven2/com/thoughtworks/paranamer/paranamer-parent/2.8/paranamer-parent-2.8.pom
2025-03-29 00:07:22,162 [Worker-31: Import Getting Started Content] INFO  o.e.m.c.i.e.AbstractTransferListenerAdapter - Downloaded https://repo.maven.apache.org/maven2/com/thoughtworks/paranamer/paranamer-parent/2.8/paranamer-parent-2.8.pom
2025-03-29 00:07:22,190 [Worker-31: Import Getting Started Content] INFO  o.e.m.c.i.e.AbstractTransferListenerAdapter - Downloading https://repo.maven.apache.org/maven2/com/fasterxml/jackson/dataformat/jackson-dataformat-csv/2.18.3/jackson-dataformat-csv-2.18.3.pom
2025-03-29 00:07:22,194 [Worker-31: Import Getting Started Content] INFO  o.e.m.c.i.e.AbstractTransferListenerAdapter - Downloaded https://repo.maven.apache.org/maven2/com/fasterxml/jackson/dataformat/jackson-dataformat-csv/2.18.3/jackson-dataformat-csv-2.18.3.pom
2025-03-29 00:07:22,230 [Worker-31: Import Getting Started Content] INFO  o.e.m.c.i.e.AbstractTransferListenerAdapter - Downloading https://repo.maven.apache.org/maven2/org/bitbucket/b_c/jose4j/0.9.4/jose4j-0.9.4.pom
2025-03-29 00:07:22,234 [Worker-31: Import Getting Started Content] INFO  o.e.m.c.i.e.AbstractTransferListenerAdapter - Downloaded https://repo.maven.apache.org/maven2/org/bitbucket/b_c/jose4j/0.9.4/jose4j-0.9.4.pom
2025-03-29 00:07:22,264 [Worker-31: Import Getting Started Content] INFO  o.e.m.c.i.e.AbstractTransferListenerAdapter - Downloading https://repo.maven.apache.org/maven2/org/scala-lang/modules/scala-collection-compat_2.13/2.10.0/scala-collection-compat_2.13-2.10.0.pom
2025-03-29 00:07:22,268 [Worker-31: Import Getting Started Content] INFO  o.e.m.c.i.e.AbstractTransferListenerAdapter - Downloaded https://repo.maven.apache.org/maven2/org/scala-lang/modules/scala-collection-compat_2.13/2.10.0/scala-collection-compat_2.13-2.10.0.pom
2025-03-29 00:07:22,299 [Worker-31: Import Getting Started Content] INFO  o.e.m.c.i.e.AbstractTransferListenerAdapter - Downloading https://repo.maven.apache.org/maven2/org/scala-lang/scala-library/2.13.10/scala-library-2.13.10.pom
2025-03-29 00:07:22,302 [Worker-31: Import Getting Started Content] INFO  o.e.m.c.i.e.AbstractTransferListenerAdapter - Downloaded https://repo.maven.apache.org/maven2/org/scala-lang/scala-library/2.13.10/scala-library-2.13.10.pom
2025-03-29 00:07:22,330 [Worker-31: Import Getting Started Content] INFO  o.e.m.c.i.e.AbstractTransferListenerAdapter - Downloading https://repo.maven.apache.org/maven2/org/scala-lang/modules/scala-java8-compat_2.13/1.0.2/scala-java8-compat_2.13-1.0.2.pom
2025-03-29 00:07:22,335 [Worker-31: Import Getting Started Content] INFO  o.e.m.c.i.e.AbstractTransferListenerAdapter - Downloaded https://repo.maven.apache.org/maven2/org/scala-lang/modules/scala-java8-compat_2.13/1.0.2/scala-java8-compat_2.13-1.0.2.pom
2025-03-29 00:07:22,361 [Worker-31: Import Getting Started Content] INFO  o.e.m.c.i.e.AbstractTransferListenerAdapter - Downloading https://repo.maven.apache.org/maven2/org/scala-lang/scala-library/2.13.6/scala-library-2.13.6.pom
2025-03-29 00:07:22,367 [Worker-31: Import Getting Started Content] INFO  o.e.m.c.i.e.AbstractTransferListenerAdapter - Downloaded https://repo.maven.apache.org/maven2/org/scala-lang/scala-library/2.13.6/scala-library-2.13.6.pom
2025-03-29 00:07:22,393 [Worker-31: Import Getting Started Content] INFO  o.e.m.c.i.e.AbstractTransferListenerAdapter - Downloading https://repo.maven.apache.org/maven2/org/scala-lang/scala-reflect/2.13.14/scala-reflect-2.13.14.pom
2025-03-29 00:07:22,398 [Worker-31: Import Getting Started Content] INFO  o.e.m.c.i.e.AbstractTransferListenerAdapter - Downloaded https://repo.maven.apache.org/maven2/org/scala-lang/scala-reflect/2.13.14/scala-reflect-2.13.14.pom
2025-03-29 00:07:22,428 [Worker-31: Import Getting Started Content] INFO  o.e.m.c.i.e.AbstractTransferListenerAdapter - Downloading https://repo.maven.apache.org/maven2/com/typesafe/scala-logging/scala-logging_2.13/3.9.4/scala-logging_2.13-3.9.4.pom
2025-03-29 00:07:22,432 [Worker-31: Import Getting Started Content] INFO  o.e.m.c.i.e.AbstractTransferListenerAdapter - Downloaded https://repo.maven.apache.org/maven2/com/typesafe/scala-logging/scala-logging_2.13/3.9.4/scala-logging_2.13-3.9.4.pom
2025-03-29 00:07:22,463 [Worker-31: Import Getting Started Content] INFO  o.e.m.c.i.e.AbstractTransferListenerAdapter - Downloading https://repo.maven.apache.org/maven2/org/scala-lang/scala-library/2.13.5/scala-library-2.13.5.pom
2025-03-29 00:07:22,467 [Worker-31: Import Getting Started Content] INFO  o.e.m.c.i.e.AbstractTransferListenerAdapter - Downloaded https://repo.maven.apache.org/maven2/org/scala-lang/scala-library/2.13.5/scala-library-2.13.5.pom
2025-03-29 00:07:22,495 [Worker-31: Import Getting Started Content] INFO  o.e.m.c.i.e.AbstractTransferListenerAdapter - Downloading https://repo.maven.apache.org/maven2/org/scala-lang/scala-reflect/2.13.5/scala-reflect-2.13.5.pom
2025-03-29 00:07:22,499 [Worker-31: Import Getting Started Content] INFO  o.e.m.c.i.e.AbstractTransferListenerAdapter - Downloaded https://repo.maven.apache.org/maven2/org/scala-lang/scala-reflect/2.13.5/scala-reflect-2.13.5.pom
2025-03-29 00:07:22,529 [Worker-31: Import Getting Started Content] INFO  o.e.m.c.i.e.AbstractTransferListenerAdapter - Downloading https://repo.maven.apache.org/maven2/commons-io/commons-io/2.14.0/commons-io-2.14.0.pom
2025-03-29 00:07:22,534 [Worker-31: Import Getting Started Content] INFO  o.e.m.c.i.e.AbstractTransferListenerAdapter - Downloaded https://repo.maven.apache.org/maven2/commons-io/commons-io/2.14.0/commons-io-2.14.0.pom
2025-03-29 00:07:22,561 [Worker-31: Import Getting Started Content] INFO  o.e.m.c.i.e.AbstractTransferListenerAdapter - Downloading https://repo.maven.apache.org/maven2/org/apache/commons/commons-parent/62/commons-parent-62.pom
2025-03-29 00:07:22,587 [Worker-31: Import Getting Started Content] INFO  o.e.m.c.i.e.AbstractTransferListenerAdapter - Downloaded https://repo.maven.apache.org/maven2/org/apache/commons/commons-parent/62/commons-parent-62.pom
2025-03-29 00:07:22,616 [Worker-31: Import Getting Started Content] INFO  o.e.m.c.i.e.AbstractTransferListenerAdapter - Downloading https://repo.maven.apache.org/maven2/io/dropwizard/metrics/metrics-core/4.1.12.1/metrics-core-4.1.12.1.pom
2025-03-29 00:07:22,621 [Worker-31: Import Getting Started Content] INFO  o.e.m.c.i.e.AbstractTransferListenerAdapter - Downloaded https://repo.maven.apache.org/maven2/io/dropwizard/metrics/metrics-core/4.1.12.1/metrics-core-4.1.12.1.pom
2025-03-29 00:07:22,649 [Worker-31: Import Getting Started Content] INFO  o.e.m.c.i.e.AbstractTransferListenerAdapter - Downloading https://repo.maven.apache.org/maven2/io/dropwizard/metrics/metrics-parent/4.1.12.1/metrics-parent-4.1.12.1.pom
2025-03-29 00:07:22,653 [Worker-31: Import Getting Started Content] INFO  o.e.m.c.i.e.AbstractTransferListenerAdapter - Downloaded https://repo.maven.apache.org/maven2/io/dropwizard/metrics/metrics-parent/4.1.12.1/metrics-parent-4.1.12.1.pom
2025-03-29 00:07:22,682 [Worker-31: Import Getting Started Content] INFO  o.e.m.c.i.e.AbstractTransferListenerAdapter - Downloading https://repo.maven.apache.org/maven2/commons-cli/commons-cli/1.4/commons-cli-1.4.pom
2025-03-29 00:07:22,686 [Worker-31: Import Getting Started Content] INFO  o.e.m.c.i.e.AbstractTransferListenerAdapter - Downloaded https://repo.maven.apache.org/maven2/commons-cli/commons-cli/1.4/commons-cli-1.4.pom
2025-03-29 00:07:22,727 [Worker-31: Import Getting Started Content] INFO  o.e.m.c.i.e.AbstractTransferListenerAdapter - Downloading https://repo.maven.apache.org/maven2/org/junit/platform/junit-platform-launcher/1.11.4/junit-platform-launcher-1.11.4.pom
2025-03-29 00:07:22,730 [Worker-31: Import Getting Started Content] INFO  o.e.m.c.i.e.AbstractTransferListenerAdapter - Downloaded https://repo.maven.apache.org/maven2/org/junit/platform/junit-platform-launcher/1.11.4/junit-platform-launcher-1.11.4.pom
2025-03-29 00:07:22,843 [Worker-31: Import Getting Started Content] INFO  o.e.m.c.i.e.AbstractTransferListenerAdapter - Downloading https://repo.maven.apache.org/maven2/org/springframework/kafka/spring-kafka/3.3.4/spring-kafka-3.3.4.jar
2025-03-29 00:07:22,916 [Worker-31: Import Getting Started Content] INFO  o.e.m.c.i.e.AbstractTransferListenerAdapter - Downloaded https://repo.maven.apache.org/maven2/org/springframework/kafka/spring-kafka/3.3.4/spring-kafka-3.3.4.jar
2025-03-29 00:07:22,942 [BasicRepositoryConnector-repo.maven.apache.org-0-0] INFO  o.e.m.c.i.e.AbstractTransferListenerAdapter - Downloading https://repo.maven.apache.org/maven2/org/springframework/retry/spring-retry/2.0.11/spring-retry-2.0.11.jar
2025-03-29 00:07:22,950 [BasicRepositoryConnector-repo.maven.apache.org-0-0] INFO  o.e.m.c.i.e.AbstractTransferListenerAdapter - Downloaded https://repo.maven.apache.org/maven2/org/springframework/retry/spring-retry/2.0.11/spring-retry-2.0.11.jar
2025-03-29 00:07:22,974 [BasicRepositoryConnector-repo.maven.apache.org-0-0] INFO  o.e.m.c.i.e.AbstractTransferListenerAdapter - Downloading https://repo.maven.apache.org/maven2/org/springframework/kafka/spring-kafka-test/3.3.4/spring-kafka-test-3.3.4.jar
2025-03-29 00:07:22,980 [BasicRepositoryConnector-repo.maven.apache.org-0-0] INFO  o.e.m.c.i.e.AbstractTransferListenerAdapter - Downloaded https://repo.maven.apache.org/maven2/org/springframework/kafka/spring-kafka-test/3.3.4/spring-kafka-test-3.3.4.jar
2025-03-29 00:07:22,991 [BasicRepositoryConnector-repo.maven.apache.org-0-2] INFO  o.e.m.c.i.e.AbstractTransferListenerAdapter - Downloading https://repo.maven.apache.org/maven2/com/github/luben/zstd-jni/1.5.6-4/zstd-jni-1.5.6-4.jar
2025-03-29 00:07:22,991 [BasicRepositoryConnector-repo.maven.apache.org-0-3] INFO  o.e.m.c.i.e.AbstractTransferListenerAdapter - Downloading https://repo.maven.apache.org/maven2/org/lz4/lz4-java/1.8.0/lz4-java-1.8.0.jar
2025-03-29 00:07:22,992 [BasicRepositoryConnector-repo.maven.apache.org-0-1] INFO  o.e.m.c.i.e.AbstractTransferListenerAdapter - Downloading https://repo.maven.apache.org/maven2/org/apache/kafka/kafka-clients/3.8.1/kafka-clients-3.8.1.jar
2025-03-29 00:07:22,996 [BasicRepositoryConnector-repo.maven.apache.org-0-4] INFO  o.e.m.c.i.e.AbstractTransferListenerAdapter - Downloading https://repo.maven.apache.org/maven2/org/xerial/snappy/snappy-java/1.1.10.5/snappy-java-1.1.10.5.jar
2025-03-29 00:07:23,007 [BasicRepositoryConnector-repo.maven.apache.org-0-0] INFO  o.e.m.c.i.e.AbstractTransferListenerAdapter - Downloading https://repo.maven.apache.org/maven2/org/apache/zookeeper/zookeeper/3.8.4/zookeeper-3.8.4.jar
2025-03-29 00:07:23,060 [BasicRepositoryConnector-repo.maven.apache.org-0-0] INFO  o.e.m.c.i.e.AbstractTransferListenerAdapter - Downloaded https://repo.maven.apache.org/maven2/org/apache/zookeeper/zookeeper/3.8.4/zookeeper-3.8.4.jar
2025-03-29 00:07:23,085 [BasicRepositoryConnector-repo.maven.apache.org-0-0] INFO  o.e.m.c.i.e.AbstractTransferListenerAdapter - Downloading https://repo.maven.apache.org/maven2/org/apache/zookeeper/zookeeper-jute/3.8.4/zookeeper-jute-3.8.4.jar
2025-03-29 00:07:23,099 [BasicRepositoryConnector-repo.maven.apache.org-0-0] INFO  o.e.m.c.i.e.AbstractTransferListenerAdapter - Downloaded https://repo.maven.apache.org/maven2/org/apache/zookeeper/zookeeper-jute/3.8.4/zookeeper-jute-3.8.4.jar
2025-03-29 00:07:23,127 [BasicRepositoryConnector-repo.maven.apache.org-0-0] INFO  o.e.m.c.i.e.AbstractTransferListenerAdapter - Downloading https://repo.maven.apache.org/maven2/org/apache/yetus/audience-annotations/0.12.0/audience-annotations-0.12.0.jar
2025-03-29 00:07:23,133 [BasicRepositoryConnector-repo.maven.apache.org-0-0] INFO  o.e.m.c.i.e.AbstractTransferListenerAdapter - Downloaded https://repo.maven.apache.org/maven2/org/apache/yetus/audience-annotations/0.12.0/audience-annotations-0.12.0.jar
2025-03-29 00:07:23,160 [BasicRepositoryConnector-repo.maven.apache.org-0-0] INFO  o.e.m.c.i.e.AbstractTransferListenerAdapter - Downloading https://repo.maven.apache.org/maven2/io/netty/netty-transport-native-epoll/4.1.119.Final/netty-transport-native-epoll-4.1.119.Final.jar
2025-03-29 00:07:23,163 [BasicRepositoryConnector-repo.maven.apache.org-0-0] INFO  o.e.m.c.i.e.AbstractTransferListenerAdapter - Downloaded https://repo.maven.apache.org/maven2/io/netty/netty-transport-native-epoll/4.1.119.Final/netty-transport-native-epoll-4.1.119.Final.jar
2025-03-29 00:07:23,178 [BasicRepositoryConnector-repo.maven.apache.org-0-3] INFO  o.e.m.c.i.e.AbstractTransferListenerAdapter - Downloaded https://repo.maven.apache.org/maven2/org/lz4/lz4-java/1.8.0/lz4-java-1.8.0.jar
2025-03-29 00:07:23,193 [BasicRepositoryConnector-repo.maven.apache.org-0-0] INFO  o.e.m.c.i.e.AbstractTransferListenerAdapter - Downloading https://repo.maven.apache.org/maven2/org/apache/kafka/kafka-clients/3.8.1/kafka-clients-3.8.1-test.jar
2025-03-29 00:07:23,232 [BasicRepositoryConnector-repo.maven.apache.org-0-3] INFO  o.e.m.c.i.e.AbstractTransferListenerAdapter - Downloading https://repo.maven.apache.org/maven2/org/apache/kafka/kafka-server/3.8.1/kafka-server-3.8.1.jar
2025-03-29 00:07:23,245 [BasicRepositoryConnector-repo.maven.apache.org-0-3] INFO  o.e.m.c.i.e.AbstractTransferListenerAdapter - Downloaded https://repo.maven.apache.org/maven2/org/apache/kafka/kafka-server/3.8.1/kafka-server-3.8.1.jar
2025-03-29 00:07:23,292 [BasicRepositoryConnector-repo.maven.apache.org-0-3] INFO  o.e.m.c.i.e.AbstractTransferListenerAdapter - Downloading https://repo.maven.apache.org/maven2/org/apache/kafka/kafka-group-coordinator/3.8.1/kafka-group-coordinator-3.8.1.jar
2025-03-29 00:07:23,315 [BasicRepositoryConnector-repo.maven.apache.org-0-0] INFO  o.e.m.c.i.e.AbstractTransferListenerAdapter - Downloaded https://repo.maven.apache.org/maven2/org/apache/kafka/kafka-clients/3.8.1/kafka-clients-3.8.1-test.jar
2025-03-29 00:07:23,342 [BasicRepositoryConnector-repo.maven.apache.org-0-0] INFO  o.e.m.c.i.e.AbstractTransferListenerAdapter - Downloading https://repo.maven.apache.org/maven2/org/apache/kafka/kafka-transaction-coordinator/3.8.1/kafka-transaction-coordinator-3.8.1.jar
2025-03-29 00:07:23,347 [BasicRepositoryConnector-repo.maven.apache.org-0-0] INFO  o.e.m.c.i.e.AbstractTransferListenerAdapter - Downloaded https://repo.maven.apache.org/maven2/org/apache/kafka/kafka-transaction-coordinator/3.8.1/kafka-transaction-coordinator-3.8.1.jar
2025-03-29 00:07:23,375 [BasicRepositoryConnector-repo.maven.apache.org-0-0] INFO  o.e.m.c.i.e.AbstractTransferListenerAdapter - Downloading https://repo.maven.apache.org/maven2/org/apache/kafka/kafka-raft/3.8.1/kafka-raft-3.8.1.jar
2025-03-29 00:07:23,409 [BasicRepositoryConnector-repo.maven.apache.org-0-0] INFO  o.e.m.c.i.e.AbstractTransferListenerAdapter - Downloaded https://repo.maven.apache.org/maven2/org/apache/kafka/kafka-raft/3.8.1/kafka-raft-3.8.1.jar
2025-03-29 00:07:23,411 [BasicRepositoryConnector-repo.maven.apache.org-0-3] INFO  o.e.m.c.i.e.AbstractTransferListenerAdapter - Downloaded https://repo.maven.apache.org/maven2/org/apache/kafka/kafka-group-coordinator/3.8.1/kafka-group-coordinator-3.8.1.jar
2025-03-29 00:07:23,433 [BasicRepositoryConnector-repo.maven.apache.org-0-0] INFO  o.e.m.c.i.e.AbstractTransferListenerAdapter - Downloading https://repo.maven.apache.org/maven2/com/yammer/metrics/metrics-core/2.2.0/metrics-core-2.2.0.jar
2025-03-29 00:07:23,445 [BasicRepositoryConnector-repo.maven.apache.org-0-3] INFO  o.e.m.c.i.e.AbstractTransferListenerAdapter - Downloading https://repo.maven.apache.org/maven2/org/apache/kafka/kafka-metadata/3.8.1/kafka-metadata-3.8.1.jar
2025-03-29 00:07:23,454 [BasicRepositoryConnector-repo.maven.apache.org-0-0] INFO  o.e.m.c.i.e.AbstractTransferListenerAdapter - Downloaded https://repo.maven.apache.org/maven2/com/yammer/metrics/metrics-core/2.2.0/metrics-core-2.2.0.jar
2025-03-29 00:07:23,490 [BasicRepositoryConnector-repo.maven.apache.org-0-0] INFO  o.e.m.c.i.e.AbstractTransferListenerAdapter - Downloading https://repo.maven.apache.org/maven2/org/apache/kafka/kafka-server-common/3.8.1/kafka-server-common-3.8.1.jar
2025-03-29 00:07:23,492 [BasicRepositoryConnector-repo.maven.apache.org-0-3] INFO  o.e.m.c.i.e.AbstractTransferListenerAdapter - Downloaded https://repo.maven.apache.org/maven2/org/apache/kafka/kafka-metadata/3.8.1/kafka-metadata-3.8.1.jar
2025-03-29 00:07:23,518 [BasicRepositoryConnector-repo.maven.apache.org-0-3] INFO  o.e.m.c.i.e.AbstractTransferListenerAdapter - Downloading https://repo.maven.apache.org/maven2/net/sf/jopt-simple/jopt-simple/5.0.4/jopt-simple-5.0.4.jar
2025-03-29 00:07:23,526 [BasicRepositoryConnector-repo.maven.apache.org-0-3] INFO  o.e.m.c.i.e.AbstractTransferListenerAdapter - Downloaded https://repo.maven.apache.org/maven2/net/sf/jopt-simple/jopt-simple/5.0.4/jopt-simple-5.0.4.jar
2025-03-29 00:07:23,541 [BasicRepositoryConnector-repo.maven.apache.org-0-0] INFO  o.e.m.c.i.e.AbstractTransferListenerAdapter - Downloaded https://repo.maven.apache.org/maven2/org/apache/kafka/kafka-server-common/3.8.1/kafka-server-common-3.8.1.jar
2025-03-29 00:07:23,552 [BasicRepositoryConnector-repo.maven.apache.org-0-3] INFO  o.e.m.c.i.e.AbstractTransferListenerAdapter - Downloading https://repo.maven.apache.org/maven2/org/pcollections/pcollections/4.0.1/pcollections-4.0.1.jar
2025-03-29 00:07:23,559 [BasicRepositoryConnector-repo.maven.apache.org-0-3] INFO  o.e.m.c.i.e.AbstractTransferListenerAdapter - Downloaded https://repo.maven.apache.org/maven2/org/pcollections/pcollections/4.0.1/pcollections-4.0.1.jar
2025-03-29 00:07:23,566 [BasicRepositoryConnector-repo.maven.apache.org-0-0] INFO  o.e.m.c.i.e.AbstractTransferListenerAdapter - Downloading https://repo.maven.apache.org/maven2/org/apache/kafka/kafka-server-common/3.8.1/kafka-server-common-3.8.1-test.jar
2025-03-29 00:07:23,576 [BasicRepositoryConnector-repo.maven.apache.org-0-4] INFO  o.e.m.c.i.e.AbstractTransferListenerAdapter - Downloaded https://repo.maven.apache.org/maven2/org/xerial/snappy/snappy-java/1.1.10.5/snappy-java-1.1.10.5.jar
2025-03-29 00:07:23,586 [BasicRepositoryConnector-repo.maven.apache.org-0-3] INFO  o.e.m.c.i.e.AbstractTransferListenerAdapter - Downloading https://repo.maven.apache.org/maven2/org/apache/kafka/kafka-streams-test-utils/3.8.1/kafka-streams-test-utils-3.8.1.jar
2025-03-29 00:07:23,590 [BasicRepositoryConnector-repo.maven.apache.org-0-3] INFO  o.e.m.c.i.e.AbstractTransferListenerAdapter - Downloaded https://repo.maven.apache.org/maven2/org/apache/kafka/kafka-streams-test-utils/3.8.1/kafka-streams-test-utils-3.8.1.jar
2025-03-29 00:07:23,599 [BasicRepositoryConnector-repo.maven.apache.org-0-4] INFO  o.e.m.c.i.e.AbstractTransferListenerAdapter - Downloading https://repo.maven.apache.org/maven2/org/apache/kafka/kafka-streams/3.8.1/kafka-streams-3.8.1.jar
2025-03-29 00:07:23,605 [BasicRepositoryConnector-repo.maven.apache.org-0-0] INFO  o.e.m.c.i.e.AbstractTransferListenerAdapter - Downloaded https://repo.maven.apache.org/maven2/org/apache/kafka/kafka-server-common/3.8.1/kafka-server-common-3.8.1-test.jar
2025-03-29 00:07:23,615 [BasicRepositoryConnector-repo.maven.apache.org-0-3] INFO  o.e.m.c.i.e.AbstractTransferListenerAdapter - Downloading https://repo.maven.apache.org/maven2/org/rocksdb/rocksdbjni/7.9.2/rocksdbjni-7.9.2.jar
2025-03-29 00:07:23,638 [BasicRepositoryConnector-repo.maven.apache.org-0-0] INFO  o.e.m.c.i.e.AbstractTransferListenerAdapter - Downloading https://repo.maven.apache.org/maven2/org/apache/kafka/kafka_2.13/3.8.1/kafka_2.13-3.8.1.jar
2025-03-29 00:07:24,303 [BasicRepositoryConnector-repo.maven.apache.org-0-4] INFO  o.e.m.c.i.e.AbstractTransferListenerAdapter - Downloaded https://repo.maven.apache.org/maven2/org/apache/kafka/kafka-streams/3.8.1/kafka-streams-3.8.1.jar
2025-03-29 00:07:24,351 [BasicRepositoryConnector-repo.maven.apache.org-0-4] INFO  o.e.m.c.i.e.AbstractTransferListenerAdapter - Downloading https://repo.maven.apache.org/maven2/org/scala-lang/scala-library/2.13.14/scala-library-2.13.14.jar
2025-03-29 00:07:24,988 [BasicRepositoryConnector-repo.maven.apache.org-0-2] INFO  o.e.m.c.i.e.AbstractTransferListenerAdapter - Downloaded https://repo.maven.apache.org/maven2/com/github/luben/zstd-jni/1.5.6-4/zstd-jni-1.5.6-4.jar
2025-03-29 00:07:25,035 [BasicRepositoryConnector-repo.maven.apache.org-0-2] INFO  o.e.m.c.i.e.AbstractTransferListenerAdapter - Downloading https://repo.maven.apache.org/maven2/org/apache/kafka/kafka-group-coordinator-api/3.8.1/kafka-group-coordinator-api-3.8.1.jar
2025-03-29 00:07:25,053 [BasicRepositoryConnector-repo.maven.apache.org-0-2] INFO  o.e.m.c.i.e.AbstractTransferListenerAdapter - Downloaded https://repo.maven.apache.org/maven2/org/apache/kafka/kafka-group-coordinator-api/3.8.1/kafka-group-coordinator-api-3.8.1.jar
2025-03-29 00:07:25,096 [BasicRepositoryConnector-repo.maven.apache.org-0-2] INFO  o.e.m.c.i.e.AbstractTransferListenerAdapter - Downloading https://repo.maven.apache.org/maven2/org/apache/kafka/kafka-storage-api/3.8.1/kafka-storage-api-3.8.1.jar
2025-03-29 00:07:25,115 [BasicRepositoryConnector-repo.maven.apache.org-0-2] INFO  o.e.m.c.i.e.AbstractTransferListenerAdapter - Downloaded https://repo.maven.apache.org/maven2/org/apache/kafka/kafka-storage-api/3.8.1/kafka-storage-api-3.8.1.jar
2025-03-29 00:07:25,157 [BasicRepositoryConnector-repo.maven.apache.org-0-2] INFO  o.e.m.c.i.e.AbstractTransferListenerAdapter - Downloading https://repo.maven.apache.org/maven2/org/apache/kafka/kafka-tools-api/3.8.1/kafka-tools-api-3.8.1.jar
2025-03-29 00:07:25,163 [BasicRepositoryConnector-repo.maven.apache.org-0-2] INFO  o.e.m.c.i.e.AbstractTransferListenerAdapter - Downloaded https://repo.maven.apache.org/maven2/org/apache/kafka/kafka-tools-api/3.8.1/kafka-tools-api-3.8.1.jar
2025-03-29 00:07:25,205 [BasicRepositoryConnector-repo.maven.apache.org-0-2] INFO  o.e.m.c.i.e.AbstractTransferListenerAdapter - Downloading https://repo.maven.apache.org/maven2/org/apache/kafka/kafka-storage/3.8.1/kafka-storage-3.8.1.jar
2025-03-29 00:07:25,317 [BasicRepositoryConnector-repo.maven.apache.org-0-2] INFO  o.e.m.c.i.e.AbstractTransferListenerAdapter - Downloaded https://repo.maven.apache.org/maven2/org/apache/kafka/kafka-storage/3.8.1/kafka-storage-3.8.1.jar
2025-03-29 00:07:25,364 [BasicRepositoryConnector-repo.maven.apache.org-0-2] INFO  o.e.m.c.i.e.AbstractTransferListenerAdapter - Downloading https://repo.maven.apache.org/maven2/com/github/ben-manes/caffeine/caffeine/3.1.8/caffeine-3.1.8.jar
2025-03-29 00:07:25,391 [BasicRepositoryConnector-repo.maven.apache.org-0-0] INFO  o.e.m.c.i.e.AbstractTransferListenerAdapter - Downloaded https://repo.maven.apache.org/maven2/org/apache/kafka/kafka_2.13/3.8.1/kafka_2.13-3.8.1.jar
2025-03-29 00:07:25,427 [BasicRepositoryConnector-repo.maven.apache.org-0-0] INFO  o.e.m.c.i.e.AbstractTransferListenerAdapter - Downloading https://repo.maven.apache.org/maven2/org/checkerframework/checker-qual/3.37.0/checker-qual-3.37.0.jar
2025-03-29 00:07:25,509 [BasicRepositoryConnector-repo.maven.apache.org-0-0] INFO  o.e.m.c.i.e.AbstractTransferListenerAdapter - Downloaded https://repo.maven.apache.org/maven2/org/checkerframework/checker-qual/3.37.0/checker-qual-3.37.0.jar
2025-03-29 00:07:25,522 [BasicRepositoryConnector-repo.maven.apache.org-0-1] INFO  o.e.m.c.i.e.AbstractTransferListenerAdapter - Downloaded https://repo.maven.apache.org/maven2/org/apache/kafka/kafka-clients/3.8.1/kafka-clients-3.8.1.jar
2025-03-29 00:07:25,536 [BasicRepositoryConnector-repo.maven.apache.org-0-0] INFO  o.e.m.c.i.e.AbstractTransferListenerAdapter - Downloading https://repo.maven.apache.org/maven2/com/google/errorprone/error_prone_annotations/2.21.1/error_prone_annotations-2.21.1.jar
2025-03-29 00:07:25,547 [BasicRepositoryConnector-repo.maven.apache.org-0-0] INFO  o.e.m.c.i.e.AbstractTransferListenerAdapter - Downloaded https://repo.maven.apache.org/maven2/com/google/errorprone/error_prone_annotations/2.21.1/error_prone_annotations-2.21.1.jar
2025-03-29 00:07:25,553 [BasicRepositoryConnector-repo.maven.apache.org-0-1] INFO  o.e.m.c.i.e.AbstractTransferListenerAdapter - Downloading https://repo.maven.apache.org/maven2/net/sourceforge/argparse4j/argparse4j/0.7.0/argparse4j-0.7.0.jar
2025-03-29 00:07:25,579 [BasicRepositoryConnector-repo.maven.apache.org-0-0] INFO  o.e.m.c.i.e.AbstractTransferListenerAdapter - Downloading https://repo.maven.apache.org/maven2/commons-validator/commons-validator/1.7/commons-validator-1.7.jar
2025-03-29 00:07:25,582 [BasicRepositoryConnector-repo.maven.apache.org-0-1] INFO  o.e.m.c.i.e.AbstractTransferListenerAdapter - Downloaded https://repo.maven.apache.org/maven2/net/sourceforge/argparse4j/argparse4j/0.7.0/argparse4j-0.7.0.jar
2025-03-29 00:07:25,601 [BasicRepositoryConnector-repo.maven.apache.org-0-2] INFO  o.e.m.c.i.e.AbstractTransferListenerAdapter - Downloaded https://repo.maven.apache.org/maven2/com/github/ben-manes/caffeine/caffeine/3.1.8/caffeine-3.1.8.jar
2025-03-29 00:07:25,618 [BasicRepositoryConnector-repo.maven.apache.org-0-1] INFO  o.e.m.c.i.e.AbstractTransferListenerAdapter - Downloading https://repo.maven.apache.org/maven2/commons-beanutils/commons-beanutils/1.9.4/commons-beanutils-1.9.4.jar
2025-03-29 00:07:25,640 [BasicRepositoryConnector-repo.maven.apache.org-0-0] INFO  o.e.m.c.i.e.AbstractTransferListenerAdapter - Downloaded https://repo.maven.apache.org/maven2/commons-validator/commons-validator/1.7/commons-validator-1.7.jar
2025-03-29 00:07:25,641 [BasicRepositoryConnector-repo.maven.apache.org-0-2] INFO  o.e.m.c.i.e.AbstractTransferListenerAdapter - Downloading https://repo.maven.apache.org/maven2/commons-digester/commons-digester/2.1/commons-digester-2.1.jar
2025-03-29 00:07:25,668 [BasicRepositoryConnector-repo.maven.apache.org-0-0] INFO  o.e.m.c.i.e.AbstractTransferListenerAdapter - Downloading https://repo.maven.apache.org/maven2/com/fasterxml/jackson/module/jackson-module-scala_2.13/2.18.3/jackson-module-scala_2.13-2.18.3.jar
2025-03-29 00:07:25,688 [BasicRepositoryConnector-repo.maven.apache.org-0-2] INFO  o.e.m.c.i.e.AbstractTransferListenerAdapter - Downloaded https://repo.maven.apache.org/maven2/commons-digester/commons-digester/2.1/commons-digester-2.1.jar
2025-03-29 00:07:25,689 [BasicRepositoryConnector-repo.maven.apache.org-0-1] INFO  o.e.m.c.i.e.AbstractTransferListenerAdapter - Downloaded https://repo.maven.apache.org/maven2/commons-beanutils/commons-beanutils/1.9.4/commons-beanutils-1.9.4.jar
2025-03-29 00:07:25,716 [BasicRepositoryConnector-repo.maven.apache.org-0-2] INFO  o.e.m.c.i.e.AbstractTransferListenerAdapter - Downloading https://repo.maven.apache.org/maven2/com/thoughtworks/paranamer/paranamer/2.8/paranamer-2.8.jar
2025-03-29 00:07:25,717 [BasicRepositoryConnector-repo.maven.apache.org-0-1] INFO  o.e.m.c.i.e.AbstractTransferListenerAdapter - Downloading https://repo.maven.apache.org/maven2/com/fasterxml/jackson/dataformat/jackson-dataformat-csv/2.18.3/jackson-dataformat-csv-2.18.3.jar
2025-03-29 00:07:25,731 [BasicRepositoryConnector-repo.maven.apache.org-0-2] INFO  o.e.m.c.i.e.AbstractTransferListenerAdapter - Downloaded https://repo.maven.apache.org/maven2/com/thoughtworks/paranamer/paranamer/2.8/paranamer-2.8.jar
2025-03-29 00:07:25,751 [BasicRepositoryConnector-repo.maven.apache.org-0-1] INFO  o.e.m.c.i.e.AbstractTransferListenerAdapter - Downloaded https://repo.maven.apache.org/maven2/com/fasterxml/jackson/dataformat/jackson-dataformat-csv/2.18.3/jackson-dataformat-csv-2.18.3.jar
2025-03-29 00:07:25,768 [BasicRepositoryConnector-repo.maven.apache.org-0-2] INFO  o.e.m.c.i.e.AbstractTransferListenerAdapter - Downloading https://repo.maven.apache.org/maven2/org/bitbucket/b_c/jose4j/0.9.4/jose4j-0.9.4.jar
2025-03-29 00:07:25,778 [BasicRepositoryConnector-repo.maven.apache.org-0-1] INFO  o.e.m.c.i.e.AbstractTransferListenerAdapter - Downloading https://repo.maven.apache.org/maven2/org/scala-lang/modules/scala-collection-compat_2.13/2.10.0/scala-collection-compat_2.13-2.10.0.jar
2025-03-29 00:07:25,782 [BasicRepositoryConnector-repo.maven.apache.org-0-1] INFO  o.e.m.c.i.e.AbstractTransferListenerAdapter - Downloaded https://repo.maven.apache.org/maven2/org/scala-lang/modules/scala-collection-compat_2.13/2.10.0/scala-collection-compat_2.13-2.10.0.jar
2025-03-29 00:07:25,829 [BasicRepositoryConnector-repo.maven.apache.org-0-0] INFO  o.e.m.c.i.e.AbstractTransferListenerAdapter - Downloaded https://repo.maven.apache.org/maven2/com/fasterxml/jackson/module/jackson-module-scala_2.13/2.18.3/jackson-module-scala_2.13-2.18.3.jar
2025-03-29 00:07:25,865 [BasicRepositoryConnector-repo.maven.apache.org-0-2] INFO  o.e.m.c.i.e.AbstractTransferListenerAdapter - Downloaded https://repo.maven.apache.org/maven2/org/bitbucket/b_c/jose4j/0.9.4/jose4j-0.9.4.jar
2025-03-29 00:07:25,872 [BasicRepositoryConnector-repo.maven.apache.org-0-0] INFO  o.e.m.c.i.e.AbstractTransferListenerAdapter - Downloading https://repo.maven.apache.org/maven2/org/scala-lang/scala-reflect/2.13.14/scala-reflect-2.13.14.jar
2025-03-29 00:07:25,893 [BasicRepositoryConnector-repo.maven.apache.org-0-1] INFO  o.e.m.c.i.e.AbstractTransferListenerAdapter - Downloading https://repo.maven.apache.org/maven2/org/scala-lang/modules/scala-java8-compat_2.13/1.0.2/scala-java8-compat_2.13-1.0.2.jar
2025-03-29 00:07:25,896 [BasicRepositoryConnector-repo.maven.apache.org-0-2] INFO  o.e.m.c.i.e.AbstractTransferListenerAdapter - Downloading https://repo.maven.apache.org/maven2/com/typesafe/scala-logging/scala-logging_2.13/3.9.4/scala-logging_2.13-3.9.4.jar
2025-03-29 00:07:25,912 [BasicRepositoryConnector-repo.maven.apache.org-0-2] INFO  o.e.m.c.i.e.AbstractTransferListenerAdapter - Downloaded https://repo.maven.apache.org/maven2/com/typesafe/scala-logging/scala-logging_2.13/3.9.4/scala-logging_2.13-3.9.4.jar
2025-03-29 00:07:25,945 [BasicRepositoryConnector-repo.maven.apache.org-0-2] INFO  o.e.m.c.i.e.AbstractTransferListenerAdapter - Downloading https://repo.maven.apache.org/maven2/io/dropwizard/metrics/metrics-core/4.1.12.1/metrics-core-4.1.12.1.jar
2025-03-29 00:07:25,983 [BasicRepositoryConnector-repo.maven.apache.org-0-2] INFO  o.e.m.c.i.e.AbstractTransferListenerAdapter - Downloaded https://repo.maven.apache.org/maven2/io/dropwizard/metrics/metrics-core/4.1.12.1/metrics-core-4.1.12.1.jar
2025-03-29 00:07:26,014 [BasicRepositoryConnector-repo.maven.apache.org-0-2] INFO  o.e.m.c.i.e.AbstractTransferListenerAdapter - Downloading https://repo.maven.apache.org/maven2/commons-cli/commons-cli/1.4/commons-cli-1.4.jar
2025-03-29 00:07:26,026 [BasicRepositoryConnector-repo.maven.apache.org-0-2] INFO  o.e.m.c.i.e.AbstractTransferListenerAdapter - Downloaded https://repo.maven.apache.org/maven2/commons-cli/commons-cli/1.4/commons-cli-1.4.jar
2025-03-29 00:07:26,062 [BasicRepositoryConnector-repo.maven.apache.org-0-2] INFO  o.e.m.c.i.e.AbstractTransferListenerAdapter - Downloading https://repo.maven.apache.org/maven2/org/apache/kafka/kafka_2.13/3.8.1/kafka_2.13-3.8.1-test.jar
2025-03-29 00:07:26,089 [BasicRepositoryConnector-repo.maven.apache.org-0-1] INFO  o.e.m.c.i.e.AbstractTransferListenerAdapter - Downloaded https://repo.maven.apache.org/maven2/org/scala-lang/modules/scala-java8-compat_2.13/1.0.2/scala-java8-compat_2.13-1.0.2.jar
2025-03-29 00:07:26,120 [BasicRepositoryConnector-repo.maven.apache.org-0-1] INFO  o.e.m.c.i.e.AbstractTransferListenerAdapter - Downloading https://repo.maven.apache.org/maven2/org/junit/platform/junit-platform-launcher/1.11.4/junit-platform-launcher-1.11.4.jar
2025-03-29 00:07:26,169 [BasicRepositoryConnector-repo.maven.apache.org-0-4] INFO  o.e.m.c.i.e.AbstractTransferListenerAdapter - Downloaded https://repo.maven.apache.org/maven2/org/scala-lang/scala-library/2.13.14/scala-library-2.13.14.jar
2025-03-29 00:07:26,185 [BasicRepositoryConnector-repo.maven.apache.org-0-1] INFO  o.e.m.c.i.e.AbstractTransferListenerAdapter - Downloaded https://repo.maven.apache.org/maven2/org/junit/platform/junit-platform-launcher/1.11.4/junit-platform-launcher-1.11.4.jar
2025-03-29 00:07:26,581 [BasicRepositoryConnector-repo.maven.apache.org-0-3] INFO  o.e.m.c.i.e.AbstractTransferListenerAdapter - Downloaded https://repo.maven.apache.org/maven2/org/rocksdb/rocksdbjni/7.9.2/rocksdbjni-7.9.2.jar
2025-03-29 00:07:26,733 [BasicRepositoryConnector-repo.maven.apache.org-0-0] INFO  o.e.m.c.i.e.AbstractTransferListenerAdapter - Downloaded https://repo.maven.apache.org/maven2/org/scala-lang/scala-reflect/2.13.14/scala-reflect-2.13.14.jar
2025-03-29 00:07:27,182 [BasicRepositoryConnector-repo.maven.apache.org-0-2] INFO  o.e.m.c.i.e.AbstractTransferListenerAdapter - Downloaded https://repo.maven.apache.org/maven2/org/apache/kafka/kafka_2.13/3.8.1/kafka_2.13-3.8.1-test.jar
2025-03-29 00:07:29,163 [Worker-31: Import Getting Started Content] INFO  o.e.m.c.i.l.LifecycleMappingFactory - Using org.eclipse.m2e.jdt.JarLifecycleMapping lifecycle mapping for MavenProject: com.example:eureka:0.0.1-SNAPSHOT @ C:\Users\prasa\eclipse-workspace\Micoservice-eclipse-workspace\SpringCloudEurekaServer\pom.xml.
2025-03-29 00:07:30,148 [Worker-31: Import Getting Started Content] INFO  o.e.m.c.i.l.LifecycleMappingFactory - Using org.eclipse.m2e.jdt.JarLifecycleMapping lifecycle mapping for MavenProject: com.example:SimpleLoadBalancerClient:0.0.1-SNAPSHOT @ C:\Users\prasa\eclipse-workspace\Micoservice-eclipse-workspace\SimpleLoadBalancerClient\pom.xml.
2025-03-29 00:07:31,019 [Worker-31: Import Getting Started Content] INFO  o.e.m.c.i.l.LifecycleMappingFactory - Using org.eclipse.m2e.jdt.JarLifecycleMapping lifecycle mapping for MavenProject: com.example:client:0.0.1-SNAPSHOT @ C:\Users\prasa\eclipse-workspace\Micoservice-eclipse-workspace\MSItnerCommunication\pom.xml.
2025-03-29 00:07:31,891 [Worker-31: Import Getting Started Content] INFO  o.e.m.c.i.l.LifecycleMappingFactory - Using org.eclipse.m2e.jdt.JarLifecycleMapping lifecycle mapping for MavenProject: com.example:client:0.0.1-SNAPSHOT @ C:\Users\prasa\eclipse-workspace\Micoservice-eclipse-workspace\SimpleDiscoveryClient\pom.xml.
2025-03-29 00:07:32,859 [Worker-31: Import Getting Started Content] INFO  o.e.m.c.i.l.LifecycleMappingFactory - Using org.eclipse.m2e.jdt.JarLifecycleMapping lifecycle mapping for MavenProject: com.example:SpringCloudConfigServer:0.0.1-SNAPSHOT @ C:\Users\prasa\eclipse-workspace\Micoservice-eclipse-workspace\SpringCloudConfigServer\pom.xml.
2025-03-29 00:07:33,733 [Worker-31: Import Getting Started Content] INFO  o.e.m.c.i.l.LifecycleMappingFactory - Using org.eclipse.m2e.jdt.JarLifecycleMapping lifecycle mapping for MavenProject: com.example:SpringCloudConfigClient:0.0.1-SNAPSHOT @ C:\Users\prasa\eclipse-workspace\Micoservice-eclipse-workspace\SpringCloudConfigClient\pom.xml.
2025-03-29 00:07:34,491 [Worker-31: Import Getting Started Content] INFO  o.e.m.c.i.l.LifecycleMappingFactory - Using org.eclipse.m2e.jdt.JarLifecycleMapping lifecycle mapping for MavenProject: com.example:SpringCloudSchedulerService:0.0.1-SNAPSHOT @ C:\Users\prasa\eclipse-workspace\Micoservice-eclipse-workspace\SpringCloudSchedulerService\pom.xml.
2025-03-29 00:07:34,917 [Worker-31: Import Getting Started Content] INFO  o.e.m.c.i.l.LifecycleMappingFactory - Using org.eclipse.m2e.jdt.JarLifecycleMapping lifecycle mapping for MavenProject: com.example:ConfigClientWithActuator:0.0.1-SNAPSHOT @ C:\Users\prasa\eclipse-workspace\Micoservice-eclipse-workspace\ConfigClientWithActuator\pom.xml.
2025-03-29 00:07:35,867 [Worker-31: Import Getting Started Content] INFO  o.e.m.c.i.l.LifecycleMappingFactory - Using org.eclipse.m2e.jdt.JarLifecycleMapping lifecycle mapping for MavenProject: com.example:SimpleFeignClient:0.0.1-SNAPSHOT @ C:\Users\prasa\eclipse-workspace\Micoservice-eclipse-workspace\SimpleFeignClient\pom.xml.
2025-03-29 00:07:36,731 [Worker-31: Import Getting Started Content] INFO  o.e.m.c.i.l.LifecycleMappingFactory - Using org.eclipse.m2e.jdt.JarLifecycleMapping lifecycle mapping for MavenProject: com.example:SpringCloudAdminServer:0.0.1-SNAPSHOT @ C:\Users\prasa\eclipse-workspace\Micoservice-eclipse-workspace\SpringCloudAdminServer\pom.xml.
2025-03-29 00:07:37,512 [Worker-31: Import Getting Started Content] INFO  o.e.m.c.i.l.LifecycleMappingFactory - Using org.eclipse.m2e.jdt.JarLifecycleMapping lifecycle mapping for MavenProject: com.example:SpringProviderApp-MQ:0.0.1-SNAPSHOT @ C:\Users\prasa\eclipse-workspace\Micoservice-eclipse-workspace\SpringProviderApp-MQ\pom.xml.
2025-03-29 00:07:38,201 [Worker-31: Import Getting Started Content] INFO  o.e.m.c.i.l.LifecycleMappingFactory - Using org.eclipse.m2e.jdt.JarLifecycleMapping lifecycle mapping for MavenProject: com.example:SpringConsumerAppP2P:0.0.1-SNAPSHOT @ C:\Users\prasa\eclipse-workspace\Micoservice-eclipse-workspace\SpringConsumerAppP2P\pom.xml.
2025-03-29 00:07:38,523 [Worker-31: Import Getting Started Content] INFO  o.e.m.c.i.l.LifecycleMappingFactory - Using org.eclipse.m2e.jdt.JarLifecycleMapping lifecycle mapping for MavenProject: com.example:SpringConsumerAppPubSub:0.0.1-SNAPSHOT @ C:\Users\prasa\eclipse-workspace\Micoservice-eclipse-workspace\SpringConsumerAppPubSub\pom.xml.
2025-03-29 00:07:42,824 [Worker-31: Import Getting Started Content] INFO  o.e.m.j.i.AbstractJavaProjectConfigurator - Adding source folder /SpringKafkaProducer/src/main/java
2025-03-29 00:07:42,826 [Worker-31: Import Getting Started Content] INFO  o.e.m.j.i.AbstractJavaProjectConfigurator - Adding resource folder /SpringKafkaProducer/src/main/resources
2025-03-29 00:07:42,831 [Worker-31: Import Getting Started Content] INFO  o.e.m.j.i.AbstractJavaProjectConfigurator - Adding resource folder /SpringKafkaProducer/src/main/resources
2025-03-29 00:07:42,834 [Worker-31: Import Getting Started Content] INFO  o.e.m.j.i.AbstractJavaProjectConfigurator - Adding source folder /SpringKafkaProducer/src/test/java
2025-03-29 00:07:42,835 [Worker-31: Import Getting Started Content] INFO  o.e.m.j.i.AbstractJavaProjectConfigurator - Adding resource folder /SpringKafkaProducer/src/test/resources
2025-03-29 00:07:42,927 [Worker-34: Download sources and javadoc] INFO  o.e.m.c.i.e.AbstractTransferListenerAdapter - Downloading https://repo.maven.apache.org/maven2/org/springframework/kafka/spring-kafka/3.3.4/spring-kafka-3.3.4-sources.jar
2025-03-29 00:07:43,024 [Worker-34: Download sources and javadoc] INFO  o.e.m.c.i.e.AbstractTransferListenerAdapter - Downloaded https://repo.maven.apache.org/maven2/org/springframework/kafka/spring-kafka/3.3.4/spring-kafka-3.3.4-sources.jar
2025-03-29 00:07:43,030 [Worker-34: Download sources and javadoc] INFO  o.e.m.j.internal.DownloadSourcesJob - Downloaded sources for org.springframework.kafka:spring-kafka:3.3.4
2025-03-29 00:07:43,120 [Worker-34: Download sources and javadoc] INFO  o.e.m.c.i.e.AbstractTransferListenerAdapter - Downloading https://repo.maven.apache.org/maven2/org/springframework/retry/spring-retry/2.0.11/spring-retry-2.0.11-sources.jar
2025-03-29 00:07:43,175 [Worker-34: Download sources and javadoc] INFO  o.e.m.c.i.e.AbstractTransferListenerAdapter - Downloaded https://repo.maven.apache.org/maven2/org/springframework/retry/spring-retry/2.0.11/spring-retry-2.0.11-sources.jar
2025-03-29 00:07:43,181 [Worker-34: Download sources and javadoc] INFO  o.e.m.j.internal.DownloadSourcesJob - Downloaded sources for org.springframework.retry:spring-retry:2.0.11
2025-03-29 00:07:43,273 [Worker-34: Download sources and javadoc] INFO  o.e.m.c.i.e.AbstractTransferListenerAdapter - Downloading https://repo.maven.apache.org/maven2/org/apache/kafka/kafka-clients/3.8.1/kafka-clients-3.8.1-sources.jar
2025-03-29 00:07:43,463 [Worker-34: Download sources and javadoc] INFO  o.e.m.c.i.e.AbstractTransferListenerAdapter - Downloaded https://repo.maven.apache.org/maven2/org/apache/kafka/kafka-clients/3.8.1/kafka-clients-3.8.1-sources.jar
2025-03-29 00:07:43,469 [Worker-34: Download sources and javadoc] INFO  o.e.m.j.internal.DownloadSourcesJob - Downloaded sources for org.apache.kafka:kafka-clients:3.8.1
2025-03-29 00:07:43,547 [Worker-31: Import Getting Started Content] INFO  o.e.m.c.i.p.ProjectConfigurationManager - Imported and configured 1 project(s) in 24 sec
2025-03-29 00:07:43,551 [Worker-34: Download sources and javadoc] INFO  o.e.m.c.i.e.AbstractTransferListenerAdapter - Downloading https://repo.maven.apache.org/maven2/com/github/luben/zstd-jni/1.5.6-4/zstd-jni-1.5.6-4-sources.jar
2025-03-29 00:07:43,556 [Worker-31: Import Getting Started Content] INFO  o.e.m.c.i.p.ProjectConfigurationManager - Update started
2025-03-29 00:07:43,582 [Worker-34: Download sources and javadoc] INFO  o.e.m.c.i.e.AbstractTransferListenerAdapter - Downloaded https://repo.maven.apache.org/maven2/com/github/luben/zstd-jni/1.5.6-4/zstd-jni-1.5.6-4-sources.jar
2025-03-29 00:07:43,585 [Worker-34: Download sources and javadoc] INFO  o.e.m.j.internal.DownloadSourcesJob - Downloaded sources for com.github.luben:zstd-jni:1.5.6-4
2025-03-29 00:07:44,438 [Worker-31: Import Getting Started Content] INFO  o.e.m.c.i.l.LifecycleMappingFactory - Using org.eclipse.m2e.jdt.JarLifecycleMapping lifecycle mapping for MavenProject: com.example:SpringKafkaProducer:0.0.1-SNAPSHOT @ C:\Users\prasa\eclipse-workspace\Micoservice-eclipse-workspace\SpringKafkaProducer\pom.xml.
2025-03-29 00:07:44,445 [Worker-34: Download sources and javadoc] INFO  o.e.m.c.i.e.AbstractTransferListenerAdapter - Downloading https://repo.maven.apache.org/maven2/org/lz4/lz4-java/1.8.0/lz4-java-1.8.0-sources.jar
2025-03-29 00:07:44,476 [Worker-34: Download sources and javadoc] INFO  o.e.m.c.i.e.AbstractTransferListenerAdapter - Downloaded https://repo.maven.apache.org/maven2/org/lz4/lz4-java/1.8.0/lz4-java-1.8.0-sources.jar
2025-03-29 00:07:44,480 [Worker-34: Download sources and javadoc] INFO  o.e.m.j.internal.DownloadSourcesJob - Downloaded sources for org.lz4:lz4-java:1.8.0
2025-03-29 00:07:44,563 [Worker-34: Download sources and javadoc] INFO  o.e.m.c.i.e.AbstractTransferListenerAdapter - Downloading https://repo.maven.apache.org/maven2/org/xerial/snappy/snappy-java/1.1.10.5/snappy-java-1.1.10.5-sources.jar
2025-03-29 00:07:44,734 [Worker-34: Download sources and javadoc] INFO  o.e.m.c.i.e.AbstractTransferListenerAdapter - Downloaded https://repo.maven.apache.org/maven2/org/xerial/snappy/snappy-java/1.1.10.5/snappy-java-1.1.10.5-sources.jar
2025-03-29 00:07:44,740 [Worker-34: Download sources and javadoc] INFO  o.e.m.j.internal.DownloadSourcesJob - Downloaded sources for org.xerial.snappy:snappy-java:1.1.10.5
2025-03-29 00:07:44,827 [Worker-34: Download sources and javadoc] INFO  o.e.m.c.i.e.AbstractTransferListenerAdapter - Downloading https://repo.maven.apache.org/maven2/org/springframework/kafka/spring-kafka-test/3.3.4/spring-kafka-test-3.3.4-sources.jar
2025-03-29 00:07:44,855 [Worker-34: Download sources and javadoc] INFO  o.e.m.c.i.e.AbstractTransferListenerAdapter - Downloaded https://repo.maven.apache.org/maven2/org/springframework/kafka/spring-kafka-test/3.3.4/spring-kafka-test-3.3.4-sources.jar
2025-03-29 00:07:44,862 [Worker-34: Download sources and javadoc] INFO  o.e.m.j.internal.DownloadSourcesJob - Downloaded sources for org.springframework.kafka:spring-kafka-test:3.3.4
2025-03-29 00:07:44,948 [Worker-34: Download sources and javadoc] INFO  o.e.m.c.i.e.AbstractTransferListenerAdapter - Downloading https://repo.maven.apache.org/maven2/org/apache/zookeeper/zookeeper/3.8.4/zookeeper-3.8.4-sources.jar
2025-03-29 00:07:45,051 [Worker-34: Download sources and javadoc] INFO  o.e.m.c.i.e.AbstractTransferListenerAdapter - Downloaded https://repo.maven.apache.org/maven2/org/apache/zookeeper/zookeeper/3.8.4/zookeeper-3.8.4-sources.jar
2025-03-29 00:07:45,055 [Worker-34: Download sources and javadoc] INFO  o.e.m.j.internal.DownloadSourcesJob - Downloaded sources for org.apache.zookeeper:zookeeper:3.8.4
2025-03-29 00:07:45,136 [Worker-34: Download sources and javadoc] INFO  o.e.m.c.i.e.AbstractTransferListenerAdapter - Downloading https://repo.maven.apache.org/maven2/org/apache/zookeeper/zookeeper-jute/3.8.4/zookeeper-jute-3.8.4-sources.jar
2025-03-29 00:07:45,195 [Worker-34: Download sources and javadoc] INFO  o.e.m.c.i.e.AbstractTransferListenerAdapter - Downloaded https://repo.maven.apache.org/maven2/org/apache/zookeeper/zookeeper-jute/3.8.4/zookeeper-jute-3.8.4-sources.jar
2025-03-29 00:07:45,201 [Worker-34: Download sources and javadoc] INFO  o.e.m.j.internal.DownloadSourcesJob - Downloaded sources for org.apache.zookeeper:zookeeper-jute:3.8.4
2025-03-29 00:07:45,284 [Worker-34: Download sources and javadoc] INFO  o.e.m.c.i.e.AbstractTransferListenerAdapter - Downloading https://repo.maven.apache.org/maven2/org/apache/yetus/audience-annotations/0.12.0/audience-annotations-0.12.0-sources.jar
2025-03-29 00:07:45,291 [Worker-34: Download sources and javadoc] INFO  o.e.m.c.i.e.AbstractTransferListenerAdapter - Downloaded https://repo.maven.apache.org/maven2/org/apache/yetus/audience-annotations/0.12.0/audience-annotations-0.12.0-sources.jar
2025-03-29 00:07:45,296 [Worker-34: Download sources and javadoc] INFO  o.e.m.j.internal.DownloadSourcesJob - Downloaded sources for org.apache.yetus:audience-annotations:0.12.0
2025-03-29 00:07:45,390 [Worker-34: Download sources and javadoc] INFO  o.e.m.c.i.e.AbstractTransferListenerAdapter - Downloading https://repo.maven.apache.org/maven2/commons-io/commons-io/2.11.0/commons-io-2.11.0-sources.jar
2025-03-29 00:07:45,453 [Worker-34: Download sources and javadoc] INFO  o.e.m.c.i.e.AbstractTransferListenerAdapter - Downloaded https://repo.maven.apache.org/maven2/commons-io/commons-io/2.11.0/commons-io-2.11.0-sources.jar
2025-03-29 00:07:45,457 [Worker-34: Download sources and javadoc] INFO  o.e.m.j.internal.DownloadSourcesJob - Downloaded sources for commons-io:commons-io:2.11.0
2025-03-29 00:07:45,468 [Worker-34: Download sources and javadoc] INFO  o.e.m.j.internal.DownloadSourcesJob - Downloaded sources for org.apache.kafka:kafka-clients:3.8.1test
2025-03-29 00:07:45,472 [Worker-31: Import Getting Started Content] INFO  o.e.m.j.i.AbstractJavaProjectConfigurator - Adding source folder /SpringKafkaProducer/src/main/java
2025-03-29 00:07:45,473 [Worker-31: Import Getting Started Content] INFO  o.e.m.j.i.AbstractJavaProjectConfigurator - Adding resource folder /SpringKafkaProducer/src/main/resources
2025-03-29 00:07:45,475 [Worker-31: Import Getting Started Content] INFO  o.e.m.j.i.AbstractJavaProjectConfigurator - Adding resource folder /SpringKafkaProducer/src/main/resources
2025-03-29 00:07:45,475 [Worker-31: Import Getting Started Content] INFO  o.e.m.j.i.AbstractJavaProjectConfigurator - Adding source folder /SpringKafkaProducer/src/test/java
2025-03-29 00:07:45,477 [Worker-31: Import Getting Started Content] INFO  o.e.m.j.i.AbstractJavaProjectConfigurator - Adding resource folder /SpringKafkaProducer/src/test/resources
2025-03-29 00:07:45,549 [Worker-34: Download sources and javadoc] INFO  o.e.m.c.i.e.AbstractTransferListenerAdapter - Downloading https://repo.maven.apache.org/maven2/org/apache/kafka/kafka-server/3.8.1/kafka-server-3.8.1-sources.jar
2025-03-29 00:07:45,577 [Worker-34: Download sources and javadoc] INFO  o.e.m.c.i.e.AbstractTransferListenerAdapter - Downloaded https://repo.maven.apache.org/maven2/org/apache/kafka/kafka-server/3.8.1/kafka-server-3.8.1-sources.jar
2025-03-29 00:07:45,581 [Worker-34: Download sources and javadoc] INFO  o.e.m.j.internal.DownloadSourcesJob - Downloaded sources for org.apache.kafka:kafka-server:3.8.1
2025-03-29 00:07:45,666 [Worker-34: Download sources and javadoc] INFO  o.e.m.c.i.e.AbstractTransferListenerAdapter - Downloading https://repo.maven.apache.org/maven2/org/apache/kafka/kafka-group-coordinator/3.8.1/kafka-group-coordinator-3.8.1-sources.jar
2025-03-29 00:07:45,748 [Worker-34: Download sources and javadoc] INFO  o.e.m.c.i.e.AbstractTransferListenerAdapter - Downloaded https://repo.maven.apache.org/maven2/org/apache/kafka/kafka-group-coordinator/3.8.1/kafka-group-coordinator-3.8.1-sources.jar
2025-03-29 00:07:45,751 [Worker-34: Download sources and javadoc] INFO  o.e.m.j.internal.DownloadSourcesJob - Downloaded sources for org.apache.kafka:kafka-group-coordinator:3.8.1
2025-03-29 00:07:45,837 [Worker-34: Download sources and javadoc] INFO  o.e.m.c.i.e.AbstractTransferListenerAdapter - Downloading https://repo.maven.apache.org/maven2/org/apache/kafka/kafka-transaction-coordinator/3.8.1/kafka-transaction-coordinator-3.8.1-sources.jar
2025-03-29 00:07:45,840 [Worker-34: Download sources and javadoc] INFO  o.e.m.c.i.e.AbstractTransferListenerAdapter - Downloaded https://repo.maven.apache.org/maven2/org/apache/kafka/kafka-transaction-coordinator/3.8.1/kafka-transaction-coordinator-3.8.1-sources.jar
2025-03-29 00:07:45,845 [Worker-34: Download sources and javadoc] INFO  o.e.m.j.internal.DownloadSourcesJob - Downloaded sources for org.apache.kafka:kafka-transaction-coordinator:3.8.1
2025-03-29 00:07:45,932 [Worker-34: Download sources and javadoc] INFO  o.e.m.c.i.e.AbstractTransferListenerAdapter - Downloading https://repo.maven.apache.org/maven2/org/apache/kafka/kafka-raft/3.8.1/kafka-raft-3.8.1-sources.jar
2025-03-29 00:07:45,991 [Worker-34: Download sources and javadoc] INFO  o.e.m.c.i.e.AbstractTransferListenerAdapter - Downloaded https://repo.maven.apache.org/maven2/org/apache/kafka/kafka-raft/3.8.1/kafka-raft-3.8.1-sources.jar
2025-03-29 00:07:45,996 [Worker-34: Download sources and javadoc] INFO  o.e.m.j.internal.DownloadSourcesJob - Downloaded sources for org.apache.kafka:kafka-raft:3.8.1
2025-03-29 00:07:46,054 [Worker-31: Import Getting Started Content] INFO  o.e.m.c.i.p.ProjectConfigurationManager - Update completed for 1 poms: local refresh takes 0.00 sec, refresh facades takes 1.00 sec, update config takes 0.00 sec 
2025-03-29 00:07:46,083 [Worker-34: Download sources and javadoc] INFO  o.e.m.c.i.e.AbstractTransferListenerAdapter - Downloading https://repo.maven.apache.org/maven2/com/yammer/metrics/metrics-core/2.2.0/metrics-core-2.2.0-sources.jar
2025-03-29 00:07:46,112 [Worker-34: Download sources and javadoc] INFO  o.e.m.c.i.e.AbstractTransferListenerAdapter - Downloaded https://repo.maven.apache.org/maven2/com/yammer/metrics/metrics-core/2.2.0/metrics-core-2.2.0-sources.jar
2025-03-29 00:07:46,119 [Worker-34: Download sources and javadoc] INFO  o.e.m.j.internal.DownloadSourcesJob - Downloaded sources for com.yammer.metrics:metrics-core:2.2.0
2025-03-29 00:07:46,206 [Worker-34: Download sources and javadoc] INFO  o.e.m.c.i.e.AbstractTransferListenerAdapter - Downloading https://repo.maven.apache.org/maven2/org/apache/kafka/kafka-metadata/3.8.1/kafka-metadata-3.8.1-sources.jar
2025-03-29 00:07:46,281 [Worker-7: Updating Maven Project] INFO  o.e.m.c.i.p.ProjectConfigurationManager - Update started
2025-03-29 00:07:46,298 [Worker-34: Download sources and javadoc] INFO  o.e.m.c.i.e.AbstractTransferListenerAdapter - Downloaded https://repo.maven.apache.org/maven2/org/apache/kafka/kafka-metadata/3.8.1/kafka-metadata-3.8.1-sources.jar
2025-03-29 00:07:46,303 [Worker-34: Download sources and javadoc] INFO  o.e.m.j.internal.DownloadSourcesJob - Downloaded sources for org.apache.kafka:kafka-metadata:3.8.1
2025-03-29 00:07:47,314 [Worker-7: Updating Maven Project] INFO  o.e.m.c.i.l.LifecycleMappingFactory - Using org.eclipse.m2e.jdt.JarLifecycleMapping lifecycle mapping for MavenProject: com.example:SpringKafkaProducer:0.0.1-SNAPSHOT @ C:\Users\prasa\eclipse-workspace\Micoservice-eclipse-workspace\SpringKafkaProducer\pom.xml.
2025-03-29 00:07:47,348 [Worker-34: Download sources and javadoc] INFO  o.e.m.c.i.e.AbstractTransferListenerAdapter - Downloading https://repo.maven.apache.org/maven2/org/apache/kafka/kafka-server-common/3.8.1/kafka-server-common-3.8.1-sources.jar
2025-03-29 00:07:47,386 [Worker-34: Download sources and javadoc] INFO  o.e.m.c.i.e.AbstractTransferListenerAdapter - Downloaded https://repo.maven.apache.org/maven2/org/apache/kafka/kafka-server-common/3.8.1/kafka-server-common-3.8.1-sources.jar
2025-03-29 00:07:47,393 [Worker-34: Download sources and javadoc] INFO  o.e.m.j.internal.DownloadSourcesJob - Downloaded sources for org.apache.kafka:kafka-server-common:3.8.1
2025-03-29 00:07:47,480 [Worker-34: Download sources and javadoc] INFO  o.e.m.c.i.e.AbstractTransferListenerAdapter - Downloading https://repo.maven.apache.org/maven2/net/sf/jopt-simple/jopt-simple/5.0.4/jopt-simple-5.0.4-sources.jar
2025-03-29 00:07:47,510 [Worker-34: Download sources and javadoc] INFO  o.e.m.c.i.e.AbstractTransferListenerAdapter - Downloaded https://repo.maven.apache.org/maven2/net/sf/jopt-simple/jopt-simple/5.0.4/jopt-simple-5.0.4-sources.jar
2025-03-29 00:07:47,515 [Worker-34: Download sources and javadoc] INFO  o.e.m.j.internal.DownloadSourcesJob - Downloaded sources for net.sf.jopt-simple:jopt-simple:5.0.4
2025-03-29 00:07:47,600 [Worker-34: Download sources and javadoc] INFO  o.e.m.c.i.e.AbstractTransferListenerAdapter - Downloading https://repo.maven.apache.org/maven2/org/pcollections/pcollections/4.0.1/pcollections-4.0.1-sources.jar
2025-03-29 00:07:47,623 [Worker-34: Download sources and javadoc] INFO  o.e.m.c.i.e.AbstractTransferListenerAdapter - Downloaded https://repo.maven.apache.org/maven2/org/pcollections/pcollections/4.0.1/pcollections-4.0.1-sources.jar
2025-03-29 00:07:47,629 [Worker-34: Download sources and javadoc] INFO  o.e.m.j.internal.DownloadSourcesJob - Downloaded sources for org.pcollections:pcollections:4.0.1
2025-03-29 00:07:47,638 [Worker-34: Download sources and javadoc] INFO  o.e.m.j.internal.DownloadSourcesJob - Downloaded sources for org.apache.kafka:kafka-server-common:3.8.1test
2025-03-29 00:07:47,722 [Worker-34: Download sources and javadoc] INFO  o.e.m.c.i.e.AbstractTransferListenerAdapter - Downloading https://repo.maven.apache.org/maven2/org/apache/kafka/kafka-streams-test-utils/3.8.1/kafka-streams-test-utils-3.8.1-sources.jar
2025-03-29 00:07:47,731 [Worker-34: Download sources and javadoc] INFO  o.e.m.c.i.e.AbstractTransferListenerAdapter - Downloaded https://repo.maven.apache.org/maven2/org/apache/kafka/kafka-streams-test-utils/3.8.1/kafka-streams-test-utils-3.8.1-sources.jar
2025-03-29 00:07:47,737 [Worker-34: Download sources and javadoc] INFO  o.e.m.j.internal.DownloadSourcesJob - Downloaded sources for org.apache.kafka:kafka-streams-test-utils:3.8.1
2025-03-29 00:07:47,824 [Worker-34: Download sources and javadoc] INFO  o.e.m.c.i.e.AbstractTransferListenerAdapter - Downloading https://repo.maven.apache.org/maven2/org/apache/kafka/kafka-streams/3.8.1/kafka-streams-3.8.1-sources.jar
2025-03-29 00:07:47,969 [Worker-34: Download sources and javadoc] INFO  o.e.m.c.i.e.AbstractTransferListenerAdapter - Downloaded https://repo.maven.apache.org/maven2/org/apache/kafka/kafka-streams/3.8.1/kafka-streams-3.8.1-sources.jar
2025-03-29 00:07:47,973 [Worker-34: Download sources and javadoc] INFO  o.e.m.j.internal.DownloadSourcesJob - Downloaded sources for org.apache.kafka:kafka-streams:3.8.1
2025-03-29 00:07:48,062 [Worker-34: Download sources and javadoc] INFO  o.e.m.c.i.e.AbstractTransferListenerAdapter - Downloading https://repo.maven.apache.org/maven2/org/rocksdb/rocksdbjni/7.9.2/rocksdbjni-7.9.2-sources.jar
2025-03-29 00:07:48,145 [Worker-34: Download sources and javadoc] INFO  o.e.m.c.i.e.AbstractTransferListenerAdapter - Downloaded https://repo.maven.apache.org/maven2/org/rocksdb/rocksdbjni/7.9.2/rocksdbjni-7.9.2-sources.jar
2025-03-29 00:07:48,151 [Worker-34: Download sources and javadoc] INFO  o.e.m.j.internal.DownloadSourcesJob - Downloaded sources for org.rocksdb:rocksdbjni:7.9.2
2025-03-29 00:07:48,235 [Worker-34: Download sources and javadoc] INFO  o.e.m.c.i.e.AbstractTransferListenerAdapter - Downloading https://repo.maven.apache.org/maven2/org/apache/kafka/kafka_2.13/3.8.1/kafka_2.13-3.8.1-sources.jar
2025-03-29 00:07:48,353 [Worker-34: Download sources and javadoc] INFO  o.e.m.c.i.e.AbstractTransferListenerAdapter - Downloaded https://repo.maven.apache.org/maven2/org/apache/kafka/kafka_2.13/3.8.1/kafka_2.13-3.8.1-sources.jar
2025-03-29 00:07:48,358 [Worker-34: Download sources and javadoc] INFO  o.e.m.j.internal.DownloadSourcesJob - Downloaded sources for org.apache.kafka:kafka_2.13:3.8.1
2025-03-29 00:07:48,397 [Worker-7: Updating Maven Project] INFO  o.e.m.j.i.AbstractJavaProjectConfigurator - Adding source folder /SpringKafkaProducer/src/main/java
2025-03-29 00:07:48,398 [Worker-7: Updating Maven Project] INFO  o.e.m.j.i.AbstractJavaProjectConfigurator - Adding resource folder /SpringKafkaProducer/src/main/resources
2025-03-29 00:07:48,399 [Worker-7: Updating Maven Project] INFO  o.e.m.j.i.AbstractJavaProjectConfigurator - Adding resource folder /SpringKafkaProducer/src/main/resources
2025-03-29 00:07:48,400 [Worker-7: Updating Maven Project] INFO  o.e.m.j.i.AbstractJavaProjectConfigurator - Adding source folder /SpringKafkaProducer/src/test/java
2025-03-29 00:07:48,401 [Worker-7: Updating Maven Project] INFO  o.e.m.j.i.AbstractJavaProjectConfigurator - Adding resource folder /SpringKafkaProducer/src/test/resources
2025-03-29 00:07:48,443 [Worker-34: Download sources and javadoc] INFO  o.e.m.c.i.e.AbstractTransferListenerAdapter - Downloading https://repo.maven.apache.org/maven2/org/scala-lang/scala-library/2.13.14/scala-library-2.13.14-sources.jar
2025-03-29 00:07:48,572 [Worker-34: Download sources and javadoc] INFO  o.e.m.c.i.e.AbstractTransferListenerAdapter - Downloaded https://repo.maven.apache.org/maven2/org/scala-lang/scala-library/2.13.14/scala-library-2.13.14-sources.jar
2025-03-29 00:07:48,580 [Worker-34: Download sources and javadoc] INFO  o.e.m.j.internal.DownloadSourcesJob - Downloaded sources for org.scala-lang:scala-library:2.13.14
2025-03-29 00:07:48,703 [Worker-34: Download sources and javadoc] INFO  o.e.m.c.i.e.AbstractTransferListenerAdapter - Downloading https://repo.maven.apache.org/maven2/org/apache/kafka/kafka-group-coordinator-api/3.8.1/kafka-group-coordinator-api-3.8.1-sources.jar
2025-03-29 00:07:48,711 [Worker-34: Download sources and javadoc] INFO  o.e.m.c.i.e.AbstractTransferListenerAdapter - Downloaded https://repo.maven.apache.org/maven2/org/apache/kafka/kafka-group-coordinator-api/3.8.1/kafka-group-coordinator-api-3.8.1-sources.jar
2025-03-29 00:07:48,718 [Worker-34: Download sources and javadoc] INFO  o.e.m.j.internal.DownloadSourcesJob - Downloaded sources for org.apache.kafka:kafka-group-coordinator-api:3.8.1
2025-03-29 00:07:48,812 [Worker-34: Download sources and javadoc] INFO  o.e.m.c.i.e.AbstractTransferListenerAdapter - Downloading https://repo.maven.apache.org/maven2/org/apache/kafka/kafka-storage-api/3.8.1/kafka-storage-api-3.8.1-sources.jar
2025-03-29 00:07:48,832 [Worker-34: Download sources and javadoc] INFO  o.e.m.c.i.e.AbstractTransferListenerAdapter - Downloaded https://repo.maven.apache.org/maven2/org/apache/kafka/kafka-storage-api/3.8.1/kafka-storage-api-3.8.1-sources.jar
2025-03-29 00:07:48,839 [Worker-34: Download sources and javadoc] INFO  o.e.m.j.internal.DownloadSourcesJob - Downloaded sources for org.apache.kafka:kafka-storage-api:3.8.1
2025-03-29 00:07:48,929 [Worker-34: Download sources and javadoc] INFO  o.e.m.c.i.e.AbstractTransferListenerAdapter - Downloading https://repo.maven.apache.org/maven2/org/apache/kafka/kafka-tools-api/3.8.1/kafka-tools-api-3.8.1-sources.jar
2025-03-29 00:07:48,936 [Worker-34: Download sources and javadoc] INFO  o.e.m.c.i.e.AbstractTransferListenerAdapter - Downloaded https://repo.maven.apache.org/maven2/org/apache/kafka/kafka-tools-api/3.8.1/kafka-tools-api-3.8.1-sources.jar
2025-03-29 00:07:48,941 [Worker-34: Download sources and javadoc] INFO  o.e.m.j.internal.DownloadSourcesJob - Downloaded sources for org.apache.kafka:kafka-tools-api:3.8.1
2025-03-29 00:07:49,031 [Worker-34: Download sources and javadoc] INFO  o.e.m.c.i.e.AbstractTransferListenerAdapter - Downloading https://repo.maven.apache.org/maven2/org/apache/kafka/kafka-storage/3.8.1/kafka-storage-3.8.1-sources.jar
2025-03-29 00:07:49,098 [Worker-34: Download sources and javadoc] INFO  o.e.m.c.i.e.AbstractTransferListenerAdapter - Downloaded https://repo.maven.apache.org/maven2/org/apache/kafka/kafka-storage/3.8.1/kafka-storage-3.8.1-sources.jar
2025-03-29 00:07:49,104 [Worker-34: Download sources and javadoc] INFO  o.e.m.j.internal.DownloadSourcesJob - Downloaded sources for org.apache.kafka:kafka-storage:3.8.1
2025-03-29 00:07:49,197 [Worker-34: Download sources and javadoc] INFO  o.e.m.c.i.e.AbstractTransferListenerAdapter - Downloading https://repo.maven.apache.org/maven2/com/github/ben-manes/caffeine/caffeine/3.1.8/caffeine-3.1.8-sources.jar
2025-03-29 00:07:49,251 [Worker-34: Download sources and javadoc] INFO  o.e.m.c.i.e.AbstractTransferListenerAdapter - Downloaded https://repo.maven.apache.org/maven2/com/github/ben-manes/caffeine/caffeine/3.1.8/caffeine-3.1.8-sources.jar
2025-03-29 00:07:49,255 [Worker-7: Updating Maven Project] INFO  o.e.m.c.i.p.ProjectConfigurationManager - Update completed for 1 poms: local refresh takes 0.00 sec, refresh facades takes 2.00 sec, update config takes 0.00 sec 
2025-03-29 00:07:49,258 [Worker-34: Download sources and javadoc] INFO  o.e.m.j.internal.DownloadSourcesJob - Downloaded sources for com.github.ben-manes.caffeine:caffeine:3.1.8
2025-03-29 00:07:49,359 [Worker-34: Download sources and javadoc] INFO  o.e.m.c.i.e.AbstractTransferListenerAdapter - Downloading https://repo.maven.apache.org/maven2/org/checkerframework/checker-qual/3.37.0/checker-qual-3.37.0-sources.jar
2025-03-29 00:07:49,429 [Worker-34: Download sources and javadoc] INFO  o.e.m.c.i.e.AbstractTransferListenerAdapter - Downloaded https://repo.maven.apache.org/maven2/org/checkerframework/checker-qual/3.37.0/checker-qual-3.37.0-sources.jar
2025-03-29 00:07:49,433 [Worker-34: Download sources and javadoc] INFO  o.e.m.j.internal.DownloadSourcesJob - Downloaded sources for org.checkerframework:checker-qual:3.37.0
2025-03-29 00:07:49,517 [Worker-34: Download sources and javadoc] INFO  o.e.m.c.i.e.AbstractTransferListenerAdapter - Downloading https://repo.maven.apache.org/maven2/com/google/errorprone/error_prone_annotations/2.21.1/error_prone_annotations-2.21.1-sources.jar
2025-03-29 00:07:49,527 [Worker-34: Download sources and javadoc] INFO  o.e.m.c.i.e.AbstractTransferListenerAdapter - Downloaded https://repo.maven.apache.org/maven2/com/google/errorprone/error_prone_annotations/2.21.1/error_prone_annotations-2.21.1-sources.jar
2025-03-29 00:07:49,532 [Worker-34: Download sources and javadoc] INFO  o.e.m.j.internal.DownloadSourcesJob - Downloaded sources for com.google.errorprone:error_prone_annotations:2.21.1
2025-03-29 00:07:49,619 [Worker-34: Download sources and javadoc] INFO  o.e.m.c.i.e.AbstractTransferListenerAdapter - Downloading https://repo.maven.apache.org/maven2/net/sourceforge/argparse4j/argparse4j/0.7.0/argparse4j-0.7.0-sources.jar
2025-03-29 00:07:49,657 [Worker-34: Download sources and javadoc] INFO  o.e.m.c.i.e.AbstractTransferListenerAdapter - Downloaded https://repo.maven.apache.org/maven2/net/sourceforge/argparse4j/argparse4j/0.7.0/argparse4j-0.7.0-sources.jar
2025-03-29 00:07:49,663 [Worker-34: Download sources and javadoc] INFO  o.e.m.j.internal.DownloadSourcesJob - Downloaded sources for net.sourceforge.argparse4j:argparse4j:0.7.0
2025-03-29 00:07:49,754 [Worker-34: Download sources and javadoc] INFO  o.e.m.c.i.e.AbstractTransferListenerAdapter - Downloading https://repo.maven.apache.org/maven2/commons-validator/commons-validator/1.7/commons-validator-1.7-sources.jar
2025-03-29 00:07:49,822 [Worker-34: Download sources and javadoc] INFO  o.e.m.c.i.e.AbstractTransferListenerAdapter - Downloaded https://repo.maven.apache.org/maven2/commons-validator/commons-validator/1.7/commons-validator-1.7-sources.jar
2025-03-29 00:07:49,828 [Worker-34: Download sources and javadoc] INFO  o.e.m.j.internal.DownloadSourcesJob - Downloaded sources for commons-validator:commons-validator:1.7
2025-03-29 00:07:49,916 [Worker-34: Download sources and javadoc] INFO  o.e.m.c.i.e.AbstractTransferListenerAdapter - Downloading https://repo.maven.apache.org/maven2/commons-beanutils/commons-beanutils/1.9.4/commons-beanutils-1.9.4-sources.jar
2025-03-29 00:07:49,930 [Worker-16: Building] INFO  o.a.m.s.f.DefaultMavenResourcesFiltering - Copying 1 resource from src\main\resources to target\classes
2025-03-29 00:07:49,955 [Worker-16: Building] INFO  o.a.m.s.f.DefaultMavenResourcesFiltering - Copying 0 resource from src\main\resources to target\classes
2025-03-29 00:07:49,963 [Worker-16: Building] INFO  o.a.m.s.f.DefaultMavenResourcesFiltering - skip non existing resourceDirectory C:\Users\prasa\eclipse-workspace\Micoservice-eclipse-workspace\MSItnerCommunication\src\test\resources
2025-03-29 00:07:49,989 [Worker-34: Download sources and javadoc] INFO  o.e.m.c.i.e.AbstractTransferListenerAdapter - Downloaded https://repo.maven.apache.org/maven2/commons-beanutils/commons-beanutils/1.9.4/commons-beanutils-1.9.4-sources.jar
2025-03-29 00:07:49,996 [Worker-34: Download sources and javadoc] INFO  o.e.m.j.internal.DownloadSourcesJob - Downloaded sources for commons-beanutils:commons-beanutils:1.9.4
2025-03-29 00:07:50,090 [Worker-34: Download sources and javadoc] INFO  o.e.m.c.i.e.AbstractTransferListenerAdapter - Downloading https://repo.maven.apache.org/maven2/commons-digester/commons-digester/2.1/commons-digester-2.1-sources.jar
2025-03-29 00:07:50,160 [Worker-34: Download sources and javadoc] INFO  o.e.m.c.i.e.AbstractTransferListenerAdapter - Downloaded https://repo.maven.apache.org/maven2/commons-digester/commons-digester/2.1/commons-digester-2.1-sources.jar
2025-03-29 00:07:50,166 [Worker-34: Download sources and javadoc] INFO  o.e.m.j.internal.DownloadSourcesJob - Downloaded sources for commons-digester:commons-digester:2.1
2025-03-29 00:07:50,265 [Worker-34: Download sources and javadoc] INFO  o.e.m.c.i.e.AbstractTransferListenerAdapter - Downloading https://repo.maven.apache.org/maven2/commons-collections/commons-collections/3.2.2/commons-collections-3.2.2-sources.jar
2025-03-29 00:07:50,278 [Worker-16: Building] INFO  o.a.m.s.f.DefaultMavenResourcesFiltering - Copying 1 resource from src\main\resources to target\classes
2025-03-29 00:07:50,298 [Worker-16: Building] INFO  o.a.m.s.f.DefaultMavenResourcesFiltering - Copying 0 resource from src\main\resources to target\classes
2025-03-29 00:07:50,304 [Worker-16: Building] INFO  o.a.m.s.f.DefaultMavenResourcesFiltering - skip non existing resourceDirectory C:\Users\prasa\eclipse-workspace\Micoservice-eclipse-workspace\SimpleDiscoveryClient\src\test\resources
2025-03-29 00:07:50,377 [Worker-34: Download sources and javadoc] INFO  o.e.m.c.i.e.AbstractTransferListenerAdapter - Downloaded https://repo.maven.apache.org/maven2/commons-collections/commons-collections/3.2.2/commons-collections-3.2.2-sources.jar
2025-03-29 00:07:50,381 [Worker-34: Download sources and javadoc] INFO  o.e.m.j.internal.DownloadSourcesJob - Downloaded sources for commons-collections:commons-collections:3.2.2
2025-03-29 00:07:50,469 [Worker-34: Download sources and javadoc] INFO  o.e.m.c.i.e.AbstractTransferListenerAdapter - Downloading https://repo.maven.apache.org/maven2/com/fasterxml/jackson/module/jackson-module-scala_2.13/2.18.3/jackson-module-scala_2.13-2.18.3-sources.jar
2025-03-29 00:07:50,507 [Worker-34: Download sources and javadoc] INFO  o.e.m.c.i.e.AbstractTransferListenerAdapter - Downloaded https://repo.maven.apache.org/maven2/com/fasterxml/jackson/module/jackson-module-scala_2.13/2.18.3/jackson-module-scala_2.13-2.18.3-sources.jar
2025-03-29 00:07:50,513 [Worker-34: Download sources and javadoc] INFO  o.e.m.j.internal.DownloadSourcesJob - Downloaded sources for com.fasterxml.jackson.module:jackson-module-scala_2.13:2.18.3
2025-03-29 00:07:50,596 [Worker-34: Download sources and javadoc] INFO  o.e.m.c.i.e.AbstractTransferListenerAdapter - Downloading https://repo.maven.apache.org/maven2/com/thoughtworks/paranamer/paranamer/2.8/paranamer-2.8-sources.jar
2025-03-29 00:07:50,605 [Worker-34: Download sources and javadoc] INFO  o.e.m.c.i.e.AbstractTransferListenerAdapter - Downloaded https://repo.maven.apache.org/maven2/com/thoughtworks/paranamer/paranamer/2.8/paranamer-2.8-sources.jar
2025-03-29 00:07:50,611 [Worker-34: Download sources and javadoc] INFO  o.e.m.j.internal.DownloadSourcesJob - Downloaded sources for com.thoughtworks.paranamer:paranamer:2.8
2025-03-29 00:07:50,698 [Worker-34: Download sources and javadoc] INFO  o.e.m.c.i.e.AbstractTransferListenerAdapter - Downloading https://repo.maven.apache.org/maven2/com/fasterxml/jackson/dataformat/jackson-dataformat-csv/2.18.3/jackson-dataformat-csv-2.18.3-sources.jar
2025-03-29 00:07:50,736 [Worker-34: Download sources and javadoc] INFO  o.e.m.c.i.e.AbstractTransferListenerAdapter - Downloaded https://repo.maven.apache.org/maven2/com/fasterxml/jackson/dataformat/jackson-dataformat-csv/2.18.3/jackson-dataformat-csv-2.18.3-sources.jar
2025-03-29 00:07:50,742 [Worker-34: Download sources and javadoc] INFO  o.e.m.j.internal.DownloadSourcesJob - Downloaded sources for com.fasterxml.jackson.dataformat:jackson-dataformat-csv:2.18.3
2025-03-29 00:07:50,777 [Worker-16: Building] INFO  o.a.m.s.f.DefaultMavenResourcesFiltering - Copying 1 resource from src\main\resources to target\classes
2025-03-29 00:07:50,818 [Worker-16: Building] INFO  o.a.m.s.f.DefaultMavenResourcesFiltering - Copying 0 resource from src\main\resources to target\classes
2025-03-29 00:07:50,825 [Worker-16: Building] INFO  o.a.m.s.f.DefaultMavenResourcesFiltering - skip non existing resourceDirectory C:\Users\prasa\eclipse-workspace\Micoservice-eclipse-workspace\SimpleLoadBalancerClient\src\test\resources
2025-03-29 00:07:50,827 [Worker-34: Download sources and javadoc] INFO  o.e.m.c.i.e.AbstractTransferListenerAdapter - Downloading https://repo.maven.apache.org/maven2/org/bitbucket/b_c/jose4j/0.9.4/jose4j-0.9.4-sources.jar
2025-03-29 00:07:50,893 [Worker-34: Download sources and javadoc] INFO  o.e.m.c.i.e.AbstractTransferListenerAdapter - Downloaded https://repo.maven.apache.org/maven2/org/bitbucket/b_c/jose4j/0.9.4/jose4j-0.9.4-sources.jar
2025-03-29 00:07:50,898 [Worker-34: Download sources and javadoc] INFO  o.e.m.j.internal.DownloadSourcesJob - Downloaded sources for org.bitbucket.b_c:jose4j:0.9.4
2025-03-29 00:07:50,985 [Worker-34: Download sources and javadoc] INFO  o.e.m.c.i.e.AbstractTransferListenerAdapter - Downloading https://repo.maven.apache.org/maven2/org/scala-lang/modules/scala-collection-compat_2.13/2.10.0/scala-collection-compat_2.13-2.10.0-sources.jar
2025-03-29 00:07:50,993 [Worker-34: Download sources and javadoc] INFO  o.e.m.c.i.e.AbstractTransferListenerAdapter - Downloaded https://repo.maven.apache.org/maven2/org/scala-lang/modules/scala-collection-compat_2.13/2.10.0/scala-collection-compat_2.13-2.10.0-sources.jar
2025-03-29 00:07:50,999 [Worker-34: Download sources and javadoc] INFO  o.e.m.j.internal.DownloadSourcesJob - Downloaded sources for org.scala-lang.modules:scala-collection-compat_2.13:2.10.0
2025-03-29 00:07:51,087 [Worker-34: Download sources and javadoc] INFO  o.e.m.c.i.e.AbstractTransferListenerAdapter - Downloading https://repo.maven.apache.org/maven2/org/scala-lang/modules/scala-java8-compat_2.13/1.0.2/scala-java8-compat_2.13-1.0.2-sources.jar
2025-03-29 00:07:51,097 [Worker-34: Download sources and javadoc] INFO  o.e.m.c.i.e.AbstractTransferListenerAdapter - Downloaded https://repo.maven.apache.org/maven2/org/scala-lang/modules/scala-java8-compat_2.13/1.0.2/scala-java8-compat_2.13-1.0.2-sources.jar
2025-03-29 00:07:51,102 [Worker-34: Download sources and javadoc] INFO  o.e.m.j.internal.DownloadSourcesJob - Downloaded sources for org.scala-lang.modules:scala-java8-compat_2.13:1.0.2
2025-03-29 00:07:51,153 [Worker-16: Building] INFO  o.a.m.s.f.DefaultMavenResourcesFiltering - Copying 1 resource from src\main\resources to target\classes
2025-03-29 00:07:51,182 [Worker-16: Building] INFO  o.a.m.s.f.DefaultMavenResourcesFiltering - Copying 0 resource from src\main\resources to target\classes
2025-03-29 00:07:51,189 [Worker-16: Building] INFO  o.a.m.s.f.DefaultMavenResourcesFiltering - skip non existing resourceDirectory C:\Users\prasa\eclipse-workspace\Micoservice-eclipse-workspace\SpringCloudAdminServer\src\test\resources
2025-03-29 00:07:51,205 [Worker-34: Download sources and javadoc] INFO  o.e.m.c.i.e.AbstractTransferListenerAdapter - Downloading https://repo.maven.apache.org/maven2/org/scala-lang/scala-reflect/2.13.14/scala-reflect-2.13.14-sources.jar
2025-03-29 00:07:51,306 [Worker-34: Download sources and javadoc] INFO  o.e.m.c.i.e.AbstractTransferListenerAdapter - Downloaded https://repo.maven.apache.org/maven2/org/scala-lang/scala-reflect/2.13.14/scala-reflect-2.13.14-sources.jar
2025-03-29 00:07:51,310 [Worker-34: Download sources and javadoc] INFO  o.e.m.j.internal.DownloadSourcesJob - Downloaded sources for org.scala-lang:scala-reflect:2.13.14
2025-03-29 00:07:51,390 [Worker-34: Download sources and javadoc] INFO  o.e.m.c.i.e.AbstractTransferListenerAdapter - Downloading https://repo.maven.apache.org/maven2/com/typesafe/scala-logging/scala-logging_2.13/3.9.4/scala-logging_2.13-3.9.4-sources.jar
2025-03-29 00:07:51,395 [Worker-34: Download sources and javadoc] INFO  o.e.m.c.i.e.AbstractTransferListenerAdapter - Downloaded https://repo.maven.apache.org/maven2/com/typesafe/scala-logging/scala-logging_2.13/3.9.4/scala-logging_2.13-3.9.4-sources.jar
2025-03-29 00:07:51,398 [Worker-34: Download sources and javadoc] INFO  o.e.m.j.internal.DownloadSourcesJob - Downloaded sources for com.typesafe.scala-logging:scala-logging_2.13:3.9.4
2025-03-29 00:07:51,465 [Worker-16: Building] INFO  o.a.m.s.f.DefaultMavenResourcesFiltering - Copying 1 resource from src\main\resources to target\classes
2025-03-29 00:07:51,481 [Worker-34: Download sources and javadoc] INFO  o.e.m.c.i.e.AbstractTransferListenerAdapter - Downloading https://repo.maven.apache.org/maven2/io/dropwizard/metrics/metrics-core/4.1.12.1/metrics-core-4.1.12.1-sources.jar
2025-03-29 00:07:51,485 [Worker-16: Building] INFO  o.a.m.s.f.DefaultMavenResourcesFiltering - Copying 0 resource from src\main\resources to target\classes
2025-03-29 00:07:51,490 [Worker-16: Building] INFO  o.a.m.s.f.DefaultMavenResourcesFiltering - skip non existing resourceDirectory C:\Users\prasa\eclipse-workspace\Micoservice-eclipse-workspace\SpringCloudConfigClient\src\test\resources
2025-03-29 00:07:51,509 [Worker-34: Download sources and javadoc] INFO  o.e.m.c.i.e.AbstractTransferListenerAdapter - Downloaded https://repo.maven.apache.org/maven2/io/dropwizard/metrics/metrics-core/4.1.12.1/metrics-core-4.1.12.1-sources.jar
2025-03-29 00:07:51,514 [Worker-34: Download sources and javadoc] INFO  o.e.m.j.internal.DownloadSourcesJob - Downloaded sources for io.dropwizard.metrics:metrics-core:4.1.12.1
2025-03-29 00:07:51,596 [Worker-34: Download sources and javadoc] INFO  o.e.m.c.i.e.AbstractTransferListenerAdapter - Downloading https://repo.maven.apache.org/maven2/commons-cli/commons-cli/1.4/commons-cli-1.4-sources.jar
2025-03-29 00:07:51,623 [Worker-34: Download sources and javadoc] INFO  o.e.m.c.i.e.AbstractTransferListenerAdapter - Downloaded https://repo.maven.apache.org/maven2/commons-cli/commons-cli/1.4/commons-cli-1.4-sources.jar
2025-03-29 00:07:51,628 [Worker-34: Download sources and javadoc] INFO  o.e.m.j.internal.DownloadSourcesJob - Downloaded sources for commons-cli:commons-cli:1.4
2025-03-29 00:07:51,637 [Worker-34: Download sources and javadoc] INFO  o.e.m.j.internal.DownloadSourcesJob - Downloaded sources for org.apache.kafka:kafka_2.13:3.8.1test
2025-03-29 00:07:51,727 [Worker-34: Download sources and javadoc] INFO  o.e.m.c.i.e.AbstractTransferListenerAdapter - Downloading https://repo.maven.apache.org/maven2/org/junit/platform/junit-platform-launcher/1.11.4/junit-platform-launcher-1.11.4-sources.jar
2025-03-29 00:07:51,781 [Worker-34: Download sources and javadoc] INFO  o.e.m.c.i.e.AbstractTransferListenerAdapter - Downloaded https://repo.maven.apache.org/maven2/org/junit/platform/junit-platform-launcher/1.11.4/junit-platform-launcher-1.11.4-sources.jar
2025-03-29 00:07:51,786 [Worker-34: Download sources and javadoc] INFO  o.e.m.j.internal.DownloadSourcesJob - Downloaded sources for org.junit.platform:junit-platform-launcher:1.11.4
2025-03-29 00:07:51,790 [Worker-16: Building] INFO  o.a.m.s.f.DefaultMavenResourcesFiltering - Copying 1 resource from src\main\resources to target\classes
2025-03-29 00:07:51,809 [Worker-16: Building] INFO  o.a.m.s.f.DefaultMavenResourcesFiltering - Copying 0 resource from src\main\resources to target\classes
2025-03-29 00:07:51,815 [Worker-16: Building] INFO  o.a.m.s.f.DefaultMavenResourcesFiltering - skip non existing resourceDirectory C:\Users\prasa\eclipse-workspace\Micoservice-eclipse-workspace\SpringCloudConfigServer\src\test\resources
2025-03-29 00:07:52,652 [Worker-13: Building] INFO  o.a.m.s.f.DefaultMavenResourcesFiltering - Copying 1 resource from src\main\resources to target\classes
2025-03-29 00:07:52,663 [Worker-13: Building] INFO  o.a.m.s.f.DefaultMavenResourcesFiltering - Copying 0 resource from src\main\resources to target\classes
2025-03-29 00:07:52,668 [Worker-13: Building] INFO  o.a.m.s.f.DefaultMavenResourcesFiltering - skip non existing resourceDirectory C:\Users\prasa\eclipse-workspace\Micoservice-eclipse-workspace\SpringCloudEurekaServer\src\test\resources
2025-03-29 00:07:52,890 [Worker-13: Building] INFO  o.a.m.s.f.DefaultMavenResourcesFiltering - Copying 1 resource from src\main\resources to target\classes
2025-03-29 00:07:52,907 [Worker-13: Building] INFO  o.a.m.s.f.DefaultMavenResourcesFiltering - Copying 0 resource from src\main\resources to target\classes
2025-03-29 00:07:52,913 [Worker-13: Building] INFO  o.a.m.s.f.DefaultMavenResourcesFiltering - skip non existing resourceDirectory C:\Users\prasa\eclipse-workspace\Micoservice-eclipse-workspace\SpringCloudSchedulerService\src\test\resources
2025-03-29 00:07:53,093 [Worker-13: Building] INFO  o.a.m.s.f.DefaultMavenResourcesFiltering - Copying 1 resource from src\main\resources to target\classes
2025-03-29 00:07:53,105 [Worker-13: Building] INFO  o.a.m.s.f.DefaultMavenResourcesFiltering - Copying 0 resource from src\main\resources to target\classes
2025-03-29 00:07:53,108 [Worker-13: Building] INFO  o.a.m.s.f.DefaultMavenResourcesFiltering - skip non existing resourceDirectory C:\Users\prasa\eclipse-workspace\Micoservice-eclipse-workspace\SpringConsumerAppP2P\src\test\resources
2025-03-29 00:07:53,309 [Worker-13: Building] INFO  o.a.m.s.f.DefaultMavenResourcesFiltering - Copying 1 resource from src\main\resources to target\classes
2025-03-29 00:07:53,326 [Worker-13: Building] INFO  o.a.m.s.f.DefaultMavenResourcesFiltering - Copying 0 resource from src\main\resources to target\classes
2025-03-29 00:07:53,331 [Worker-13: Building] INFO  o.a.m.s.f.DefaultMavenResourcesFiltering - skip non existing resourceDirectory C:\Users\prasa\eclipse-workspace\Micoservice-eclipse-workspace\SpringKafkaProducer\src\test\resources
2025-03-29 00:09:48,968 [Worker-23: Building] INFO  o.a.m.s.f.DefaultMavenResourcesFiltering - Copying 1 resource from src\main\resources to target\classes
2025-03-29 00:09:48,978 [Worker-23: Building] INFO  o.a.m.s.f.DefaultMavenResourcesFiltering - Copying 0 resource from src\main\resources to target\classes
2025-03-29 00:09:48,984 [Worker-23: Building] INFO  o.a.m.s.f.DefaultMavenResourcesFiltering - skip non existing resourceDirectory C:\Users\prasa\eclipse-workspace\Micoservice-eclipse-workspace\SpringKafkaProducer\src\test\resources
2025-03-29 00:16:33,147 [Worker-45: Building] ERROR o.e.m.c.i.URLConnectionCaches - Unexpected URLConnection defaultUseCaches enabled
2025-03-29 00:16:33,157 [Worker-45: Building] INFO  o.a.m.s.f.DefaultMavenResourcesFiltering - Copying 1 resource from src\main\resources to target\classes
2025-03-29 00:16:33,167 [Worker-45: Building] INFO  o.a.m.s.f.DefaultMavenResourcesFiltering - Copying 0 resource from src\main\resources to target\classes
2025-03-29 00:16:33,170 [Worker-45: Building] INFO  o.a.m.s.f.DefaultMavenResourcesFiltering - skip non existing resourceDirectory C:\Users\prasa\eclipse-workspace\Micoservice-eclipse-workspace\SpringKafkaProducer\src\test\resources
2025-03-29 00:17:16,004 [Worker-44: Building] ERROR o.e.m.c.i.URLConnectionCaches - Unexpected URLConnection defaultUseCaches enabled
2025-03-29 00:17:16,010 [Worker-44: Building] INFO  o.a.m.s.f.DefaultMavenResourcesFiltering - Copying 1 resource from src\main\resources to target\classes
2025-03-29 00:17:16,018 [Worker-44: Building] INFO  o.a.m.s.f.DefaultMavenResourcesFiltering - Copying 0 resource from src\main\resources to target\classes
2025-03-29 00:17:16,022 [Worker-44: Building] INFO  o.a.m.s.f.DefaultMavenResourcesFiltering - skip non existing resourceDirectory C:\Users\prasa\eclipse-workspace\Micoservice-eclipse-workspace\SpringKafkaProducer\src\test\resources
2025-03-29 00:17:27,036 [Worker-47: Building] ERROR o.e.m.c.i.URLConnectionCaches - Unexpected URLConnection defaultUseCaches enabled
2025-03-29 00:17:27,040 [Worker-47: Building] INFO  o.a.m.s.f.DefaultMavenResourcesFiltering - Copying 1 resource from src\main\resources to target\classes
2025-03-29 00:17:27,045 [Worker-47: Building] INFO  o.a.m.s.f.DefaultMavenResourcesFiltering - Copying 0 resource from src\main\resources to target\classes
2025-03-29 00:17:27,048 [Worker-47: Building] INFO  o.a.m.s.f.DefaultMavenResourcesFiltering - skip non existing resourceDirectory C:\Users\prasa\eclipse-workspace\Micoservice-eclipse-workspace\SpringKafkaProducer\src\test\resources
2025-03-29 00:19:24,689 [Worker-43: Building] ERROR o.e.m.c.i.URLConnectionCaches - Unexpected URLConnection defaultUseCaches enabled
2025-03-29 00:19:42,019 [Worker-47: Building] ERROR o.e.m.c.i.URLConnectionCaches - Unexpected URLConnection defaultUseCaches enabled
2025-03-29 00:19:42,061 [Worker-47: Building] INFO  o.a.m.s.f.DefaultMavenResourcesFiltering - Copying 1 resource from src\main\resources to target\classes
2025-03-29 00:19:42,072 [Worker-47: Building] INFO  o.a.m.s.f.DefaultMavenResourcesFiltering - Copying 0 resource from src\main\resources to target\classes
2025-03-29 00:19:42,077 [Worker-47: Building] INFO  o.a.m.s.f.DefaultMavenResourcesFiltering - skip non existing resourceDirectory C:\Users\prasa\eclipse-workspace\Micoservice-eclipse-workspace\SpringKafkaProducer\src\test\resources
2025-03-29 00:20:18,214 [Worker-47: Building] ERROR o.e.m.c.i.URLConnectionCaches - Unexpected URLConnection defaultUseCaches enabled
2025-03-29 00:20:18,220 [Worker-47: Building] INFO  o.a.m.s.f.DefaultMavenResourcesFiltering - Copying 1 resource from src\main\resources to target\classes
2025-03-29 00:20:18,226 [Worker-47: Building] INFO  o.a.m.s.f.DefaultMavenResourcesFiltering - Copying 0 resource from src\main\resources to target\classes
2025-03-29 00:20:18,229 [Worker-47: Building] INFO  o.a.m.s.f.DefaultMavenResourcesFiltering - skip non existing resourceDirectory C:\Users\prasa\eclipse-workspace\Micoservice-eclipse-workspace\SpringKafkaProducer\src\test\resources
2025-03-29 00:20:19,279 [Worker-44: Building] ERROR o.e.m.c.i.URLConnectionCaches - Unexpected URLConnection defaultUseCaches enabled
2025-03-29 00:20:19,284 [Worker-44: Building] INFO  o.a.m.s.f.DefaultMavenResourcesFiltering - Copying 1 resource from src\main\resources to target\classes
2025-03-29 00:20:19,290 [Worker-44: Building] INFO  o.a.m.s.f.DefaultMavenResourcesFiltering - Copying 0 resource from src\main\resources to target\classes
2025-03-29 00:20:19,293 [Worker-44: Building] INFO  o.a.m.s.f.DefaultMavenResourcesFiltering - skip non existing resourceDirectory C:\Users\prasa\eclipse-workspace\Micoservice-eclipse-workspace\SpringKafkaProducer\src\test\resources
2025-03-29 00:22:47,471 [Worker-43: Building] ERROR o.e.m.c.i.URLConnectionCaches - Unexpected URLConnection defaultUseCaches enabled
2025-03-29 00:22:47,479 [Worker-43: Building] INFO  o.a.m.s.f.DefaultMavenResourcesFiltering - Copying 1 resource from src\main\resources to target\classes
2025-03-29 00:22:47,487 [Worker-43: Building] INFO  o.a.m.s.f.DefaultMavenResourcesFiltering - Copying 0 resource from src\main\resources to target\classes
2025-03-29 00:22:47,491 [Worker-43: Building] INFO  o.a.m.s.f.DefaultMavenResourcesFiltering - skip non existing resourceDirectory C:\Users\prasa\eclipse-workspace\Micoservice-eclipse-workspace\SpringKafkaProducer\src\test\resources
2025-03-29 00:22:56,105 [Worker-48: Building] ERROR o.e.m.c.i.URLConnectionCaches - Unexpected URLConnection defaultUseCaches enabled
2025-03-29 00:23:16,672 [Worker-45: Building] ERROR o.e.m.c.i.URLConnectionCaches - Unexpected URLConnection defaultUseCaches enabled
2025-03-29 00:23:16,678 [Worker-45: Building] INFO  o.a.m.s.f.DefaultMavenResourcesFiltering - Copying 1 resource from src\main\resources to target\classes
2025-03-29 00:23:16,687 [Worker-45: Building] INFO  o.a.m.s.f.DefaultMavenResourcesFiltering - Copying 0 resource from src\main\resources to target\classes
2025-03-29 00:23:16,691 [Worker-45: Building] INFO  o.a.m.s.f.DefaultMavenResourcesFiltering - skip non existing resourceDirectory C:\Users\prasa\eclipse-workspace\Micoservice-eclipse-workspace\SpringKafkaProducer\src\test\resources
2025-03-29 00:25:35,161 [Worker-45: Building] ERROR o.e.m.c.i.URLConnectionCaches - Unexpected URLConnection defaultUseCaches enabled
2025-03-29 00:25:35,165 [Worker-45: Building] INFO  o.a.m.s.f.DefaultMavenResourcesFiltering - Copying 1 resource from src\main\resources to target\classes
2025-03-29 00:25:35,172 [Worker-45: Building] INFO  o.a.m.s.f.DefaultMavenResourcesFiltering - Copying 0 resource from src\main\resources to target\classes
2025-03-29 00:25:35,175 [Worker-45: Building] INFO  o.a.m.s.f.DefaultMavenResourcesFiltering - skip non existing resourceDirectory C:\Users\prasa\eclipse-workspace\Micoservice-eclipse-workspace\SpringKafkaProducer\src\test\resources
2025-03-29 00:25:38,238 [Worker-50: Building] ERROR o.e.m.c.i.URLConnectionCaches - Unexpected URLConnection defaultUseCaches enabled
2025-03-29 00:25:38,242 [Worker-50: Building] INFO  o.a.m.s.f.DefaultMavenResourcesFiltering - Copying 1 resource from src\main\resources to target\classes
2025-03-29 00:25:38,247 [Worker-50: Building] INFO  o.a.m.s.f.DefaultMavenResourcesFiltering - Copying 0 resource from src\main\resources to target\classes
2025-03-29 00:25:38,250 [Worker-50: Building] INFO  o.a.m.s.f.DefaultMavenResourcesFiltering - skip non existing resourceDirectory C:\Users\prasa\eclipse-workspace\Micoservice-eclipse-workspace\SpringKafkaProducer\src\test\resources
2025-03-29 00:34:51,509 [Worker-58: Building] ERROR o.e.m.c.i.URLConnectionCaches - Unexpected URLConnection defaultUseCaches enabled
2025-03-29 00:34:51,514 [Worker-58: Building] INFO  o.a.m.s.f.DefaultMavenResourcesFiltering - Copying 1 resource from src\main\resources to target\classes
2025-03-29 00:34:51,521 [Worker-58: Building] INFO  o.a.m.s.f.DefaultMavenResourcesFiltering - Copying 0 resource from src\main\resources to target\classes
2025-03-29 00:34:51,523 [Worker-58: Building] INFO  o.a.m.s.f.DefaultMavenResourcesFiltering - skip non existing resourceDirectory C:\Users\prasa\eclipse-workspace\Micoservice-eclipse-workspace\SpringKafkaProducer\src\test\resources
2025-03-29 00:35:19,086 [Worker-54: Building] ERROR o.e.m.c.i.URLConnectionCaches - Unexpected URLConnection defaultUseCaches enabled
2025-03-29 00:35:19,089 [Worker-54: Building] INFO  o.a.m.s.f.DefaultMavenResourcesFiltering - Copying 1 resource from src\main\resources to target\classes
2025-03-29 00:35:19,095 [Worker-54: Building] INFO  o.a.m.s.f.DefaultMavenResourcesFiltering - Copying 0 resource from src\main\resources to target\classes
2025-03-29 00:35:19,097 [Worker-54: Building] INFO  o.a.m.s.f.DefaultMavenResourcesFiltering - skip non existing resourceDirectory C:\Users\prasa\eclipse-workspace\Micoservice-eclipse-workspace\SpringKafkaProducer\src\test\resources
2025-03-29 00:35:52,135 [Worker-55: Building] ERROR o.e.m.c.i.URLConnectionCaches - Unexpected URLConnection defaultUseCaches enabled
2025-03-29 00:35:59,258 [Worker-57: Building] ERROR o.e.m.c.i.URLConnectionCaches - Unexpected URLConnection defaultUseCaches enabled
2025-03-29 00:35:59,262 [Worker-57: Building] INFO  o.a.m.s.f.DefaultMavenResourcesFiltering - Copying 1 resource from src\main\resources to target\classes
2025-03-29 00:35:59,269 [Worker-57: Building] INFO  o.a.m.s.f.DefaultMavenResourcesFiltering - Copying 0 resource from src\main\resources to target\classes
2025-03-29 00:35:59,272 [Worker-57: Building] INFO  o.a.m.s.f.DefaultMavenResourcesFiltering - skip non existing resourceDirectory C:\Users\prasa\eclipse-workspace\Micoservice-eclipse-workspace\SpringKafkaProducer\src\test\resources
2025-03-29 00:36:38,831 [Worker-54: Building] ERROR o.e.m.c.i.URLConnectionCaches - Unexpected URLConnection defaultUseCaches enabled
2025-03-29 00:36:38,834 [Worker-54: Building] INFO  o.a.m.s.f.DefaultMavenResourcesFiltering - Copying 1 resource from src\main\resources to target\classes
2025-03-29 00:36:38,840 [Worker-54: Building] INFO  o.a.m.s.f.DefaultMavenResourcesFiltering - Copying 0 resource from src\main\resources to target\classes
2025-03-29 00:36:38,842 [Worker-54: Building] INFO  o.a.m.s.f.DefaultMavenResourcesFiltering - skip non existing resourceDirectory C:\Users\prasa\eclipse-workspace\Micoservice-eclipse-workspace\SpringKafkaProducer\src\test\resources
2025-03-29 00:37:23,159 [Worker-57: Building] ERROR o.e.m.c.i.URLConnectionCaches - Unexpected URLConnection defaultUseCaches enabled
2025-03-29 00:37:23,163 [Worker-57: Building] INFO  o.a.m.s.f.DefaultMavenResourcesFiltering - Copying 1 resource from src\main\resources to target\classes
2025-03-29 00:37:23,169 [Worker-57: Building] INFO  o.a.m.s.f.DefaultMavenResourcesFiltering - Copying 0 resource from src\main\resources to target\classes
2025-03-29 00:37:23,172 [Worker-57: Building] INFO  o.a.m.s.f.DefaultMavenResourcesFiltering - skip non existing resourceDirectory C:\Users\prasa\eclipse-workspace\Micoservice-eclipse-workspace\SpringKafkaProducer\src\test\resources
2025-03-29 00:37:34,316 [Worker-59: Building] ERROR o.e.m.c.i.URLConnectionCaches - Unexpected URLConnection defaultUseCaches enabled
2025-03-29 00:37:34,321 [Worker-59: Building] INFO  o.a.m.s.f.DefaultMavenResourcesFiltering - Copying 1 resource from src\main\resources to target\classes
2025-03-29 00:37:34,327 [Worker-59: Building] INFO  o.a.m.s.f.DefaultMavenResourcesFiltering - Copying 0 resource from src\main\resources to target\classes
2025-03-29 00:37:34,330 [Worker-59: Building] INFO  o.a.m.s.f.DefaultMavenResourcesFiltering - skip non existing resourceDirectory C:\Users\prasa\eclipse-workspace\Micoservice-eclipse-workspace\SpringKafkaProducer\src\test\resources
2025-03-29 00:38:10,841 [Worker-57: Building] ERROR o.e.m.c.i.URLConnectionCaches - Unexpected URLConnection defaultUseCaches enabled
2025-03-29 00:38:10,845 [Worker-57: Building] INFO  o.a.m.s.f.DefaultMavenResourcesFiltering - Copying 1 resource from src\main\resources to target\classes
2025-03-29 00:38:10,849 [Worker-57: Building] INFO  o.a.m.s.f.DefaultMavenResourcesFiltering - Copying 0 resource from src\main\resources to target\classes
2025-03-29 00:38:10,851 [Worker-57: Building] INFO  o.a.m.s.f.DefaultMavenResourcesFiltering - skip non existing resourceDirectory C:\Users\prasa\eclipse-workspace\Micoservice-eclipse-workspace\SpringKafkaProducer\src\test\resources
2025-03-29 00:39:32,327 [Worker-55: Building] ERROR o.e.m.c.i.URLConnectionCaches - Unexpected URLConnection defaultUseCaches enabled
2025-03-29 00:39:32,333 [Worker-55: Building] INFO  o.a.m.s.f.DefaultMavenResourcesFiltering - Copying 1 resource from src\main\resources to target\classes
2025-03-29 00:39:32,340 [Worker-55: Building] INFO  o.a.m.s.f.DefaultMavenResourcesFiltering - Copying 0 resource from src\main\resources to target\classes
2025-03-29 00:39:32,345 [Worker-55: Building] INFO  o.a.m.s.f.DefaultMavenResourcesFiltering - skip non existing resourceDirectory C:\Users\prasa\eclipse-workspace\Micoservice-eclipse-workspace\SpringKafkaProducer\src\test\resources
2025-03-29 00:39:38,841 [Worker-57: Building] ERROR o.e.m.c.i.URLConnectionCaches - Unexpected URLConnection defaultUseCaches enabled
2025-03-29 00:39:38,845 [Worker-57: Building] INFO  o.a.m.s.f.DefaultMavenResourcesFiltering - Copying 1 resource from src\main\resources to target\classes
2025-03-29 00:39:38,851 [Worker-57: Building] INFO  o.a.m.s.f.DefaultMavenResourcesFiltering - Copying 0 resource from src\main\resources to target\classes
2025-03-29 00:39:38,853 [Worker-57: Building] INFO  o.a.m.s.f.DefaultMavenResourcesFiltering - skip non existing resourceDirectory C:\Users\prasa\eclipse-workspace\Micoservice-eclipse-workspace\SpringKafkaProducer\src\test\resources
2025-03-29 00:40:01,228 [Worker-55: Building] ERROR o.e.m.c.i.URLConnectionCaches - Unexpected URLConnection defaultUseCaches enabled
2025-03-29 00:40:01,232 [Worker-55: Building] INFO  o.a.m.s.f.DefaultMavenResourcesFiltering - Copying 1 resource from src\main\resources to target\classes
2025-03-29 00:40:01,240 [Worker-55: Building] INFO  o.a.m.s.f.DefaultMavenResourcesFiltering - Copying 0 resource from src\main\resources to target\classes
2025-03-29 00:40:01,242 [Worker-55: Building] INFO  o.a.m.s.f.DefaultMavenResourcesFiltering - skip non existing resourceDirectory C:\Users\prasa\eclipse-workspace\Micoservice-eclipse-workspace\SpringKafkaProducer\src\test\resources
2025-03-29 00:40:49,294 [Worker-58: Building] ERROR o.e.m.c.i.URLConnectionCaches - Unexpected URLConnection defaultUseCaches enabled
2025-03-29 00:40:49,298 [Worker-58: Building] INFO  o.a.m.s.f.DefaultMavenResourcesFiltering - Copying 1 resource from src\main\resources to target\classes
2025-03-29 00:40:49,304 [Worker-58: Building] INFO  o.a.m.s.f.DefaultMavenResourcesFiltering - Copying 0 resource from src\main\resources to target\classes
2025-03-29 00:40:49,306 [Worker-58: Building] INFO  o.a.m.s.f.DefaultMavenResourcesFiltering - skip non existing resourceDirectory C:\Users\prasa\eclipse-workspace\Micoservice-eclipse-workspace\SpringKafkaProducer\src\test\resources
2025-03-29 00:41:20,232 [Worker-56: Building] ERROR o.e.m.c.i.URLConnectionCaches - Unexpected URLConnection defaultUseCaches enabled
2025-03-29 00:41:20,236 [Worker-56: Building] INFO  o.a.m.s.f.DefaultMavenResourcesFiltering - Copying 1 resource from src\main\resources to target\classes
2025-03-29 00:41:20,241 [Worker-56: Building] INFO  o.a.m.s.f.DefaultMavenResourcesFiltering - Copying 0 resource from src\main\resources to target\classes
2025-03-29 00:41:20,243 [Worker-56: Building] INFO  o.a.m.s.f.DefaultMavenResourcesFiltering - skip non existing resourceDirectory C:\Users\prasa\eclipse-workspace\Micoservice-eclipse-workspace\SpringKafkaProducer\src\test\resources
2025-03-29 00:42:01,722 [Worker-56: Building] ERROR o.e.m.c.i.URLConnectionCaches - Unexpected URLConnection defaultUseCaches enabled
2025-03-29 00:42:01,727 [Worker-56: Building] INFO  o.a.m.s.f.DefaultMavenResourcesFiltering - Copying 1 resource from src\main\resources to target\classes
2025-03-29 00:42:01,733 [Worker-56: Building] INFO  o.a.m.s.f.DefaultMavenResourcesFiltering - Copying 0 resource from src\main\resources to target\classes
2025-03-29 00:42:01,736 [Worker-56: Building] INFO  o.a.m.s.f.DefaultMavenResourcesFiltering - skip non existing resourceDirectory C:\Users\prasa\eclipse-workspace\Micoservice-eclipse-workspace\SpringKafkaProducer\src\test\resources
2025-03-29 19:21:00,940 [Worker-6: Loading available Gradle versions] INFO  o.e.b.c.i.u.g.PublishedGradleVersions - Gradle version information cache is up-to-date. Trying to read.
2025-03-29 19:21:10,359 [Worker-8: Building] INFO  o.a.m.s.f.DefaultMavenResourcesFiltering - Copying 1 resource from src\main\resources to target\classes
2025-03-29 19:21:10,392 [Worker-8: Building] INFO  o.a.m.s.f.DefaultMavenResourcesFiltering - Copying 0 resource from src\main\resources to target\classes
2025-03-29 19:21:10,404 [Worker-8: Building] INFO  o.a.m.s.f.DefaultMavenResourcesFiltering - skip non existing resourceDirectory C:\Users\prasa\eclipse-workspace\Micoservice-eclipse-workspace\SpringProviderApp-MQ\src\test\resources
2025-03-29 19:24:40,252 [Worker-26: Import Getting Started Content] INFO  o.e.m.c.i.l.LifecycleMappingFactory - Using org.eclipse.m2e.jdt.JarLifecycleMapping lifecycle mapping for MavenProject: com.example:SpringKafkaConsumer:0.0.1-SNAPSHOT @ C:\Users\prasa\eclipse-workspace\Micoservice-eclipse-workspace\SpringKafkaConsumer\pom.xml.
2025-03-29 19:24:41,819 [Worker-26: Import Getting Started Content] INFO  o.e.m.j.i.AbstractJavaProjectConfigurator - Adding source folder /SpringKafkaConsumer/src/main/java
2025-03-29 19:24:41,823 [Worker-26: Import Getting Started Content] INFO  o.e.m.j.i.AbstractJavaProjectConfigurator - Adding resource folder /SpringKafkaConsumer/src/main/resources
2025-03-29 19:24:41,828 [Worker-26: Import Getting Started Content] INFO  o.e.m.j.i.AbstractJavaProjectConfigurator - Adding resource folder /SpringKafkaConsumer/src/main/resources
2025-03-29 19:24:41,833 [Worker-26: Import Getting Started Content] INFO  o.e.m.j.i.AbstractJavaProjectConfigurator - Adding source folder /SpringKafkaConsumer/src/test/java
2025-03-29 19:24:41,834 [Worker-26: Import Getting Started Content] INFO  o.e.m.j.i.AbstractJavaProjectConfigurator - Adding resource folder /SpringKafkaConsumer/src/test/resources
2025-03-29 19:24:42,306 [Worker-26: Import Getting Started Content] INFO  o.e.m.c.i.p.ProjectConfigurationManager - Imported and configured 1 project(s) in 3 sec
2025-03-29 19:24:42,313 [Worker-26: Import Getting Started Content] INFO  o.e.m.c.i.p.ProjectConfigurationManager - Update started
2025-03-29 19:24:42,813 [Worker-26: Import Getting Started Content] INFO  o.e.m.c.i.l.LifecycleMappingFactory - Using org.eclipse.m2e.jdt.JarLifecycleMapping lifecycle mapping for MavenProject: com.example:SpringKafkaConsumer:0.0.1-SNAPSHOT @ C:\Users\prasa\eclipse-workspace\Micoservice-eclipse-workspace\SpringKafkaConsumer\pom.xml.
2025-03-29 19:24:43,727 [Worker-26: Import Getting Started Content] INFO  o.e.m.j.i.AbstractJavaProjectConfigurator - Adding source folder /SpringKafkaConsumer/src/main/java
2025-03-29 19:24:43,728 [Worker-26: Import Getting Started Content] INFO  o.e.m.j.i.AbstractJavaProjectConfigurator - Adding resource folder /SpringKafkaConsumer/src/main/resources
2025-03-29 19:24:43,728 [Worker-26: Import Getting Started Content] INFO  o.e.m.j.i.AbstractJavaProjectConfigurator - Adding resource folder /SpringKafkaConsumer/src/main/resources
2025-03-29 19:24:43,729 [Worker-26: Import Getting Started Content] INFO  o.e.m.j.i.AbstractJavaProjectConfigurator - Adding source folder /SpringKafkaConsumer/src/test/java
2025-03-29 19:24:43,730 [Worker-26: Import Getting Started Content] INFO  o.e.m.j.i.AbstractJavaProjectConfigurator - Adding resource folder /SpringKafkaConsumer/src/test/resources
2025-03-29 19:24:44,220 [Worker-26: Import Getting Started Content] INFO  o.e.m.c.i.p.ProjectConfigurationManager - Update completed for 1 poms: local refresh takes 0.00 sec, refresh facades takes 1.00 sec, update config takes 0.00 sec 
2025-03-29 19:24:45,064 [Worker-7: Building] INFO  o.a.m.s.f.DefaultMavenResourcesFiltering - Copying 1 resource from src\main\resources to target\classes
2025-03-29 19:24:45,079 [Worker-7: Building] INFO  o.a.m.s.f.DefaultMavenResourcesFiltering - Copying 0 resource from src\main\resources to target\classes
2025-03-29 19:24:45,084 [Worker-7: Building] INFO  o.a.m.s.f.DefaultMavenResourcesFiltering - skip non existing resourceDirectory C:\Users\prasa\eclipse-workspace\Micoservice-eclipse-workspace\SpringKafkaConsumer\src\test\resources
2025-03-29 19:27:29,429 [Worker-18: Building] INFO  o.a.m.s.f.DefaultMavenResourcesFiltering - Copying 1 resource from src\main\resources to target\classes
2025-03-29 19:27:29,437 [Worker-18: Building] INFO  o.a.m.s.f.DefaultMavenResourcesFiltering - Copying 0 resource from src\main\resources to target\classes
2025-03-29 19:27:29,440 [Worker-18: Building] INFO  o.a.m.s.f.DefaultMavenResourcesFiltering - skip non existing resourceDirectory C:\Users\prasa\eclipse-workspace\Micoservice-eclipse-workspace\SpringKafkaConsumer\src\test\resources
2025-03-29 19:39:38,339 [Worker-43: Building] INFO  o.a.m.s.f.DefaultMavenResourcesFiltering - Copying 1 resource from src\main\resources to target\classes
2025-03-29 19:39:38,345 [Worker-43: Building] INFO  o.a.m.s.f.DefaultMavenResourcesFiltering - Copying 0 resource from src\main\resources to target\classes
2025-03-29 19:39:38,349 [Worker-43: Building] INFO  o.a.m.s.f.DefaultMavenResourcesFiltering - skip non existing resourceDirectory C:\Users\prasa\eclipse-workspace\Micoservice-eclipse-workspace\SpringKafkaConsumer\src\test\resources
2025-03-29 20:03:00,141 [Worker-43: Building] INFO  o.a.m.s.f.DefaultMavenResourcesFiltering - Copying 1 resource from src\main\resources to target\classes
2025-03-29 20:03:00,179 [Worker-43: Building] INFO  o.a.m.s.f.DefaultMavenResourcesFiltering - Copying 0 resource from src\main\resources to target\classes
2025-03-29 20:03:00,184 [Worker-43: Building] INFO  o.a.m.s.f.DefaultMavenResourcesFiltering - skip non existing resourceDirectory C:\Users\prasa\eclipse-workspace\Micoservice-eclipse-workspace\SpringKafkaConsumer\src\test\resources
2025-03-29 20:07:29,414 [Worker-48: Building] INFO  o.a.m.s.f.DefaultMavenResourcesFiltering - Copying 1 resource from src\main\resources to target\classes
2025-03-29 20:07:29,424 [Worker-48: Building] INFO  o.a.m.s.f.DefaultMavenResourcesFiltering - Copying 0 resource from src\main\resources to target\classes
2025-03-29 20:07:29,428 [Worker-48: Building] INFO  o.a.m.s.f.DefaultMavenResourcesFiltering - skip non existing resourceDirectory C:\Users\prasa\eclipse-workspace\Micoservice-eclipse-workspace\SpringKafkaConsumer\src\test\resources
2025-03-29 20:07:59,766 [Worker-47: Building] INFO  o.a.m.s.f.DefaultMavenResourcesFiltering - Copying 1 resource from src\main\resources to target\classes
2025-03-29 20:07:59,774 [Worker-47: Building] INFO  o.a.m.s.f.DefaultMavenResourcesFiltering - Copying 0 resource from src\main\resources to target\classes
2025-03-29 20:07:59,777 [Worker-47: Building] INFO  o.a.m.s.f.DefaultMavenResourcesFiltering - skip non existing resourceDirectory C:\Users\prasa\eclipse-workspace\Micoservice-eclipse-workspace\SpringKafkaConsumer\src\test\resources
2025-03-29 20:10:43,987 [Worker-40: Building Workspace] INFO  o.a.m.s.f.DefaultMavenResourcesFiltering - Copying 1 resource from src\main\resources to target\classes
2025-03-29 20:10:43,995 [Worker-40: Building Workspace] INFO  o.a.m.s.f.DefaultMavenResourcesFiltering - Copying 0 resource from src\main\resources to target\classes
2025-03-29 20:10:43,999 [Worker-40: Building Workspace] INFO  o.a.m.s.f.DefaultMavenResourcesFiltering - skip non existing resourceDirectory C:\Users\prasa\eclipse-workspace\Micoservice-eclipse-workspace\SpringKafkaConsumer\src\test\resources
2025-03-29 20:11:30,858 [Worker-49: Building] INFO  o.a.m.s.f.DefaultMavenResourcesFiltering - Copying 1 resource from src\main\resources to target\classes
2025-03-29 20:11:30,865 [Worker-49: Building] INFO  o.a.m.s.f.DefaultMavenResourcesFiltering - Copying 0 resource from src\main\resources to target\classes
2025-03-29 20:11:30,869 [Worker-49: Building] INFO  o.a.m.s.f.DefaultMavenResourcesFiltering - skip non existing resourceDirectory C:\Users\prasa\eclipse-workspace\Micoservice-eclipse-workspace\SpringKafkaConsumer\src\test\resources
2025-03-29 20:11:42,480 [Worker-47: Building] INFO  o.a.m.s.f.DefaultMavenResourcesFiltering - Copying 1 resource from src\main\resources to target\classes
2025-03-29 20:11:42,486 [Worker-47: Building] INFO  o.a.m.s.f.DefaultMavenResourcesFiltering - Copying 0 resource from src\main\resources to target\classes
2025-03-29 20:11:42,489 [Worker-47: Building] INFO  o.a.m.s.f.DefaultMavenResourcesFiltering - skip non existing resourceDirectory C:\Users\prasa\eclipse-workspace\Micoservice-eclipse-workspace\SpringKafkaConsumer\src\test\resources
2025-03-29 20:12:52,782 [Worker-43: Building] INFO  o.a.m.s.f.DefaultMavenResourcesFiltering - Copying 1 resource from src\main\resources to target\classes
2025-03-29 20:12:52,791 [Worker-43: Building] INFO  o.a.m.s.f.DefaultMavenResourcesFiltering - Copying 0 resource from src\main\resources to target\classes
2025-03-29 20:12:52,795 [Worker-43: Building] INFO  o.a.m.s.f.DefaultMavenResourcesFiltering - skip non existing resourceDirectory C:\Users\prasa\eclipse-workspace\Micoservice-eclipse-workspace\SpringKafkaConsumer\src\test\resources
2025-03-29 20:13:05,469 [Worker-40: Building] INFO  o.a.m.s.f.DefaultMavenResourcesFiltering - Copying 1 resource from src\main\resources to target\classes
2025-03-29 20:13:05,476 [Worker-40: Building] INFO  o.a.m.s.f.DefaultMavenResourcesFiltering - Copying 0 resource from src\main\resources to target\classes
2025-03-29 20:13:05,479 [Worker-40: Building] INFO  o.a.m.s.f.DefaultMavenResourcesFiltering - skip non existing resourceDirectory C:\Users\prasa\eclipse-workspace\Micoservice-eclipse-workspace\SpringKafkaConsumer\src\test\resources
2025-03-29 20:20:58,676 [Worker-55: Building] INFO  o.a.m.s.f.DefaultMavenResourcesFiltering - Copying 1 resource from src\main\resources to target\classes
2025-03-29 20:20:58,682 [Worker-55: Building] INFO  o.a.m.s.f.DefaultMavenResourcesFiltering - Copying 0 resource from src\main\resources to target\classes
2025-03-29 20:20:58,685 [Worker-55: Building] INFO  o.a.m.s.f.DefaultMavenResourcesFiltering - skip non existing resourceDirectory C:\Users\prasa\eclipse-workspace\Micoservice-eclipse-workspace\SpringKafkaConsumer\src\test\resources
2025-03-30 16:51:31,848 [Worker-83: Import Getting Started Content] INFO  o.e.m.c.i.l.LifecycleMappingFactory - Using org.eclipse.m2e.jdt.JarLifecycleMapping lifecycle mapping for MavenProject: com.example:SpringCloudApiGateway:0.0.1-SNAPSHOT @ C:\Users\prasa\eclipse-workspace\Micoservice-eclipse-workspace\SpringCloudApiGateway\pom.xml.
2025-03-30 16:51:32,186 [Worker-83: Import Getting Started Content] INFO  o.e.m.c.i.e.AbstractTransferListenerAdapter - Downloading https://repo.maven.apache.org/maven2/org/springframework/cloud/spring-cloud-starter-gateway/4.2.1/spring-cloud-starter-gateway-4.2.1.pom
2025-03-30 16:51:32,197 [Worker-83: Import Getting Started Content] INFO  o.e.m.c.i.e.AbstractTransferListenerAdapter - Downloaded https://repo.maven.apache.org/maven2/org/springframework/cloud/spring-cloud-starter-gateway/4.2.1/spring-cloud-starter-gateway-4.2.1.pom
2025-03-30 16:51:32,231 [Worker-83: Import Getting Started Content] INFO  o.e.m.c.i.e.AbstractTransferListenerAdapter - Downloading https://repo.maven.apache.org/maven2/org/springframework/cloud/spring-cloud-gateway/4.2.1/spring-cloud-gateway-4.2.1.pom
2025-03-30 16:51:32,236 [Worker-83: Import Getting Started Content] INFO  o.e.m.c.i.e.AbstractTransferListenerAdapter - Downloaded https://repo.maven.apache.org/maven2/org/springframework/cloud/spring-cloud-gateway/4.2.1/spring-cloud-gateway-4.2.1.pom
2025-03-30 16:51:32,589 [Worker-83: Import Getting Started Content] INFO  o.e.m.c.i.e.AbstractTransferListenerAdapter - Downloading https://repo.maven.apache.org/maven2/org/springframework/cloud/spring-cloud-gateway-server/4.2.1/spring-cloud-gateway-server-4.2.1.pom
2025-03-30 16:51:32,596 [Worker-83: Import Getting Started Content] INFO  o.e.m.c.i.e.AbstractTransferListenerAdapter - Downloaded https://repo.maven.apache.org/maven2/org/springframework/cloud/spring-cloud-gateway-server/4.2.1/spring-cloud-gateway-server-4.2.1.pom
2025-03-30 16:51:33,307 [Worker-83: Import Getting Started Content] INFO  o.e.m.c.i.e.AbstractTransferListenerAdapter - Downloading https://repo.maven.apache.org/maven2/io/projectreactor/reactor-test/3.7.4/reactor-test-3.7.4.pom
2025-03-30 16:51:33,312 [Worker-83: Import Getting Started Content] INFO  o.e.m.c.i.e.AbstractTransferListenerAdapter - Downloaded https://repo.maven.apache.org/maven2/io/projectreactor/reactor-test/3.7.4/reactor-test-3.7.4.pom
2025-03-30 16:51:33,475 [Worker-83: Import Getting Started Content] INFO  o.e.m.c.i.e.AbstractTransferListenerAdapter - Downloading https://repo.maven.apache.org/maven2/org/springframework/cloud/spring-cloud-starter-gateway/4.2.1/spring-cloud-starter-gateway-4.2.1.jar
2025-03-30 16:51:33,479 [Worker-83: Import Getting Started Content] INFO  o.e.m.c.i.e.AbstractTransferListenerAdapter - Downloaded https://repo.maven.apache.org/maven2/org/springframework/cloud/spring-cloud-starter-gateway/4.2.1/spring-cloud-starter-gateway-4.2.1.jar
2025-03-30 16:51:33,505 [BasicRepositoryConnector-repo.maven.apache.org-0-0] INFO  o.e.m.c.i.e.AbstractTransferListenerAdapter - Downloading https://repo.maven.apache.org/maven2/org/springframework/cloud/spring-cloud-gateway-server/4.2.1/spring-cloud-gateway-server-4.2.1.jar
2025-03-30 16:51:33,554 [BasicRepositoryConnector-repo.maven.apache.org-0-1] INFO  o.e.m.c.i.e.AbstractTransferListenerAdapter - Downloading https://repo.maven.apache.org/maven2/io/projectreactor/reactor-test/3.7.4/reactor-test-3.7.4.jar
2025-03-30 16:51:33,589 [BasicRepositoryConnector-repo.maven.apache.org-0-0] INFO  o.e.m.c.i.e.AbstractTransferListenerAdapter - Downloaded https://repo.maven.apache.org/maven2/org/springframework/cloud/spring-cloud-gateway-server/4.2.1/spring-cloud-gateway-server-4.2.1.jar
2025-03-30 16:51:33,603 [BasicRepositoryConnector-repo.maven.apache.org-0-1] INFO  o.e.m.c.i.e.AbstractTransferListenerAdapter - Downloaded https://repo.maven.apache.org/maven2/io/projectreactor/reactor-test/3.7.4/reactor-test-3.7.4.jar
2025-03-30 16:51:34,044 [Worker-83: Import Getting Started Content] INFO  o.e.m.j.i.AbstractJavaProjectConfigurator - Adding source folder /SpringCloudApiGateway/src/main/java
2025-03-30 16:51:34,044 [Worker-83: Import Getting Started Content] INFO  o.e.m.j.i.AbstractJavaProjectConfigurator - Adding resource folder /SpringCloudApiGateway/src/main/resources
2025-03-30 16:51:34,047 [Worker-83: Import Getting Started Content] INFO  o.e.m.j.i.AbstractJavaProjectConfigurator - Adding resource folder /SpringCloudApiGateway/src/main/resources
2025-03-30 16:51:34,050 [Worker-83: Import Getting Started Content] INFO  o.e.m.j.i.AbstractJavaProjectConfigurator - Adding source folder /SpringCloudApiGateway/src/test/java
2025-03-30 16:51:34,051 [Worker-83: Import Getting Started Content] INFO  o.e.m.j.i.AbstractJavaProjectConfigurator - Adding resource folder /SpringCloudApiGateway/src/test/resources
2025-03-30 16:51:34,551 [Worker-83: Import Getting Started Content] INFO  o.e.m.c.i.p.ProjectConfigurationManager - Imported and configured 1 project(s) in 3 sec
2025-03-30 16:51:34,555 [Worker-83: Import Getting Started Content] INFO  o.e.m.c.i.p.ProjectConfigurationManager - Update started
2025-03-30 16:51:35,906 [Worker-83: Import Getting Started Content] INFO  o.e.m.c.i.l.LifecycleMappingFactory - Using org.eclipse.m2e.jdt.JarLifecycleMapping lifecycle mapping for MavenProject: com.example:SpringCloudApiGateway:0.0.1-SNAPSHOT @ C:\Users\prasa\eclipse-workspace\Micoservice-eclipse-workspace\SpringCloudApiGateway\pom.xml.
2025-03-30 16:51:36,178 [Worker-85: Download sources and javadoc] INFO  o.e.m.c.i.e.AbstractTransferListenerAdapter - Downloaded https://repo.maven.apache.org/maven2/org/springframework/cloud/spring-cloud-starter-gateway/4.2.1/spring-cloud-starter-gateway-4.2.1-sources.jar
2025-03-30 16:51:36,187 [Worker-85: Download sources and javadoc] ERROR o.e.m.j.internal.DownloadSourcesJob - Could not download sources for org.springframework.cloud:spring-cloud-starter-gateway:4.2.1
org.eclipse.core.runtime.CoreException: Could not resolve artifact org.springframework.cloud:spring-cloud-starter-gateway:jar:sources:4.2.1
	at org.eclipse.m2e.core.internal.embedder.MavenImpl.lambda$7(MavenImpl.java:540)
	at org.eclipse.m2e.core.internal.embedder.MavenExecutionContext.executeBare(MavenExecutionContext.java:458)
	at org.eclipse.m2e.core.internal.embedder.MavenExecutionContext.execute(MavenExecutionContext.java:292)
	at org.eclipse.m2e.core.internal.embedder.MavenExecutionContext.execute(MavenExecutionContext.java:278)
	at org.eclipse.m2e.core.internal.embedder.MavenImpl.resolve(MavenImpl.java:509)
	at org.eclipse.m2e.core.internal.embedder.MavenImpl.resolve(MavenImpl.java:494)
	at org.eclipse.m2e.jdt.internal.DownloadSourcesJob.download(DownloadSourcesJob.java:308)
	at org.eclipse.m2e.jdt.internal.DownloadSourcesJob.downloadAttachments(DownloadSourcesJob.java:282)
	at org.eclipse.m2e.jdt.internal.DownloadSourcesJob.downloadMaven(DownloadSourcesJob.java:252)
	at org.eclipse.m2e.jdt.internal.DownloadSourcesJob.downloadFilesAndPopulateToUpdate(DownloadSourcesJob.java:220)
	at org.eclipse.m2e.jdt.internal.DownloadSourcesJob.lambda$0(DownloadSourcesJob.java:149)
	at org.eclipse.m2e.core.internal.embedder.MavenExecutionContext.executeBare(MavenExecutionContext.java:458)
	at org.eclipse.m2e.core.internal.embedder.MavenExecutionContext.execute(MavenExecutionContext.java:339)
	at org.eclipse.m2e.core.internal.embedder.MavenExecutionContext.execute(MavenExecutionContext.java:278)
	at org.eclipse.m2e.core.embedder.IMaven.execute(IMaven.java:300)
	at org.eclipse.m2e.jdt.internal.DownloadSourcesJob.run(DownloadSourcesJob.java:149)
	at org.eclipse.core.internal.jobs.Worker.run(Worker.java:63)
2025-03-30 16:51:36,296 [Worker-85: Download sources and javadoc] INFO  o.e.m.c.i.e.AbstractTransferListenerAdapter - Downloading https://repo.maven.apache.org/maven2/org/springframework/cloud/spring-cloud-gateway-server/4.2.1/spring-cloud-gateway-server-4.2.1-sources.jar
2025-03-30 16:51:36,372 [Worker-85: Download sources and javadoc] INFO  o.e.m.c.i.e.AbstractTransferListenerAdapter - Downloaded https://repo.maven.apache.org/maven2/org/springframework/cloud/spring-cloud-gateway-server/4.2.1/spring-cloud-gateway-server-4.2.1-sources.jar
2025-03-30 16:51:36,378 [Worker-85: Download sources and javadoc] INFO  o.e.m.j.internal.DownloadSourcesJob - Downloaded sources for org.springframework.cloud:spring-cloud-gateway-server:4.2.1
2025-03-30 16:51:36,461 [Worker-85: Download sources and javadoc] INFO  o.e.m.c.i.e.AbstractTransferListenerAdapter - Downloading https://repo.maven.apache.org/maven2/io/projectreactor/reactor-test/3.7.4/reactor-test-3.7.4-sources.jar
2025-03-30 16:51:36,494 [Worker-85: Download sources and javadoc] INFO  o.e.m.c.i.e.AbstractTransferListenerAdapter - Downloaded https://repo.maven.apache.org/maven2/io/projectreactor/reactor-test/3.7.4/reactor-test-3.7.4-sources.jar
2025-03-30 16:51:36,499 [Worker-85: Download sources and javadoc] INFO  o.e.m.j.internal.DownloadSourcesJob - Downloaded sources for io.projectreactor:reactor-test:3.7.4
2025-03-30 16:51:37,197 [Worker-83: Import Getting Started Content] INFO  o.e.m.j.i.AbstractJavaProjectConfigurator - Adding source folder /SpringCloudApiGateway/src/main/java
2025-03-30 16:51:37,198 [Worker-83: Import Getting Started Content] INFO  o.e.m.j.i.AbstractJavaProjectConfigurator - Adding resource folder /SpringCloudApiGateway/src/main/resources
2025-03-30 16:51:37,199 [Worker-83: Import Getting Started Content] INFO  o.e.m.j.i.AbstractJavaProjectConfigurator - Adding resource folder /SpringCloudApiGateway/src/main/resources
2025-03-30 16:51:37,199 [Worker-83: Import Getting Started Content] INFO  o.e.m.j.i.AbstractJavaProjectConfigurator - Adding source folder /SpringCloudApiGateway/src/test/java
2025-03-30 16:51:37,200 [Worker-83: Import Getting Started Content] INFO  o.e.m.j.i.AbstractJavaProjectConfigurator - Adding resource folder /SpringCloudApiGateway/src/test/resources
2025-03-30 16:51:37,692 [Worker-83: Import Getting Started Content] INFO  o.e.m.c.i.p.ProjectConfigurationManager - Update completed for 1 poms: local refresh takes 0.00 sec, refresh facades takes 2.00 sec, update config takes 0.00 sec 
2025-03-30 16:51:38,504 [Worker-83: Building] INFO  o.a.m.s.f.DefaultMavenResourcesFiltering - Copying 1 resource from src\main\resources to target\classes
2025-03-30 16:51:38,523 [Worker-83: Building] INFO  o.a.m.s.f.DefaultMavenResourcesFiltering - Copying 0 resource from src\main\resources to target\classes
2025-03-30 16:51:38,530 [Worker-83: Building] INFO  o.a.m.s.f.DefaultMavenResourcesFiltering - skip non existing resourceDirectory C:\Users\prasa\eclipse-workspace\Micoservice-eclipse-workspace\SpringCloudApiGateway\src\test\resources
2025-03-30 16:53:10,521 [Worker-74: Building] INFO  o.a.m.s.f.DefaultMavenResourcesFiltering - Copying 1 resource from src\main\resources to target\classes
2025-03-30 16:53:10,527 [Worker-74: Building] INFO  o.a.m.s.f.DefaultMavenResourcesFiltering - Copying 0 resource from src\main\resources to target\classes
2025-03-30 16:53:10,530 [Worker-74: Building] INFO  o.a.m.s.f.DefaultMavenResourcesFiltering - skip non existing resourceDirectory C:\Users\prasa\eclipse-workspace\Micoservice-eclipse-workspace\SpringCloudApiGateway\src\test\resources
2025-03-30 16:55:36,363 [Worker-84: Building] INFO  o.a.m.s.f.DefaultMavenResourcesFiltering - Copying 1 resource from src\main\resources to target\classes
2025-03-30 16:55:36,369 [Worker-84: Building] INFO  o.a.m.s.f.DefaultMavenResourcesFiltering - Copying 0 resource from src\main\resources to target\classes
2025-03-30 16:55:36,372 [Worker-84: Building] INFO  o.a.m.s.f.DefaultMavenResourcesFiltering - skip non existing resourceDirectory C:\Users\prasa\eclipse-workspace\Micoservice-eclipse-workspace\SpringCloudApiGateway\src\test\resources
2025-03-30 16:58:46,832 [Worker-87: Building] INFO  o.a.m.s.f.DefaultMavenResourcesFiltering - Copying 1 resource from src\main\resources to target\classes
2025-03-30 16:58:46,838 [Worker-87: Building] INFO  o.a.m.s.f.DefaultMavenResourcesFiltering - Copying 0 resource from src\main\resources to target\classes
2025-03-30 16:58:46,840 [Worker-87: Building] INFO  o.a.m.s.f.DefaultMavenResourcesFiltering - skip non existing resourceDirectory C:\Users\prasa\eclipse-workspace\Micoservice-eclipse-workspace\SpringCloudApiGateway\src\test\resources
2025-03-30 16:58:55,850 [Worker-85: Building] INFO  o.a.m.s.f.DefaultMavenResourcesFiltering - Copying 1 resource from src\main\resources to target\classes
2025-03-30 16:58:55,858 [Worker-85: Building] INFO  o.a.m.s.f.DefaultMavenResourcesFiltering - Copying 0 resource from src\main\resources to target\classes
2025-03-30 16:58:55,861 [Worker-85: Building] INFO  o.a.m.s.f.DefaultMavenResourcesFiltering - skip non existing resourceDirectory C:\Users\prasa\eclipse-workspace\Micoservice-eclipse-workspace\SpringCloudApiGateway\src\test\resources
2025-03-30 17:03:59,170 [Worker-90: Building] INFO  o.a.m.s.f.DefaultMavenResourcesFiltering - Copying 1 resource from src\main\resources to target\classes
2025-03-30 17:03:59,176 [Worker-90: Building] INFO  o.a.m.s.f.DefaultMavenResourcesFiltering - Copying 0 resource from src\main\resources to target\classes
2025-03-30 17:03:59,179 [Worker-90: Building] INFO  o.a.m.s.f.DefaultMavenResourcesFiltering - skip non existing resourceDirectory C:\Users\prasa\eclipse-workspace\Micoservice-eclipse-workspace\SpringCloudApiGateway\src\test\resources
2025-03-30 22:05:15,344 [Worker-7: Loading available Gradle versions] INFO  o.e.b.c.i.u.g.PublishedGradleVersions - Gradle version information cache is out-of-date. Trying to update.
2025-03-31 13:00:54,864 [Worker-45: Building] INFO  o.a.m.s.f.DefaultMavenResourcesFiltering - Copying 1 resource from src\main\resources to target\classes
2025-03-31 13:00:54,897 [Worker-45: Building] INFO  o.a.m.s.f.DefaultMavenResourcesFiltering - Copying 0 resource from src\main\resources to target\classes
2025-03-31 13:00:54,908 [Worker-45: Building] INFO  o.a.m.s.f.DefaultMavenResourcesFiltering - skip non existing resourceDirectory C:\Users\prasa\eclipse-workspace\Micoservice-eclipse-workspace\SpringCloudApiGateway\src\test\resources
2025-03-31 13:03:39,637 [Worker-42: Building] INFO  o.a.m.s.f.DefaultMavenResourcesFiltering - Copying 1 resource from src\main\resources to target\classes
2025-03-31 13:03:39,659 [Worker-42: Building] INFO  o.a.m.s.f.DefaultMavenResourcesFiltering - Copying 0 resource from src\main\resources to target\classes
2025-03-31 13:03:39,671 [Worker-42: Building] INFO  o.a.m.s.f.DefaultMavenResourcesFiltering - skip non existing resourceDirectory C:\Users\prasa\eclipse-workspace\Micoservice-eclipse-workspace\SpringCloudApiGateway\src\test\resources
2025-04-02 11:37:32,306 [Worker-7: Loading available Gradle versions] INFO  o.e.b.c.i.u.g.PublishedGradleVersions - Gradle version information cache is out-of-date. Trying to update.
2025-04-02 11:43:59,990 [Worker-38: Import Getting Started Content] INFO  o.e.m.c.i.l.LifecycleMappingFactory - Using org.eclipse.m2e.jdt.JarLifecycleMapping lifecycle mapping for MavenProject: com.example:SpringMicroserviceForZipkin1:0.0.1-SNAPSHOT @ C:\Users\prasa\eclipse-workspace\Micoservice-eclipse-workspace\SpringCloudApiGateway-1\pom.xml.
2025-04-02 11:44:00,708 [Worker-38: Import Getting Started Content] INFO  o.e.m.c.i.e.AbstractTransferListenerAdapter - Downloading https://repo.maven.apache.org/maven2/io/micrometer/micrometer-tracing-bridge-brave/1.4.4/micrometer-tracing-bridge-brave-1.4.4.pom
2025-04-02 11:44:00,740 [Worker-38: Import Getting Started Content] INFO  o.e.m.c.i.e.AbstractTransferListenerAdapter - Downloaded https://repo.maven.apache.org/maven2/io/micrometer/micrometer-tracing-bridge-brave/1.4.4/micrometer-tracing-bridge-brave-1.4.4.pom
2025-04-02 11:44:00,780 [Worker-38: Import Getting Started Content] INFO  o.e.m.c.i.e.AbstractTransferListenerAdapter - Downloading https://repo.maven.apache.org/maven2/io/micrometer/micrometer-tracing/1.4.4/micrometer-tracing-1.4.4.pom
2025-04-02 11:44:00,792 [Worker-38: Import Getting Started Content] INFO  o.e.m.c.i.e.AbstractTransferListenerAdapter - Downloaded https://repo.maven.apache.org/maven2/io/micrometer/micrometer-tracing/1.4.4/micrometer-tracing-1.4.4.pom
2025-04-02 11:44:00,855 [Worker-38: Import Getting Started Content] INFO  o.e.m.c.i.e.AbstractTransferListenerAdapter - Downloading https://repo.maven.apache.org/maven2/io/micrometer/context-propagation/1.1.2/context-propagation-1.1.2.pom
2025-04-02 11:44:00,864 [Worker-38: Import Getting Started Content] INFO  o.e.m.c.i.e.AbstractTransferListenerAdapter - Downloaded https://repo.maven.apache.org/maven2/io/micrometer/context-propagation/1.1.2/context-propagation-1.1.2.pom
2025-04-02 11:44:00,901 [Worker-38: Import Getting Started Content] INFO  o.e.m.c.i.e.AbstractTransferListenerAdapter - Downloading https://repo.maven.apache.org/maven2/io/zipkin/brave/brave/6.0.3/brave-6.0.3.pom
2025-04-02 11:44:00,912 [Worker-38: Import Getting Started Content] INFO  o.e.m.c.i.e.AbstractTransferListenerAdapter - Downloaded https://repo.maven.apache.org/maven2/io/zipkin/brave/brave/6.0.3/brave-6.0.3.pom
2025-04-02 11:44:00,945 [Worker-38: Import Getting Started Content] INFO  o.e.m.c.i.e.AbstractTransferListenerAdapter - Downloading https://repo.maven.apache.org/maven2/io/zipkin/brave/brave-parent/6.0.3/brave-parent-6.0.3.pom
2025-04-02 11:44:00,957 [Worker-38: Import Getting Started Content] INFO  o.e.m.c.i.e.AbstractTransferListenerAdapter - Downloaded https://repo.maven.apache.org/maven2/io/zipkin/brave/brave-parent/6.0.3/brave-parent-6.0.3.pom
2025-04-02 11:44:00,993 [Worker-38: Import Getting Started Content] INFO  o.e.m.c.i.e.AbstractTransferListenerAdapter - Downloading https://repo.maven.apache.org/maven2/io/zipkin/brave/brave-context-slf4j/6.0.3/brave-context-slf4j-6.0.3.pom
2025-04-02 11:44:00,999 [Worker-38: Import Getting Started Content] INFO  o.e.m.c.i.e.AbstractTransferListenerAdapter - Downloaded https://repo.maven.apache.org/maven2/io/zipkin/brave/brave-context-slf4j/6.0.3/brave-context-slf4j-6.0.3.pom
2025-04-02 11:44:01,031 [Worker-38: Import Getting Started Content] INFO  o.e.m.c.i.e.AbstractTransferListenerAdapter - Downloading https://repo.maven.apache.org/maven2/io/zipkin/brave/brave-context-parent/6.0.3/brave-context-parent-6.0.3.pom
2025-04-02 11:44:01,036 [Worker-38: Import Getting Started Content] INFO  o.e.m.c.i.e.AbstractTransferListenerAdapter - Downloaded https://repo.maven.apache.org/maven2/io/zipkin/brave/brave-context-parent/6.0.3/brave-context-parent-6.0.3.pom
2025-04-02 11:44:01,071 [Worker-38: Import Getting Started Content] INFO  o.e.m.c.i.e.AbstractTransferListenerAdapter - Downloading https://repo.maven.apache.org/maven2/io/zipkin/brave/brave-instrumentation-http/6.0.3/brave-instrumentation-http-6.0.3.pom
2025-04-02 11:44:01,076 [Worker-38: Import Getting Started Content] INFO  o.e.m.c.i.e.AbstractTransferListenerAdapter - Downloaded https://repo.maven.apache.org/maven2/io/zipkin/brave/brave-instrumentation-http/6.0.3/brave-instrumentation-http-6.0.3.pom
2025-04-02 11:44:01,113 [Worker-38: Import Getting Started Content] INFO  o.e.m.c.i.e.AbstractTransferListenerAdapter - Downloading https://repo.maven.apache.org/maven2/io/zipkin/brave/brave-instrumentation-parent/6.0.3/brave-instrumentation-parent-6.0.3.pom
2025-04-02 11:44:01,119 [Worker-38: Import Getting Started Content] INFO  o.e.m.c.i.e.AbstractTransferListenerAdapter - Downloaded https://repo.maven.apache.org/maven2/io/zipkin/brave/brave-instrumentation-parent/6.0.3/brave-instrumentation-parent-6.0.3.pom
2025-04-02 11:44:01,203 [Worker-38: Import Getting Started Content] INFO  o.e.m.c.i.e.AbstractTransferListenerAdapter - Downloading https://repo.maven.apache.org/maven2/io/zipkin/aws/brave-propagation-aws/1.2.5/brave-propagation-aws-1.2.5.pom
2025-04-02 11:44:01,209 [Worker-38: Import Getting Started Content] INFO  o.e.m.c.i.e.AbstractTransferListenerAdapter - Downloaded https://repo.maven.apache.org/maven2/io/zipkin/aws/brave-propagation-aws/1.2.5/brave-propagation-aws-1.2.5.pom
2025-04-02 11:44:01,273 [Worker-38: Import Getting Started Content] INFO  o.e.m.c.i.e.AbstractTransferListenerAdapter - Downloading https://repo.maven.apache.org/maven2/io/zipkin/aws/zipkin-aws-parent/1.2.5/zipkin-aws-parent-1.2.5.pom
2025-04-02 11:44:01,285 [Worker-38: Import Getting Started Content] INFO  o.e.m.c.i.e.AbstractTransferListenerAdapter - Downloaded https://repo.maven.apache.org/maven2/io/zipkin/aws/zipkin-aws-parent/1.2.5/zipkin-aws-parent-1.2.5.pom
2025-04-02 11:44:01,325 [Worker-38: Import Getting Started Content] INFO  o.e.m.c.i.e.AbstractTransferListenerAdapter - Downloading https://repo.maven.apache.org/maven2/io/zipkin/contrib/brave-propagation-w3c/brave-propagation-tracecontext/0.2.0/brave-propagation-tracecontext-0.2.0.pom
2025-04-02 11:44:01,334 [Worker-38: Import Getting Started Content] INFO  o.e.m.c.i.e.AbstractTransferListenerAdapter - Downloaded https://repo.maven.apache.org/maven2/io/zipkin/contrib/brave-propagation-w3c/brave-propagation-tracecontext/0.2.0/brave-propagation-tracecontext-0.2.0.pom
2025-04-02 11:44:01,372 [Worker-38: Import Getting Started Content] INFO  o.e.m.c.i.e.AbstractTransferListenerAdapter - Downloading https://repo.maven.apache.org/maven2/io/zipkin/contrib/brave-propagation-w3c/brave-propagation-w3c-parent/0.2.0/brave-propagation-w3c-parent-0.2.0.pom
2025-04-02 11:44:01,382 [Worker-38: Import Getting Started Content] INFO  o.e.m.c.i.e.AbstractTransferListenerAdapter - Downloaded https://repo.maven.apache.org/maven2/io/zipkin/contrib/brave-propagation-w3c/brave-propagation-w3c-parent/0.2.0/brave-propagation-w3c-parent-0.2.0.pom
2025-04-02 11:44:01,424 [Worker-38: Import Getting Started Content] INFO  o.e.m.c.i.e.AbstractTransferListenerAdapter - Downloading https://repo.maven.apache.org/maven2/io/zipkin/reporter2/zipkin-reporter-brave/3.4.3/zipkin-reporter-brave-3.4.3.pom
2025-04-02 11:44:01,431 [Worker-38: Import Getting Started Content] INFO  o.e.m.c.i.e.AbstractTransferListenerAdapter - Downloaded https://repo.maven.apache.org/maven2/io/zipkin/reporter2/zipkin-reporter-brave/3.4.3/zipkin-reporter-brave-3.4.3.pom
2025-04-02 11:44:01,464 [Worker-38: Import Getting Started Content] INFO  o.e.m.c.i.e.AbstractTransferListenerAdapter - Downloading https://repo.maven.apache.org/maven2/io/zipkin/reporter2/zipkin-reporter-parent/3.4.3/zipkin-reporter-parent-3.4.3.pom
2025-04-02 11:44:01,471 [Worker-38: Import Getting Started Content] INFO  o.e.m.c.i.e.AbstractTransferListenerAdapter - Downloaded https://repo.maven.apache.org/maven2/io/zipkin/reporter2/zipkin-reporter-parent/3.4.3/zipkin-reporter-parent-3.4.3.pom
2025-04-02 11:44:01,508 [Worker-38: Import Getting Started Content] INFO  o.e.m.c.i.e.AbstractTransferListenerAdapter - Downloading https://repo.maven.apache.org/maven2/io/zipkin/reporter2/zipkin-reporter/3.4.3/zipkin-reporter-3.4.3.pom
2025-04-02 11:44:01,515 [Worker-38: Import Getting Started Content] INFO  o.e.m.c.i.e.AbstractTransferListenerAdapter - Downloaded https://repo.maven.apache.org/maven2/io/zipkin/reporter2/zipkin-reporter/3.4.3/zipkin-reporter-3.4.3.pom
2025-04-02 11:44:01,877 [Worker-38: Import Getting Started Content] INFO  o.e.m.c.i.e.AbstractTransferListenerAdapter - Downloading https://repo.maven.apache.org/maven2/io/micrometer/micrometer-tracing-bridge-brave/1.4.4/micrometer-tracing-bridge-brave-1.4.4.jar
2025-04-02 11:44:01,886 [Worker-38: Import Getting Started Content] INFO  o.e.m.c.i.e.AbstractTransferListenerAdapter - Downloaded https://repo.maven.apache.org/maven2/io/micrometer/micrometer-tracing-bridge-brave/1.4.4/micrometer-tracing-bridge-brave-1.4.4.jar
2025-04-02 11:44:01,914 [BasicRepositoryConnector-repo.maven.apache.org-0-0] INFO  o.e.m.c.i.e.AbstractTransferListenerAdapter - Downloading https://repo.maven.apache.org/maven2/io/micrometer/micrometer-tracing/1.4.4/micrometer-tracing-1.4.4.jar
2025-04-02 11:44:01,951 [BasicRepositoryConnector-repo.maven.apache.org-0-0] INFO  o.e.m.c.i.e.AbstractTransferListenerAdapter - Downloaded https://repo.maven.apache.org/maven2/io/micrometer/micrometer-tracing/1.4.4/micrometer-tracing-1.4.4.jar
2025-04-02 11:44:01,977 [BasicRepositoryConnector-repo.maven.apache.org-0-4] INFO  o.e.m.c.i.e.AbstractTransferListenerAdapter - Downloading https://repo.maven.apache.org/maven2/io/zipkin/brave/brave-instrumentation-http/6.0.3/brave-instrumentation-http-6.0.3.jar
2025-04-02 11:44:01,977 [BasicRepositoryConnector-repo.maven.apache.org-0-3] INFO  o.e.m.c.i.e.AbstractTransferListenerAdapter - Downloading https://repo.maven.apache.org/maven2/io/zipkin/brave/brave-context-slf4j/6.0.3/brave-context-slf4j-6.0.3.jar
2025-04-02 11:44:01,978 [BasicRepositoryConnector-repo.maven.apache.org-0-0] INFO  o.e.m.c.i.e.AbstractTransferListenerAdapter - Downloading https://repo.maven.apache.org/maven2/io/zipkin/aws/brave-propagation-aws/1.2.5/brave-propagation-aws-1.2.5.jar
2025-04-02 11:44:01,977 [BasicRepositoryConnector-repo.maven.apache.org-0-2] INFO  o.e.m.c.i.e.AbstractTransferListenerAdapter - Downloading https://repo.maven.apache.org/maven2/io/zipkin/brave/brave/6.0.3/brave-6.0.3.jar
2025-04-02 11:44:01,984 [BasicRepositoryConnector-repo.maven.apache.org-0-1] INFO  o.e.m.c.i.e.AbstractTransferListenerAdapter - Downloading https://repo.maven.apache.org/maven2/io/micrometer/context-propagation/1.1.2/context-propagation-1.1.2.jar
2025-04-02 11:44:01,991 [BasicRepositoryConnector-repo.maven.apache.org-0-3] INFO  o.e.m.c.i.e.AbstractTransferListenerAdapter - Downloaded https://repo.maven.apache.org/maven2/io/zipkin/brave/brave-context-slf4j/6.0.3/brave-context-slf4j-6.0.3.jar
2025-04-02 11:44:01,993 [BasicRepositoryConnector-repo.maven.apache.org-0-0] INFO  o.e.m.c.i.e.AbstractTransferListenerAdapter - Downloaded https://repo.maven.apache.org/maven2/io/zipkin/aws/brave-propagation-aws/1.2.5/brave-propagation-aws-1.2.5.jar
2025-04-02 11:44:01,994 [BasicRepositoryConnector-repo.maven.apache.org-0-4] INFO  o.e.m.c.i.e.AbstractTransferListenerAdapter - Downloaded https://repo.maven.apache.org/maven2/io/zipkin/brave/brave-instrumentation-http/6.0.3/brave-instrumentation-http-6.0.3.jar
2025-04-02 11:44:02,002 [BasicRepositoryConnector-repo.maven.apache.org-0-1] INFO  o.e.m.c.i.e.AbstractTransferListenerAdapter - Downloaded https://repo.maven.apache.org/maven2/io/micrometer/context-propagation/1.1.2/context-propagation-1.1.2.jar
2025-04-02 11:44:02,018 [BasicRepositoryConnector-repo.maven.apache.org-0-3] INFO  o.e.m.c.i.e.AbstractTransferListenerAdapter - Downloading https://repo.maven.apache.org/maven2/io/zipkin/contrib/brave-propagation-w3c/brave-propagation-tracecontext/0.2.0/brave-propagation-tracecontext-0.2.0.jar
2025-04-02 11:44:02,020 [BasicRepositoryConnector-repo.maven.apache.org-0-4] INFO  o.e.m.c.i.e.AbstractTransferListenerAdapter - Downloading https://repo.maven.apache.org/maven2/io/zipkin/reporter2/zipkin-reporter/3.4.3/zipkin-reporter-3.4.3.jar
2025-04-02 11:44:02,021 [BasicRepositoryConnector-repo.maven.apache.org-0-0] INFO  o.e.m.c.i.e.AbstractTransferListenerAdapter - Downloading https://repo.maven.apache.org/maven2/io/zipkin/reporter2/zipkin-reporter-brave/3.4.3/zipkin-reporter-brave-3.4.3.jar
2025-04-02 11:44:02,037 [BasicRepositoryConnector-repo.maven.apache.org-0-3] INFO  o.e.m.c.i.e.AbstractTransferListenerAdapter - Downloaded https://repo.maven.apache.org/maven2/io/zipkin/contrib/brave-propagation-w3c/brave-propagation-tracecontext/0.2.0/brave-propagation-tracecontext-0.2.0.jar
2025-04-02 11:44:02,038 [BasicRepositoryConnector-repo.maven.apache.org-0-4] INFO  o.e.m.c.i.e.AbstractTransferListenerAdapter - Downloaded https://repo.maven.apache.org/maven2/io/zipkin/reporter2/zipkin-reporter/3.4.3/zipkin-reporter-3.4.3.jar
2025-04-02 11:44:02,038 [BasicRepositoryConnector-repo.maven.apache.org-0-0] INFO  o.e.m.c.i.e.AbstractTransferListenerAdapter - Downloaded https://repo.maven.apache.org/maven2/io/zipkin/reporter2/zipkin-reporter-brave/3.4.3/zipkin-reporter-brave-3.4.3.jar
2025-04-02 11:44:02,063 [BasicRepositoryConnector-repo.maven.apache.org-0-2] INFO  o.e.m.c.i.e.AbstractTransferListenerAdapter - Downloaded https://repo.maven.apache.org/maven2/io/zipkin/brave/brave/6.0.3/brave-6.0.3.jar
2025-04-02 11:44:03,811 [Worker-38: Import Getting Started Content] INFO  o.e.m.j.i.AbstractJavaProjectConfigurator - Adding source folder /SpringCloudApiGateway-1/src/main/java
2025-04-02 11:44:03,816 [Worker-38: Import Getting Started Content] INFO  o.e.m.j.i.AbstractJavaProjectConfigurator - Adding resource folder /SpringCloudApiGateway-1/src/main/resources
2025-04-02 11:44:03,824 [Worker-38: Import Getting Started Content] INFO  o.e.m.j.i.AbstractJavaProjectConfigurator - Adding resource folder /SpringCloudApiGateway-1/src/main/resources
2025-04-02 11:44:03,832 [Worker-38: Import Getting Started Content] INFO  o.e.m.j.i.AbstractJavaProjectConfigurator - Adding source folder /SpringCloudApiGateway-1/src/test/java
2025-04-02 11:44:03,833 [Worker-38: Import Getting Started Content] INFO  o.e.m.j.i.AbstractJavaProjectConfigurator - Adding resource folder /SpringCloudApiGateway-1/src/test/resources
2025-04-02 11:44:04,345 [Worker-40: Download sources and javadoc] INFO  o.e.m.c.i.e.AbstractTransferListenerAdapter - Downloading https://repo.maven.apache.org/maven2/io/micrometer/micrometer-tracing-bridge-brave/1.4.4/micrometer-tracing-bridge-brave-1.4.4-sources.jar
2025-04-02 11:44:04,361 [Worker-40: Download sources and javadoc] INFO  o.e.m.c.i.e.AbstractTransferListenerAdapter - Downloaded https://repo.maven.apache.org/maven2/io/micrometer/micrometer-tracing-bridge-brave/1.4.4/micrometer-tracing-bridge-brave-1.4.4-sources.jar
2025-04-02 11:44:04,368 [Worker-40: Download sources and javadoc] INFO  o.e.m.j.internal.DownloadSourcesJob - Downloaded sources for io.micrometer:micrometer-tracing-bridge-brave:1.4.4
2025-04-02 11:44:04,466 [Worker-40: Download sources and javadoc] INFO  o.e.m.c.i.e.AbstractTransferListenerAdapter - Downloading https://repo.maven.apache.org/maven2/io/micrometer/micrometer-tracing/1.4.4/micrometer-tracing-1.4.4-sources.jar
2025-04-02 11:44:04,499 [Worker-40: Download sources and javadoc] INFO  o.e.m.c.i.e.AbstractTransferListenerAdapter - Downloaded https://repo.maven.apache.org/maven2/io/micrometer/micrometer-tracing/1.4.4/micrometer-tracing-1.4.4-sources.jar
2025-04-02 11:44:04,505 [Worker-40: Download sources and javadoc] INFO  o.e.m.j.internal.DownloadSourcesJob - Downloaded sources for io.micrometer:micrometer-tracing:1.4.4
2025-04-02 11:44:04,605 [Worker-40: Download sources and javadoc] INFO  o.e.m.c.i.e.AbstractTransferListenerAdapter - Downloading https://repo.maven.apache.org/maven2/io/micrometer/context-propagation/1.1.2/context-propagation-1.1.2-sources.jar
2025-04-02 11:44:04,617 [Worker-40: Download sources and javadoc] INFO  o.e.m.c.i.e.AbstractTransferListenerAdapter - Downloaded https://repo.maven.apache.org/maven2/io/micrometer/context-propagation/1.1.2/context-propagation-1.1.2-sources.jar
2025-04-02 11:44:04,624 [Worker-40: Download sources and javadoc] INFO  o.e.m.j.internal.DownloadSourcesJob - Downloaded sources for io.micrometer:context-propagation:1.1.2
2025-04-02 11:44:04,725 [Worker-40: Download sources and javadoc] INFO  o.e.m.c.i.e.AbstractTransferListenerAdapter - Downloading https://repo.maven.apache.org/maven2/aopalliance/aopalliance/1.0/aopalliance-1.0-sources.jar
2025-04-02 11:44:04,735 [Worker-40: Download sources and javadoc] INFO  o.e.m.c.i.e.AbstractTransferListenerAdapter - Downloaded https://repo.maven.apache.org/maven2/aopalliance/aopalliance/1.0/aopalliance-1.0-sources.jar
2025-04-02 11:44:04,742 [Worker-40: Download sources and javadoc] INFO  o.e.m.j.internal.DownloadSourcesJob - Downloaded sources for aopalliance:aopalliance:1.0
2025-04-02 11:44:04,865 [Worker-40: Download sources and javadoc] INFO  o.e.m.c.i.e.AbstractTransferListenerAdapter - Downloading https://repo.maven.apache.org/maven2/io/zipkin/brave/brave/6.0.3/brave-6.0.3-sources.jar
2025-04-02 11:44:04,922 [Worker-40: Download sources and javadoc] INFO  o.e.m.c.i.e.AbstractTransferListenerAdapter - Downloaded https://repo.maven.apache.org/maven2/io/zipkin/brave/brave/6.0.3/brave-6.0.3-sources.jar
2025-04-02 11:44:04,929 [Worker-40: Download sources and javadoc] INFO  o.e.m.j.internal.DownloadSourcesJob - Downloaded sources for io.zipkin.brave:brave:6.0.3
2025-04-02 11:44:04,963 [Worker-38: Import Getting Started Content] INFO  o.e.m.c.i.p.ProjectConfigurationManager - Imported and configured 1 project(s) in 8 sec
2025-04-02 11:44:04,975 [Worker-38: Import Getting Started Content] INFO  o.e.m.c.i.p.ProjectConfigurationManager - Update started
2025-04-02 11:44:05,025 [Worker-40: Download sources and javadoc] INFO  o.e.m.c.i.e.AbstractTransferListenerAdapter - Downloading https://repo.maven.apache.org/maven2/io/zipkin/brave/brave-context-slf4j/6.0.3/brave-context-slf4j-6.0.3-sources.jar
2025-04-02 11:44:05,033 [Worker-40: Download sources and javadoc] INFO  o.e.m.c.i.e.AbstractTransferListenerAdapter - Downloaded https://repo.maven.apache.org/maven2/io/zipkin/brave/brave-context-slf4j/6.0.3/brave-context-slf4j-6.0.3-sources.jar
2025-04-02 11:44:05,042 [Worker-40: Download sources and javadoc] INFO  o.e.m.j.internal.DownloadSourcesJob - Downloaded sources for io.zipkin.brave:brave-context-slf4j:6.0.3
2025-04-02 11:44:06,372 [Worker-40: Download sources and javadoc] INFO  o.e.m.c.i.e.AbstractTransferListenerAdapter - Downloading https://repo.maven.apache.org/maven2/io/zipkin/brave/brave-instrumentation-http/6.0.3/brave-instrumentation-http-6.0.3-sources.jar
2025-04-02 11:44:06,385 [Worker-40: Download sources and javadoc] INFO  o.e.m.c.i.e.AbstractTransferListenerAdapter - Downloaded https://repo.maven.apache.org/maven2/io/zipkin/brave/brave-instrumentation-http/6.0.3/brave-instrumentation-http-6.0.3-sources.jar
2025-04-02 11:44:06,392 [Worker-40: Download sources and javadoc] INFO  o.e.m.j.internal.DownloadSourcesJob - Downloaded sources for io.zipkin.brave:brave-instrumentation-http:6.0.3
2025-04-02 11:44:06,417 [Worker-38: Import Getting Started Content] INFO  o.e.m.c.i.l.LifecycleMappingFactory - Using org.eclipse.m2e.jdt.JarLifecycleMapping lifecycle mapping for MavenProject: com.example:SpringMicroserviceForZipkin1:0.0.1-SNAPSHOT @ C:\Users\prasa\eclipse-workspace\Micoservice-eclipse-workspace\SpringCloudApiGateway-1\pom.xml.
2025-04-02 11:44:06,490 [Worker-40: Download sources and javadoc] INFO  o.e.m.c.i.e.AbstractTransferListenerAdapter - Downloading https://repo.maven.apache.org/maven2/io/zipkin/aws/brave-propagation-aws/1.2.5/brave-propagation-aws-1.2.5-sources.jar
2025-04-02 11:44:06,499 [Worker-40: Download sources and javadoc] INFO  o.e.m.c.i.e.AbstractTransferListenerAdapter - Downloaded https://repo.maven.apache.org/maven2/io/zipkin/aws/brave-propagation-aws/1.2.5/brave-propagation-aws-1.2.5-sources.jar
2025-04-02 11:44:06,506 [Worker-40: Download sources and javadoc] INFO  o.e.m.j.internal.DownloadSourcesJob - Downloaded sources for io.zipkin.aws:brave-propagation-aws:1.2.5
2025-04-02 11:44:06,598 [Worker-40: Download sources and javadoc] INFO  o.e.m.c.i.e.AbstractTransferListenerAdapter - Downloading https://repo.maven.apache.org/maven2/io/zipkin/contrib/brave-propagation-w3c/brave-propagation-tracecontext/0.2.0/brave-propagation-tracecontext-0.2.0-sources.jar
2025-04-02 11:44:06,606 [Worker-40: Download sources and javadoc] INFO  o.e.m.c.i.e.AbstractTransferListenerAdapter - Downloaded https://repo.maven.apache.org/maven2/io/zipkin/contrib/brave-propagation-w3c/brave-propagation-tracecontext/0.2.0/brave-propagation-tracecontext-0.2.0-sources.jar
2025-04-02 11:44:06,613 [Worker-40: Download sources and javadoc] INFO  o.e.m.j.internal.DownloadSourcesJob - Downloaded sources for io.zipkin.contrib.brave-propagation-w3c:brave-propagation-tracecontext:0.2.0
2025-04-02 11:44:06,709 [Worker-40: Download sources and javadoc] INFO  o.e.m.c.i.e.AbstractTransferListenerAdapter - Downloading https://repo.maven.apache.org/maven2/io/zipkin/reporter2/zipkin-reporter-brave/3.4.3/zipkin-reporter-brave-3.4.3-sources.jar
2025-04-02 11:44:06,734 [Worker-40: Download sources and javadoc] INFO  o.e.m.c.i.e.AbstractTransferListenerAdapter - Downloaded https://repo.maven.apache.org/maven2/io/zipkin/reporter2/zipkin-reporter-brave/3.4.3/zipkin-reporter-brave-3.4.3-sources.jar
2025-04-02 11:44:06,740 [Worker-40: Download sources and javadoc] INFO  o.e.m.j.internal.DownloadSourcesJob - Downloaded sources for io.zipkin.reporter2:zipkin-reporter-brave:3.4.3
2025-04-02 11:44:06,827 [Worker-40: Download sources and javadoc] INFO  o.e.m.c.i.e.AbstractTransferListenerAdapter - Downloading https://repo.maven.apache.org/maven2/io/zipkin/reporter2/zipkin-reporter/3.4.3/zipkin-reporter-3.4.3-sources.jar
2025-04-02 11:44:06,854 [Worker-40: Download sources and javadoc] INFO  o.e.m.c.i.e.AbstractTransferListenerAdapter - Downloaded https://repo.maven.apache.org/maven2/io/zipkin/reporter2/zipkin-reporter/3.4.3/zipkin-reporter-3.4.3-sources.jar
2025-04-02 11:44:06,858 [Worker-40: Download sources and javadoc] INFO  o.e.m.j.internal.DownloadSourcesJob - Downloaded sources for io.zipkin.reporter2:zipkin-reporter:3.4.3
2025-04-02 11:44:07,294 [Worker-38: Import Getting Started Content] INFO  o.e.m.j.i.AbstractJavaProjectConfigurator - Adding source folder /SpringCloudApiGateway-1/src/main/java
2025-04-02 11:44:07,295 [Worker-38: Import Getting Started Content] INFO  o.e.m.j.i.AbstractJavaProjectConfigurator - Adding resource folder /SpringCloudApiGateway-1/src/main/resources
2025-04-02 11:44:07,298 [Worker-38: Import Getting Started Content] INFO  o.e.m.j.i.AbstractJavaProjectConfigurator - Adding resource folder /SpringCloudApiGateway-1/src/main/resources
2025-04-02 11:44:07,299 [Worker-38: Import Getting Started Content] INFO  o.e.m.j.i.AbstractJavaProjectConfigurator - Adding source folder /SpringCloudApiGateway-1/src/test/java
2025-04-02 11:44:07,300 [Worker-38: Import Getting Started Content] INFO  o.e.m.j.i.AbstractJavaProjectConfigurator - Adding resource folder /SpringCloudApiGateway-1/src/test/resources
2025-04-02 11:44:07,913 [Worker-38: Import Getting Started Content] INFO  o.e.m.c.i.p.ProjectConfigurationManager - Update completed for 1 poms: local refresh takes 0.00 sec, refresh facades takes 2.00 sec, update config takes 0.00 sec 
2025-04-02 11:44:09,230 [Worker-31: Building] INFO  o.a.m.s.f.DefaultMavenResourcesFiltering - Copying 1 resource from src\main\resources to target\classes
2025-04-02 11:44:09,256 [Worker-31: Building] INFO  o.a.m.s.f.DefaultMavenResourcesFiltering - Copying 0 resource from src\main\resources to target\classes
2025-04-02 11:44:09,264 [Worker-31: Building] INFO  o.a.m.s.f.DefaultMavenResourcesFiltering - skip non existing resourceDirectory C:\Users\prasa\eclipse-workspace\Micoservice-eclipse-workspace\SpringCloudApiGateway-1\src\test\resources
2025-04-02 11:47:19,380 [Worker-45: Import Getting Started Content] INFO  o.e.m.c.i.l.LifecycleMappingFactory - Using org.eclipse.m2e.jdt.JarLifecycleMapping lifecycle mapping for MavenProject: com.example:SpringMicroserviceForZipkin1:0.0.1-SNAPSHOT @ C:\Users\prasa\eclipse-workspace\Micoservice-eclipse-workspace\SpringMicroserviceForZipkin1\pom.xml.
2025-04-02 11:47:20,477 [Worker-45: Import Getting Started Content] INFO  o.e.m.j.i.AbstractJavaProjectConfigurator - Adding source folder /SpringMicroserviceForZipkin1/src/main/java
2025-04-02 11:47:20,480 [Worker-45: Import Getting Started Content] INFO  o.e.m.j.i.AbstractJavaProjectConfigurator - Adding resource folder /SpringMicroserviceForZipkin1/src/main/resources
2025-04-02 11:47:20,485 [Worker-45: Import Getting Started Content] INFO  o.e.m.j.i.AbstractJavaProjectConfigurator - Adding resource folder /SpringMicroserviceForZipkin1/src/main/resources
2025-04-02 11:47:20,491 [Worker-45: Import Getting Started Content] INFO  o.e.m.j.i.AbstractJavaProjectConfigurator - Adding source folder /SpringMicroserviceForZipkin1/src/test/java
2025-04-02 11:47:20,492 [Worker-45: Import Getting Started Content] INFO  o.e.m.j.i.AbstractJavaProjectConfigurator - Adding resource folder /SpringMicroserviceForZipkin1/src/test/resources
2025-04-02 11:47:21,087 [Worker-45: Import Getting Started Content] INFO  o.e.m.c.i.p.ProjectConfigurationManager - Imported and configured 1 project(s) in 2 sec
2025-04-02 11:47:21,094 [Worker-45: Import Getting Started Content] INFO  o.e.m.c.i.p.ProjectConfigurationManager - Update started
2025-04-02 11:47:21,598 [Worker-45: Import Getting Started Content] INFO  o.e.m.c.i.l.LifecycleMappingFactory - Using org.eclipse.m2e.jdt.JarLifecycleMapping lifecycle mapping for MavenProject: com.example:SpringMicroserviceForZipkin1:0.0.1-SNAPSHOT @ C:\Users\prasa\eclipse-workspace\Micoservice-eclipse-workspace\SpringMicroserviceForZipkin1\pom.xml.
2025-04-02 11:47:22,464 [Worker-45: Import Getting Started Content] INFO  o.e.m.j.i.AbstractJavaProjectConfigurator - Adding source folder /SpringMicroserviceForZipkin1/src/main/java
2025-04-02 11:47:22,465 [Worker-45: Import Getting Started Content] INFO  o.e.m.j.i.AbstractJavaProjectConfigurator - Adding resource folder /SpringMicroserviceForZipkin1/src/main/resources
2025-04-02 11:47:22,466 [Worker-45: Import Getting Started Content] INFO  o.e.m.j.i.AbstractJavaProjectConfigurator - Adding resource folder /SpringMicroserviceForZipkin1/src/main/resources
2025-04-02 11:47:22,467 [Worker-45: Import Getting Started Content] INFO  o.e.m.j.i.AbstractJavaProjectConfigurator - Adding source folder /SpringMicroserviceForZipkin1/src/test/java
2025-04-02 11:47:22,467 [Worker-45: Import Getting Started Content] INFO  o.e.m.j.i.AbstractJavaProjectConfigurator - Adding resource folder /SpringMicroserviceForZipkin1/src/test/resources
2025-04-02 11:47:23,076 [Worker-45: Import Getting Started Content] INFO  o.e.m.c.i.p.ProjectConfigurationManager - Update completed for 1 poms: local refresh takes 0.00 sec, refresh facades takes 1.00 sec, update config takes 0.00 sec 
2025-04-02 11:47:23,488 [Worker-17: Building] INFO  o.a.m.s.f.DefaultMavenResourcesFiltering - Copying 1 resource from src\main\resources to target\classes
2025-04-02 11:47:23,516 [Worker-17: Building] INFO  o.a.m.s.f.DefaultMavenResourcesFiltering - Copying 0 resource from src\main\resources to target\classes
2025-04-02 11:47:23,522 [Worker-17: Building] INFO  o.a.m.s.f.DefaultMavenResourcesFiltering - skip non existing resourceDirectory C:\Users\prasa\eclipse-workspace\Micoservice-eclipse-workspace\SpringMicroserviceForZipkin1\src\test\resources
2025-04-02 11:47:59,719 [Worker-45: Building] INFO  o.a.m.s.f.DefaultMavenResourcesFiltering - Copying 1 resource from src\main\resources to target\classes
2025-04-02 11:47:59,733 [Worker-45: Building] INFO  o.a.m.s.f.DefaultMavenResourcesFiltering - Copying 0 resource from src\main\resources to target\classes
2025-04-02 11:47:59,741 [Worker-45: Building] INFO  o.a.m.s.f.DefaultMavenResourcesFiltering - skip non existing resourceDirectory C:\Users\prasa\eclipse-workspace\Micoservice-eclipse-workspace\SpringMicroserviceForZipkin1\src\test\resources
2025-04-02 11:48:17,635 [Worker-31: Building] INFO  o.a.m.s.f.DefaultMavenResourcesFiltering - Copying 1 resource from src\main\resources to target\classes
2025-04-02 11:48:17,645 [Worker-31: Building] INFO  o.a.m.s.f.DefaultMavenResourcesFiltering - Copying 0 resource from src\main\resources to target\classes
2025-04-02 11:48:17,655 [Worker-31: Building] INFO  o.a.m.s.f.DefaultMavenResourcesFiltering - skip non existing resourceDirectory C:\Users\prasa\eclipse-workspace\Micoservice-eclipse-workspace\SpringMicroserviceForZipkin1\src\test\resources
2025-04-02 11:48:27,030 [Worker-31: Building] INFO  o.a.m.s.f.DefaultMavenResourcesFiltering - Copying 1 resource from src\main\resources to target\classes
2025-04-02 11:48:27,043 [Worker-31: Building] INFO  o.a.m.s.f.DefaultMavenResourcesFiltering - Copying 0 resource from src\main\resources to target\classes
2025-04-02 11:48:27,050 [Worker-31: Building] INFO  o.a.m.s.f.DefaultMavenResourcesFiltering - skip non existing resourceDirectory C:\Users\prasa\eclipse-workspace\Micoservice-eclipse-workspace\SpringMicroserviceForZipkin1\src\test\resources
2025-04-02 11:49:17,016 [Worker-47: Building] INFO  o.a.m.s.f.DefaultMavenResourcesFiltering - Copying 1 resource from src\main\resources to target\classes
2025-04-02 11:49:17,031 [Worker-47: Building] INFO  o.a.m.s.f.DefaultMavenResourcesFiltering - Copying 0 resource from src\main\resources to target\classes
2025-04-02 11:49:17,045 [Worker-47: Building] INFO  o.a.m.s.f.DefaultMavenResourcesFiltering - skip non existing resourceDirectory C:\Users\prasa\eclipse-workspace\Micoservice-eclipse-workspace\SpringMicroserviceForZipkin1\src\test\resources
2025-04-02 11:50:26,076 [Worker-45: Building] INFO  o.a.m.s.f.DefaultMavenResourcesFiltering - Copying 1 resource from src\main\resources to target\classes
2025-04-02 11:50:26,089 [Worker-45: Building] INFO  o.a.m.s.f.DefaultMavenResourcesFiltering - Copying 0 resource from src\main\resources to target\classes
2025-04-02 11:50:26,097 [Worker-45: Building] INFO  o.a.m.s.f.DefaultMavenResourcesFiltering - skip non existing resourceDirectory C:\Users\prasa\eclipse-workspace\Micoservice-eclipse-workspace\SpringMicroserviceForZipkin1\src\test\resources
2025-04-02 11:52:37,009 [Worker-49: Building] INFO  o.a.m.s.f.DefaultMavenResourcesFiltering - Copying 1 resource from src\main\resources to target\classes
2025-04-02 11:52:37,022 [Worker-49: Building] INFO  o.a.m.s.f.DefaultMavenResourcesFiltering - Copying 0 resource from src\main\resources to target\classes
2025-04-02 11:52:37,029 [Worker-49: Building] INFO  o.a.m.s.f.DefaultMavenResourcesFiltering - skip non existing resourceDirectory C:\Users\prasa\eclipse-workspace\Micoservice-eclipse-workspace\SpringMicroserviceForZipkin1\src\test\resources
2025-04-02 11:53:35,732 [Worker-46: Building] INFO  o.a.m.s.f.DefaultMavenResourcesFiltering - Copying 1 resource from src\main\resources to target\classes
2025-04-02 11:53:35,748 [Worker-46: Building] INFO  o.a.m.s.f.DefaultMavenResourcesFiltering - Copying 0 resource from src\main\resources to target\classes
2025-04-02 11:53:35,754 [Worker-46: Building] INFO  o.a.m.s.f.DefaultMavenResourcesFiltering - skip non existing resourceDirectory C:\Users\prasa\eclipse-workspace\Micoservice-eclipse-workspace\SpringMicroserviceForZipkin1\src\test\resources
2025-04-02 11:54:01,570 [Worker-31: Import Getting Started Content] INFO  o.e.m.c.i.l.LifecycleMappingFactory - Using org.eclipse.m2e.jdt.JarLifecycleMapping lifecycle mapping for MavenProject: com.example:SpringMicroserviceForZipkin2:0.0.1-SNAPSHOT @ C:\Users\prasa\eclipse-workspace\Micoservice-eclipse-workspace\SpringMicroserviceForZipkin2\pom.xml.
2025-04-02 11:54:02,901 [Worker-31: Import Getting Started Content] INFO  o.e.m.j.i.AbstractJavaProjectConfigurator - Adding source folder /SpringMicroserviceForZipkin2/src/main/java
2025-04-02 11:54:02,902 [Worker-31: Import Getting Started Content] INFO  o.e.m.j.i.AbstractJavaProjectConfigurator - Adding resource folder /SpringMicroserviceForZipkin2/src/main/resources
2025-04-02 11:54:02,907 [Worker-31: Import Getting Started Content] INFO  o.e.m.j.i.AbstractJavaProjectConfigurator - Adding resource folder /SpringMicroserviceForZipkin2/src/main/resources
2025-04-02 11:54:02,912 [Worker-31: Import Getting Started Content] INFO  o.e.m.j.i.AbstractJavaProjectConfigurator - Adding source folder /SpringMicroserviceForZipkin2/src/test/java
2025-04-02 11:54:02,913 [Worker-31: Import Getting Started Content] INFO  o.e.m.j.i.AbstractJavaProjectConfigurator - Adding resource folder /SpringMicroserviceForZipkin2/src/test/resources
2025-04-02 11:54:03,524 [Worker-31: Import Getting Started Content] INFO  o.e.m.c.i.p.ProjectConfigurationManager - Imported and configured 1 project(s) in 3 sec
2025-04-02 11:54:03,531 [Worker-31: Import Getting Started Content] INFO  o.e.m.c.i.p.ProjectConfigurationManager - Update started
2025-04-02 11:54:04,191 [Worker-31: Import Getting Started Content] INFO  o.e.m.c.i.l.LifecycleMappingFactory - Using org.eclipse.m2e.jdt.JarLifecycleMapping lifecycle mapping for MavenProject: com.example:SpringMicroserviceForZipkin2:0.0.1-SNAPSHOT @ C:\Users\prasa\eclipse-workspace\Micoservice-eclipse-workspace\SpringMicroserviceForZipkin2\pom.xml.
2025-04-02 11:54:05,057 [Worker-31: Import Getting Started Content] INFO  o.e.m.j.i.AbstractJavaProjectConfigurator - Adding source folder /SpringMicroserviceForZipkin2/src/main/java
2025-04-02 11:54:05,059 [Worker-31: Import Getting Started Content] INFO  o.e.m.j.i.AbstractJavaProjectConfigurator - Adding resource folder /SpringMicroserviceForZipkin2/src/main/resources
2025-04-02 11:54:05,060 [Worker-31: Import Getting Started Content] INFO  o.e.m.j.i.AbstractJavaProjectConfigurator - Adding resource folder /SpringMicroserviceForZipkin2/src/main/resources
2025-04-02 11:54:05,061 [Worker-31: Import Getting Started Content] INFO  o.e.m.j.i.AbstractJavaProjectConfigurator - Adding source folder /SpringMicroserviceForZipkin2/src/test/java
2025-04-02 11:54:05,063 [Worker-31: Import Getting Started Content] INFO  o.e.m.j.i.AbstractJavaProjectConfigurator - Adding resource folder /SpringMicroserviceForZipkin2/src/test/resources
2025-04-02 11:54:05,666 [Worker-31: Import Getting Started Content] INFO  o.e.m.c.i.p.ProjectConfigurationManager - Update completed for 1 poms: local refresh takes 0.00 sec, refresh facades takes 1.00 sec, update config takes 0.00 sec 
2025-04-02 11:54:06,169 [Worker-45: Building] INFO  o.a.m.s.f.DefaultMavenResourcesFiltering - Copying 1 resource from src\main\resources to target\classes
2025-04-02 11:54:06,221 [Worker-45: Building] INFO  o.a.m.s.f.DefaultMavenResourcesFiltering - Copying 0 resource from src\main\resources to target\classes
2025-04-02 11:54:06,229 [Worker-45: Building] INFO  o.a.m.s.f.DefaultMavenResourcesFiltering - skip non existing resourceDirectory C:\Users\prasa\eclipse-workspace\Micoservice-eclipse-workspace\SpringMicroserviceForZipkin2\src\test\resources
2025-04-02 11:55:42,070 [Worker-46: Building] INFO  o.a.m.s.f.DefaultMavenResourcesFiltering - Copying 1 resource from src\main\resources to target\classes
2025-04-02 11:55:42,084 [Worker-46: Building] INFO  o.a.m.s.f.DefaultMavenResourcesFiltering - Copying 0 resource from src\main\resources to target\classes
2025-04-02 11:55:42,092 [Worker-46: Building] INFO  o.a.m.s.f.DefaultMavenResourcesFiltering - skip non existing resourceDirectory C:\Users\prasa\eclipse-workspace\Micoservice-eclipse-workspace\SpringMicroserviceForZipkin1\src\test\resources
2025-04-02 11:55:59,463 [Worker-45: Building] INFO  o.a.m.s.f.DefaultMavenResourcesFiltering - Copying 1 resource from src\main\resources to target\classes
2025-04-02 11:55:59,476 [Worker-45: Building] INFO  o.a.m.s.f.DefaultMavenResourcesFiltering - Copying 0 resource from src\main\resources to target\classes
2025-04-02 11:55:59,484 [Worker-45: Building] INFO  o.a.m.s.f.DefaultMavenResourcesFiltering - skip non existing resourceDirectory C:\Users\prasa\eclipse-workspace\Micoservice-eclipse-workspace\SpringMicroserviceForZipkin2\src\test\resources
2025-04-02 11:56:19,763 [Worker-49: Building] INFO  o.a.m.s.f.DefaultMavenResourcesFiltering - Copying 1 resource from src\main\resources to target\classes
2025-04-02 11:56:19,776 [Worker-49: Building] INFO  o.a.m.s.f.DefaultMavenResourcesFiltering - Copying 0 resource from src\main\resources to target\classes
2025-04-02 11:56:19,782 [Worker-49: Building] INFO  o.a.m.s.f.DefaultMavenResourcesFiltering - skip non existing resourceDirectory C:\Users\prasa\eclipse-workspace\Micoservice-eclipse-workspace\SpringMicroserviceForZipkin2\src\test\resources
2025-04-02 11:56:46,282 [Worker-17: Building] INFO  o.a.m.s.f.DefaultMavenResourcesFiltering - Copying 1 resource from src\main\resources to target\classes
2025-04-02 11:56:46,292 [Worker-17: Building] INFO  o.a.m.s.f.DefaultMavenResourcesFiltering - Copying 0 resource from src\main\resources to target\classes
2025-04-02 11:56:46,298 [Worker-17: Building] INFO  o.a.m.s.f.DefaultMavenResourcesFiltering - skip non existing resourceDirectory C:\Users\prasa\eclipse-workspace\Micoservice-eclipse-workspace\SpringMicroserviceForZipkin2\src\test\resources
2025-04-02 11:57:37,379 [Worker-46: Building] INFO  o.a.m.s.f.DefaultMavenResourcesFiltering - Copying 1 resource from src\main\resources to target\classes
2025-04-02 11:57:37,391 [Worker-46: Building] INFO  o.a.m.s.f.DefaultMavenResourcesFiltering - Copying 0 resource from src\main\resources to target\classes
2025-04-02 11:57:37,398 [Worker-46: Building] INFO  o.a.m.s.f.DefaultMavenResourcesFiltering - skip non existing resourceDirectory C:\Users\prasa\eclipse-workspace\Micoservice-eclipse-workspace\SpringMicroserviceForZipkin2\src\test\resources
2025-04-02 11:59:31,600 [Worker-49: Building] INFO  o.a.m.s.f.DefaultMavenResourcesFiltering - Copying 1 resource from src\main\resources to target\classes
2025-04-02 11:59:31,615 [Worker-49: Building] INFO  o.a.m.s.f.DefaultMavenResourcesFiltering - Copying 0 resource from src\main\resources to target\classes
2025-04-02 11:59:31,622 [Worker-49: Building] INFO  o.a.m.s.f.DefaultMavenResourcesFiltering - skip non existing resourceDirectory C:\Users\prasa\eclipse-workspace\Micoservice-eclipse-workspace\SpringMicroserviceForZipkin1\src\test\resources
2025-04-02 12:00:14,191 [Worker-51: Building] INFO  o.a.m.s.f.DefaultMavenResourcesFiltering - Copying 1 resource from src\main\resources to target\classes
2025-04-02 12:00:14,202 [Worker-51: Building] INFO  o.a.m.s.f.DefaultMavenResourcesFiltering - Copying 0 resource from src\main\resources to target\classes
2025-04-02 12:00:14,209 [Worker-51: Building] INFO  o.a.m.s.f.DefaultMavenResourcesFiltering - skip non existing resourceDirectory C:\Users\prasa\eclipse-workspace\Micoservice-eclipse-workspace\SpringMicroserviceForZipkin1\src\test\resources
2025-04-02 12:00:15,794 [Worker-51: Building] INFO  o.a.m.s.f.DefaultMavenResourcesFiltering - Copying 1 resource from src\main\resources to target\classes
2025-04-02 12:00:15,805 [Worker-51: Building] INFO  o.a.m.s.f.DefaultMavenResourcesFiltering - Copying 0 resource from src\main\resources to target\classes
2025-04-02 12:00:15,811 [Worker-51: Building] INFO  o.a.m.s.f.DefaultMavenResourcesFiltering - skip non existing resourceDirectory C:\Users\prasa\eclipse-workspace\Micoservice-eclipse-workspace\SpringMicroserviceForZipkin1\src\test\resources
2025-04-02 12:00:24,139 [Worker-46: Building] INFO  o.a.m.s.f.DefaultMavenResourcesFiltering - Copying 1 resource from src\main\resources to target\classes
2025-04-02 12:00:24,150 [Worker-46: Building] INFO  o.a.m.s.f.DefaultMavenResourcesFiltering - Copying 0 resource from src\main\resources to target\classes
2025-04-02 12:00:24,155 [Worker-46: Building] INFO  o.a.m.s.f.DefaultMavenResourcesFiltering - skip non existing resourceDirectory C:\Users\prasa\eclipse-workspace\Micoservice-eclipse-workspace\SpringMicroserviceForZipkin2\src\test\resources
2025-04-02 12:00:52,028 [Worker-49: Building] INFO  o.a.m.s.f.DefaultMavenResourcesFiltering - Copying 1 resource from src\main\resources to target\classes
2025-04-02 12:00:52,039 [Worker-49: Building] INFO  o.a.m.s.f.DefaultMavenResourcesFiltering - Copying 0 resource from src\main\resources to target\classes
2025-04-02 12:00:52,046 [Worker-49: Building] INFO  o.a.m.s.f.DefaultMavenResourcesFiltering - skip non existing resourceDirectory C:\Users\prasa\eclipse-workspace\Micoservice-eclipse-workspace\SpringMicroserviceForZipkin2\src\test\resources
2025-04-02 12:01:15,960 [Worker-17: Import Getting Started Content] INFO  o.e.m.c.i.l.LifecycleMappingFactory - Using org.eclipse.m2e.jdt.JarLifecycleMapping lifecycle mapping for MavenProject: com.example:SpringMicroserviceForZipkin3:0.0.1-SNAPSHOT @ C:\Users\prasa\eclipse-workspace\Micoservice-eclipse-workspace\SpringMicroserviceForZipkin3\pom.xml.
2025-04-02 12:01:17,192 [Worker-17: Import Getting Started Content] INFO  o.e.m.j.i.AbstractJavaProjectConfigurator - Adding source folder /SpringMicroserviceForZipkin3/src/main/java
2025-04-02 12:01:17,194 [Worker-17: Import Getting Started Content] INFO  o.e.m.j.i.AbstractJavaProjectConfigurator - Adding resource folder /SpringMicroserviceForZipkin3/src/main/resources
2025-04-02 12:01:17,200 [Worker-17: Import Getting Started Content] INFO  o.e.m.j.i.AbstractJavaProjectConfigurator - Adding resource folder /SpringMicroserviceForZipkin3/src/main/resources
2025-04-02 12:01:17,206 [Worker-17: Import Getting Started Content] INFO  o.e.m.j.i.AbstractJavaProjectConfigurator - Adding source folder /SpringMicroserviceForZipkin3/src/test/java
2025-04-02 12:01:17,207 [Worker-17: Import Getting Started Content] INFO  o.e.m.j.i.AbstractJavaProjectConfigurator - Adding resource folder /SpringMicroserviceForZipkin3/src/test/resources
2025-04-02 12:01:17,784 [Worker-17: Import Getting Started Content] INFO  o.e.m.c.i.p.ProjectConfigurationManager - Imported and configured 1 project(s) in 2 sec
2025-04-02 12:01:17,793 [Worker-17: Import Getting Started Content] INFO  o.e.m.c.i.p.ProjectConfigurationManager - Update started
2025-04-02 12:01:18,264 [Worker-17: Import Getting Started Content] INFO  o.e.m.c.i.l.LifecycleMappingFactory - Using org.eclipse.m2e.jdt.JarLifecycleMapping lifecycle mapping for MavenProject: com.example:SpringMicroserviceForZipkin3:0.0.1-SNAPSHOT @ C:\Users\prasa\eclipse-workspace\Micoservice-eclipse-workspace\SpringMicroserviceForZipkin3\pom.xml.
2025-04-02 12:01:19,247 [Worker-17: Import Getting Started Content] INFO  o.e.m.j.i.AbstractJavaProjectConfigurator - Adding source folder /SpringMicroserviceForZipkin3/src/main/java
2025-04-02 12:01:19,249 [Worker-17: Import Getting Started Content] INFO  o.e.m.j.i.AbstractJavaProjectConfigurator - Adding resource folder /SpringMicroserviceForZipkin3/src/main/resources
2025-04-02 12:01:19,250 [Worker-17: Import Getting Started Content] INFO  o.e.m.j.i.AbstractJavaProjectConfigurator - Adding resource folder /SpringMicroserviceForZipkin3/src/main/resources
2025-04-02 12:01:19,251 [Worker-17: Import Getting Started Content] INFO  o.e.m.j.i.AbstractJavaProjectConfigurator - Adding source folder /SpringMicroserviceForZipkin3/src/test/java
2025-04-02 12:01:19,252 [Worker-17: Import Getting Started Content] INFO  o.e.m.j.i.AbstractJavaProjectConfigurator - Adding resource folder /SpringMicroserviceForZipkin3/src/test/resources
2025-04-02 12:01:19,795 [Worker-17: Import Getting Started Content] INFO  o.e.m.c.i.p.ProjectConfigurationManager - Update completed for 1 poms: local refresh takes 0.00 sec, refresh facades takes 1.00 sec, update config takes 0.00 sec 
2025-04-02 12:01:20,316 [Worker-50: Building] INFO  o.a.m.s.f.DefaultMavenResourcesFiltering - Copying 1 resource from src\main\resources to target\classes
2025-04-02 12:01:20,350 [Worker-50: Building] INFO  o.a.m.s.f.DefaultMavenResourcesFiltering - Copying 0 resource from src\main\resources to target\classes
2025-04-02 12:01:20,359 [Worker-50: Building] INFO  o.a.m.s.f.DefaultMavenResourcesFiltering - skip non existing resourceDirectory C:\Users\prasa\eclipse-workspace\Micoservice-eclipse-workspace\SpringMicroserviceForZipkin3\src\test\resources
2025-04-02 12:02:14,644 [Worker-17: Building] INFO  o.a.m.s.f.DefaultMavenResourcesFiltering - Copying 1 resource from src\main\resources to target\classes
2025-04-02 12:02:14,654 [Worker-17: Building] INFO  o.a.m.s.f.DefaultMavenResourcesFiltering - Copying 0 resource from src\main\resources to target\classes
2025-04-02 12:02:14,660 [Worker-17: Building] INFO  o.a.m.s.f.DefaultMavenResourcesFiltering - skip non existing resourceDirectory C:\Users\prasa\eclipse-workspace\Micoservice-eclipse-workspace\SpringMicroserviceForZipkin3\src\test\resources
2025-04-02 12:02:42,320 [Worker-31: Building] INFO  o.a.m.s.f.DefaultMavenResourcesFiltering - Copying 1 resource from src\main\resources to target\classes
2025-04-02 12:02:42,334 [Worker-31: Building] INFO  o.a.m.s.f.DefaultMavenResourcesFiltering - Copying 0 resource from src\main\resources to target\classes
2025-04-02 12:02:42,340 [Worker-31: Building] INFO  o.a.m.s.f.DefaultMavenResourcesFiltering - skip non existing resourceDirectory C:\Users\prasa\eclipse-workspace\Micoservice-eclipse-workspace\SpringMicroserviceForZipkin3\src\test\resources
2025-04-02 12:03:30,746 [Worker-46: Building] INFO  o.a.m.s.f.DefaultMavenResourcesFiltering - Copying 1 resource from src\main\resources to target\classes
2025-04-02 12:03:30,757 [Worker-46: Building] INFO  o.a.m.s.f.DefaultMavenResourcesFiltering - Copying 0 resource from src\main\resources to target\classes
2025-04-02 12:03:30,764 [Worker-46: Building] INFO  o.a.m.s.f.DefaultMavenResourcesFiltering - skip non existing resourceDirectory C:\Users\prasa\eclipse-workspace\Micoservice-eclipse-workspace\SpringMicroserviceForZipkin3\src\test\resources
2025-04-02 12:03:50,887 [Worker-31: Building] INFO  o.a.m.s.f.DefaultMavenResourcesFiltering - Copying 1 resource from src\main\resources to target\classes
2025-04-02 12:03:50,897 [Worker-31: Building] INFO  o.a.m.s.f.DefaultMavenResourcesFiltering - Copying 0 resource from src\main\resources to target\classes
2025-04-02 12:03:50,902 [Worker-31: Building] INFO  o.a.m.s.f.DefaultMavenResourcesFiltering - skip non existing resourceDirectory C:\Users\prasa\eclipse-workspace\Micoservice-eclipse-workspace\SpringMicroserviceForZipkin3\src\test\resources
2025-04-02 12:04:04,570 [Worker-46: Building] INFO  o.a.m.s.f.DefaultMavenResourcesFiltering - Copying 1 resource from src\main\resources to target\classes
2025-04-02 12:04:04,581 [Worker-46: Building] INFO  o.a.m.s.f.DefaultMavenResourcesFiltering - Copying 0 resource from src\main\resources to target\classes
2025-04-02 12:04:04,586 [Worker-46: Building] INFO  o.a.m.s.f.DefaultMavenResourcesFiltering - skip non existing resourceDirectory C:\Users\prasa\eclipse-workspace\Micoservice-eclipse-workspace\SpringMicroserviceForZipkin3\src\test\resources
2025-04-02 12:04:36,156 [Worker-51: Building] INFO  o.a.m.s.f.DefaultMavenResourcesFiltering - Copying 1 resource from src\main\resources to target\classes
2025-04-02 12:04:36,170 [Worker-51: Building] INFO  o.a.m.s.f.DefaultMavenResourcesFiltering - Copying 0 resource from src\main\resources to target\classes
2025-04-02 12:04:36,176 [Worker-51: Building] INFO  o.a.m.s.f.DefaultMavenResourcesFiltering - skip non existing resourceDirectory C:\Users\prasa\eclipse-workspace\Micoservice-eclipse-workspace\SpringMicroserviceForZipkin3\src\test\resources
2025-04-02 12:05:15,506 [Worker-51: Building] INFO  o.a.m.s.f.DefaultMavenResourcesFiltering - Copying 1 resource from src\main\resources to target\classes
2025-04-02 12:05:15,515 [Worker-51: Building] INFO  o.a.m.s.f.DefaultMavenResourcesFiltering - Copying 0 resource from src\main\resources to target\classes
2025-04-02 12:05:15,520 [Worker-51: Building] INFO  o.a.m.s.f.DefaultMavenResourcesFiltering - skip non existing resourceDirectory C:\Users\prasa\eclipse-workspace\Micoservice-eclipse-workspace\SpringMicroserviceForZipkin3\src\test\resources
2025-04-02 12:07:06,634 [Worker-50: Building] INFO  o.a.m.s.f.DefaultMavenResourcesFiltering - Copying 1 resource from src\main\resources to target\classes
2025-04-02 12:07:06,645 [Worker-50: Building] INFO  o.a.m.s.f.DefaultMavenResourcesFiltering - Copying 0 resource from src\main\resources to target\classes
2025-04-02 12:07:06,651 [Worker-50: Building] INFO  o.a.m.s.f.DefaultMavenResourcesFiltering - skip non existing resourceDirectory C:\Users\prasa\eclipse-workspace\Micoservice-eclipse-workspace\SpringMicroserviceForZipkin2\src\test\resources
2025-04-02 12:07:22,113 [Worker-53: Building] INFO  o.a.m.s.f.DefaultMavenResourcesFiltering - Copying 1 resource from src\main\resources to target\classes
2025-04-02 12:07:22,129 [Worker-53: Building] INFO  o.a.m.s.f.DefaultMavenResourcesFiltering - Copying 0 resource from src\main\resources to target\classes
2025-04-02 12:07:22,135 [Worker-53: Building] INFO  o.a.m.s.f.DefaultMavenResourcesFiltering - skip non existing resourceDirectory C:\Users\prasa\eclipse-workspace\Micoservice-eclipse-workspace\SpringMicroserviceForZipkin3\src\test\resources
2025-04-02 12:10:10,463 [Worker-31: Building] INFO  o.a.m.s.f.DefaultMavenResourcesFiltering - Copying 1 resource from src\main\resources to target\classes
2025-04-02 12:10:10,473 [Worker-31: Building] INFO  o.a.m.s.f.DefaultMavenResourcesFiltering - Copying 0 resource from src\main\resources to target\classes
2025-04-02 12:10:10,479 [Worker-31: Building] INFO  o.a.m.s.f.DefaultMavenResourcesFiltering - skip non existing resourceDirectory C:\Users\prasa\eclipse-workspace\Micoservice-eclipse-workspace\SpringMicroserviceForZipkin3\src\test\resources
2025-04-02 12:10:23,713 [Worker-51: Building] INFO  o.a.m.s.f.DefaultMavenResourcesFiltering - Copying 1 resource from src\main\resources to target\classes
2025-04-02 12:10:23,726 [Worker-51: Building] INFO  o.a.m.s.f.DefaultMavenResourcesFiltering - Copying 0 resource from src\main\resources to target\classes
2025-04-02 12:10:23,733 [Worker-51: Building] INFO  o.a.m.s.f.DefaultMavenResourcesFiltering - skip non existing resourceDirectory C:\Users\prasa\eclipse-workspace\Micoservice-eclipse-workspace\SpringMicroserviceForZipkin1\src\test\resources
2025-04-02 12:10:43,609 [Worker-52: Building] INFO  o.a.m.s.f.DefaultMavenResourcesFiltering - Copying 1 resource from src\main\resources to target\classes
2025-04-02 12:10:43,622 [Worker-52: Building] INFO  o.a.m.s.f.DefaultMavenResourcesFiltering - Copying 0 resource from src\main\resources to target\classes
2025-04-02 12:10:43,630 [Worker-52: Building] INFO  o.a.m.s.f.DefaultMavenResourcesFiltering - skip non existing resourceDirectory C:\Users\prasa\eclipse-workspace\Micoservice-eclipse-workspace\SpringMicroserviceForZipkin2\src\test\resources
2025-04-02 12:13:48,719 [Worker-56: Building] INFO  o.a.m.s.f.DefaultMavenResourcesFiltering - Copying 1 resource from src\main\resources to target\classes
2025-04-02 12:13:48,730 [Worker-56: Building] INFO  o.a.m.s.f.DefaultMavenResourcesFiltering - Copying 0 resource from src\main\resources to target\classes
2025-04-02 12:13:48,737 [Worker-56: Building] INFO  o.a.m.s.f.DefaultMavenResourcesFiltering - skip non existing resourceDirectory C:\Users\prasa\eclipse-workspace\Micoservice-eclipse-workspace\SpringMicroserviceForZipkin3\src\test\resources
2025-04-02 12:13:54,795 [Worker-49: Building] INFO  o.a.m.s.f.DefaultMavenResourcesFiltering - Copying 1 resource from src\main\resources to target\classes
2025-04-02 12:13:54,807 [Worker-49: Building] INFO  o.a.m.s.f.DefaultMavenResourcesFiltering - Copying 0 resource from src\main\resources to target\classes
2025-04-02 12:13:54,812 [Worker-49: Building] INFO  o.a.m.s.f.DefaultMavenResourcesFiltering - skip non existing resourceDirectory C:\Users\prasa\eclipse-workspace\Micoservice-eclipse-workspace\SpringMicroserviceForZipkin2\src\test\resources
2025-04-02 12:14:07,181 [Worker-50: Building] INFO  o.a.m.s.f.DefaultMavenResourcesFiltering - Copying 1 resource from src\main\resources to target\classes
2025-04-02 12:14:07,193 [Worker-50: Building] INFO  o.a.m.s.f.DefaultMavenResourcesFiltering - Copying 0 resource from src\main\resources to target\classes
2025-04-02 12:14:07,198 [Worker-50: Building] INFO  o.a.m.s.f.DefaultMavenResourcesFiltering - skip non existing resourceDirectory C:\Users\prasa\eclipse-workspace\Micoservice-eclipse-workspace\SpringMicroserviceForZipkin1\src\test\resources
2025-04-03 19:27:21,409 [Worker-6: Loading available Gradle versions] INFO  o.e.b.c.i.u.g.PublishedGradleVersions - Gradle version information cache is up-to-date. Trying to read.
2025-04-03 19:32:31,811 [Worker-40: Import Getting Started Content] INFO  o.e.m.c.i.l.LifecycleMappingFactory - Using org.eclipse.m2e.jdt.JarLifecycleMapping lifecycle mapping for MavenProject: com.example:SpringReactivePgm-publisher:0.0.1-SNAPSHOT @ C:\Users\prasa\eclipse-workspace\Micoservice-eclipse-workspace\SpringReactivePgm-publisher\pom.xml.
2025-04-03 19:32:32,289 [Worker-40: Import Getting Started Content] INFO  o.e.m.c.i.e.AbstractTransferListenerAdapter - Downloading https://repo.maven.apache.org/maven2/org/springframework/boot/spring-boot-starter-data-mongodb-reactive/3.4.4/spring-boot-starter-data-mongodb-reactive-3.4.4.pom
2025-04-03 19:32:32,314 [Worker-40: Import Getting Started Content] INFO  o.e.m.c.i.e.AbstractTransferListenerAdapter - Downloaded https://repo.maven.apache.org/maven2/org/springframework/boot/spring-boot-starter-data-mongodb-reactive/3.4.4/spring-boot-starter-data-mongodb-reactive-3.4.4.pom
2025-04-03 19:32:32,574 [Worker-40: Import Getting Started Content] INFO  o.e.m.c.i.e.AbstractTransferListenerAdapter - Downloading https://repo.maven.apache.org/maven2/org/mongodb/mongodb-driver-reactivestreams/5.2.1/mongodb-driver-reactivestreams-5.2.1.pom
2025-04-03 19:32:32,584 [Worker-40: Import Getting Started Content] INFO  o.e.m.c.i.e.AbstractTransferListenerAdapter - Downloaded https://repo.maven.apache.org/maven2/org/mongodb/mongodb-driver-reactivestreams/5.2.1/mongodb-driver-reactivestreams-5.2.1.pom
2025-04-03 19:32:32,620 [Worker-40: Import Getting Started Content] INFO  o.e.m.c.i.e.AbstractTransferListenerAdapter - Downloading https://repo.maven.apache.org/maven2/io/projectreactor/reactor-bom/2022.0.0/reactor-bom-2022.0.0.pom
2025-04-03 19:32:32,634 [Worker-40: Import Getting Started Content] INFO  o.e.m.c.i.e.AbstractTransferListenerAdapter - Downloaded https://repo.maven.apache.org/maven2/io/projectreactor/reactor-bom/2022.0.0/reactor-bom-2022.0.0.pom
2025-04-03 19:32:32,675 [Worker-40: Import Getting Started Content] INFO  o.e.m.c.i.e.AbstractTransferListenerAdapter - Downloading https://repo.maven.apache.org/maven2/org/mongodb/bson/5.2.1/bson-5.2.1.pom
2025-04-03 19:32:32,683 [Worker-40: Import Getting Started Content] INFO  o.e.m.c.i.e.AbstractTransferListenerAdapter - Downloaded https://repo.maven.apache.org/maven2/org/mongodb/bson/5.2.1/bson-5.2.1.pom
2025-04-03 19:32:32,723 [Worker-40: Import Getting Started Content] INFO  o.e.m.c.i.e.AbstractTransferListenerAdapter - Downloading https://repo.maven.apache.org/maven2/org/mongodb/mongodb-driver-core/5.2.1/mongodb-driver-core-5.2.1.pom
2025-04-03 19:32:32,733 [Worker-40: Import Getting Started Content] INFO  o.e.m.c.i.e.AbstractTransferListenerAdapter - Downloaded https://repo.maven.apache.org/maven2/org/mongodb/mongodb-driver-core/5.2.1/mongodb-driver-core-5.2.1.pom
2025-04-03 19:32:32,768 [Worker-40: Import Getting Started Content] INFO  o.e.m.c.i.e.AbstractTransferListenerAdapter - Downloading https://repo.maven.apache.org/maven2/io/netty/netty-bom/4.1.87.Final/netty-bom-4.1.87.Final.pom
2025-04-03 19:32:32,780 [Worker-40: Import Getting Started Content] INFO  o.e.m.c.i.e.AbstractTransferListenerAdapter - Downloaded https://repo.maven.apache.org/maven2/io/netty/netty-bom/4.1.87.Final/netty-bom-4.1.87.Final.pom
2025-04-03 19:32:32,894 [Worker-40: Import Getting Started Content] INFO  o.e.m.c.i.e.AbstractTransferListenerAdapter - Downloading https://repo.maven.apache.org/maven2/org/mongodb/bson-record-codec/5.2.1/bson-record-codec-5.2.1.pom
2025-04-03 19:32:32,902 [Worker-40: Import Getting Started Content] INFO  o.e.m.c.i.e.AbstractTransferListenerAdapter - Downloaded https://repo.maven.apache.org/maven2/org/mongodb/bson-record-codec/5.2.1/bson-record-codec-5.2.1.pom
2025-04-03 19:32:32,942 [Worker-40: Import Getting Started Content] INFO  o.e.m.c.i.e.AbstractTransferListenerAdapter - Downloading https://repo.maven.apache.org/maven2/org/springframework/data/spring-data-mongodb/4.4.4/spring-data-mongodb-4.4.4.pom
2025-04-03 19:32:32,960 [Worker-40: Import Getting Started Content] INFO  o.e.m.c.i.e.AbstractTransferListenerAdapter - Downloaded https://repo.maven.apache.org/maven2/org/springframework/data/spring-data-mongodb/4.4.4/spring-data-mongodb-4.4.4.pom
2025-04-03 19:32:32,994 [Worker-40: Import Getting Started Content] INFO  o.e.m.c.i.e.AbstractTransferListenerAdapter - Downloading https://repo.maven.apache.org/maven2/org/springframework/data/spring-data-mongodb-parent/4.4.4/spring-data-mongodb-parent-4.4.4.pom
2025-04-03 19:32:33,003 [Worker-40: Import Getting Started Content] INFO  o.e.m.c.i.e.AbstractTransferListenerAdapter - Downloaded https://repo.maven.apache.org/maven2/org/springframework/data/spring-data-mongodb-parent/4.4.4/spring-data-mongodb-parent-4.4.4.pom
2025-04-03 19:32:33,867 [Worker-40: Import Getting Started Content] INFO  o.e.m.c.i.e.AbstractTransferListenerAdapter - Downloading https://repo.maven.apache.org/maven2/org/springframework/boot/spring-boot-starter-data-mongodb-reactive/3.4.4/spring-boot-starter-data-mongodb-reactive-3.4.4.jar
2025-04-03 19:32:33,879 [Worker-40: Import Getting Started Content] INFO  o.e.m.c.i.e.AbstractTransferListenerAdapter - Downloaded https://repo.maven.apache.org/maven2/org/springframework/boot/spring-boot-starter-data-mongodb-reactive/3.4.4/spring-boot-starter-data-mongodb-reactive-3.4.4.jar
2025-04-03 19:32:33,916 [BasicRepositoryConnector-repo.maven.apache.org-0-0] INFO  o.e.m.c.i.e.AbstractTransferListenerAdapter - Downloading https://repo.maven.apache.org/maven2/org/mongodb/mongodb-driver-reactivestreams/5.2.1/mongodb-driver-reactivestreams-5.2.1.jar
2025-04-03 19:32:33,965 [BasicRepositoryConnector-repo.maven.apache.org-0-3] INFO  o.e.m.c.i.e.AbstractTransferListenerAdapter - Downloading https://repo.maven.apache.org/maven2/org/mongodb/bson-record-codec/5.2.1/bson-record-codec-5.2.1.jar
2025-04-03 19:32:33,968 [BasicRepositoryConnector-repo.maven.apache.org-0-2] INFO  o.e.m.c.i.e.AbstractTransferListenerAdapter - Downloading https://repo.maven.apache.org/maven2/org/mongodb/mongodb-driver-core/5.2.1/mongodb-driver-core-5.2.1.jar
2025-04-03 19:32:33,969 [BasicRepositoryConnector-repo.maven.apache.org-0-4] INFO  o.e.m.c.i.e.AbstractTransferListenerAdapter - Downloading https://repo.maven.apache.org/maven2/org/springframework/data/spring-data-mongodb/4.4.4/spring-data-mongodb-4.4.4.jar
2025-04-03 19:32:33,979 [BasicRepositoryConnector-repo.maven.apache.org-0-0] INFO  o.e.m.c.i.e.AbstractTransferListenerAdapter - Downloaded https://repo.maven.apache.org/maven2/org/mongodb/mongodb-driver-reactivestreams/5.2.1/mongodb-driver-reactivestreams-5.2.1.jar
2025-04-03 19:32:33,981 [BasicRepositoryConnector-repo.maven.apache.org-0-1] INFO  o.e.m.c.i.e.AbstractTransferListenerAdapter - Downloading https://repo.maven.apache.org/maven2/org/mongodb/bson/5.2.1/bson-5.2.1.jar
2025-04-03 19:32:33,986 [BasicRepositoryConnector-repo.maven.apache.org-0-3] INFO  o.e.m.c.i.e.AbstractTransferListenerAdapter - Downloaded https://repo.maven.apache.org/maven2/org/mongodb/bson-record-codec/5.2.1/bson-record-codec-5.2.1.jar
2025-04-03 19:32:34,118 [BasicRepositoryConnector-repo.maven.apache.org-0-1] INFO  o.e.m.c.i.e.AbstractTransferListenerAdapter - Downloaded https://repo.maven.apache.org/maven2/org/mongodb/bson/5.2.1/bson-5.2.1.jar
2025-04-03 19:32:34,245 [BasicRepositoryConnector-repo.maven.apache.org-0-2] INFO  o.e.m.c.i.e.AbstractTransferListenerAdapter - Downloaded https://repo.maven.apache.org/maven2/org/mongodb/mongodb-driver-core/5.2.1/mongodb-driver-core-5.2.1.jar
2025-04-03 19:32:34,377 [BasicRepositoryConnector-repo.maven.apache.org-0-4] INFO  o.e.m.c.i.e.AbstractTransferListenerAdapter - Downloaded https://repo.maven.apache.org/maven2/org/springframework/data/spring-data-mongodb/4.4.4/spring-data-mongodb-4.4.4.jar
2025-04-03 19:32:36,890 [Worker-40: Import Getting Started Content] INFO  o.e.m.c.i.l.LifecycleMappingFactory - Using org.eclipse.m2e.jdt.JarLifecycleMapping lifecycle mapping for MavenProject: com.example:eureka:0.0.1-SNAPSHOT @ C:\Users\prasa\eclipse-workspace\Micoservice-eclipse-workspace\SpringCloudEurekaServer\pom.xml.
2025-04-03 19:32:38,536 [Worker-40: Import Getting Started Content] INFO  o.e.m.c.i.l.LifecycleMappingFactory - Using org.eclipse.m2e.jdt.JarLifecycleMapping lifecycle mapping for MavenProject: com.example:SimpleLoadBalancerClient:0.0.1-SNAPSHOT @ C:\Users\prasa\eclipse-workspace\Micoservice-eclipse-workspace\SimpleLoadBalancerClient\pom.xml.
2025-04-03 19:32:39,712 [Worker-40: Import Getting Started Content] INFO  o.e.m.c.i.l.LifecycleMappingFactory - Using org.eclipse.m2e.jdt.JarLifecycleMapping lifecycle mapping for MavenProject: com.example:client:0.0.1-SNAPSHOT @ C:\Users\prasa\eclipse-workspace\Micoservice-eclipse-workspace\MSItnerCommunication\pom.xml.
2025-04-03 19:32:40,693 [Worker-40: Import Getting Started Content] INFO  o.e.m.c.i.l.LifecycleMappingFactory - Using org.eclipse.m2e.jdt.JarLifecycleMapping lifecycle mapping for MavenProject: com.example:client:0.0.1-SNAPSHOT @ C:\Users\prasa\eclipse-workspace\Micoservice-eclipse-workspace\SimpleDiscoveryClient\pom.xml.
2025-04-03 19:32:41,819 [Worker-40: Import Getting Started Content] INFO  o.e.m.c.i.l.LifecycleMappingFactory - Using org.eclipse.m2e.jdt.JarLifecycleMapping lifecycle mapping for MavenProject: com.example:SpringCloudConfigServer:0.0.1-SNAPSHOT @ C:\Users\prasa\eclipse-workspace\Micoservice-eclipse-workspace\SpringCloudConfigServer\pom.xml.
2025-04-03 19:32:42,712 [Worker-40: Import Getting Started Content] INFO  o.e.m.c.i.l.LifecycleMappingFactory - Using org.eclipse.m2e.jdt.JarLifecycleMapping lifecycle mapping for MavenProject: com.example:SpringCloudConfigClient:0.0.1-SNAPSHOT @ C:\Users\prasa\eclipse-workspace\Micoservice-eclipse-workspace\SpringCloudConfigClient\pom.xml.
2025-04-03 19:32:43,477 [Worker-40: Import Getting Started Content] INFO  o.e.m.c.i.l.LifecycleMappingFactory - Using org.eclipse.m2e.jdt.JarLifecycleMapping lifecycle mapping for MavenProject: com.example:SpringCloudSchedulerService:0.0.1-SNAPSHOT @ C:\Users\prasa\eclipse-workspace\Micoservice-eclipse-workspace\SpringCloudSchedulerService\pom.xml.
2025-04-03 19:32:44,446 [Worker-40: Import Getting Started Content] INFO  o.e.m.c.i.l.LifecycleMappingFactory - Using org.eclipse.m2e.jdt.JarLifecycleMapping lifecycle mapping for MavenProject: com.example:ConfigClientWithActuator:0.0.1-SNAPSHOT @ C:\Users\prasa\eclipse-workspace\Micoservice-eclipse-workspace\ConfigClientWithActuator\pom.xml.
2025-04-03 19:32:45,432 [Worker-40: Import Getting Started Content] INFO  o.e.m.c.i.l.LifecycleMappingFactory - Using org.eclipse.m2e.jdt.JarLifecycleMapping lifecycle mapping for MavenProject: com.example:SimpleFeignClient:0.0.1-SNAPSHOT @ C:\Users\prasa\eclipse-workspace\Micoservice-eclipse-workspace\SimpleFeignClient\pom.xml.
2025-04-03 19:32:46,232 [Worker-40: Import Getting Started Content] INFO  o.e.m.c.i.l.LifecycleMappingFactory - Using org.eclipse.m2e.jdt.JarLifecycleMapping lifecycle mapping for MavenProject: com.example:SpringCloudAdminServer:0.0.1-SNAPSHOT @ C:\Users\prasa\eclipse-workspace\Micoservice-eclipse-workspace\SpringCloudAdminServer\pom.xml.
2025-04-03 19:32:47,049 [Worker-40: Import Getting Started Content] INFO  o.e.m.c.i.l.LifecycleMappingFactory - Using org.eclipse.m2e.jdt.JarLifecycleMapping lifecycle mapping for MavenProject: com.example:SpringProviderApp-MQ:0.0.1-SNAPSHOT @ C:\Users\prasa\eclipse-workspace\Micoservice-eclipse-workspace\SpringProviderApp-MQ\pom.xml.
2025-04-03 19:32:47,758 [Worker-40: Import Getting Started Content] INFO  o.e.m.c.i.l.LifecycleMappingFactory - Using org.eclipse.m2e.jdt.JarLifecycleMapping lifecycle mapping for MavenProject: com.example:SpringConsumerAppP2P:0.0.1-SNAPSHOT @ C:\Users\prasa\eclipse-workspace\Micoservice-eclipse-workspace\SpringConsumerAppP2P\pom.xml.
2025-04-03 19:32:48,592 [Worker-40: Import Getting Started Content] INFO  o.e.m.c.i.l.LifecycleMappingFactory - Using org.eclipse.m2e.jdt.JarLifecycleMapping lifecycle mapping for MavenProject: com.example:SpringConsumerAppPubSub:0.0.1-SNAPSHOT @ C:\Users\prasa\eclipse-workspace\Micoservice-eclipse-workspace\SpringConsumerAppPubSub\pom.xml.
2025-04-03 19:32:49,667 [Worker-40: Import Getting Started Content] INFO  o.e.m.c.i.l.LifecycleMappingFactory - Using org.eclipse.m2e.jdt.JarLifecycleMapping lifecycle mapping for MavenProject: com.example:SpringKafkaProducer:0.0.1-SNAPSHOT @ C:\Users\prasa\eclipse-workspace\Micoservice-eclipse-workspace\SpringKafkaProducer\pom.xml.
2025-04-03 19:32:50,519 [Worker-40: Import Getting Started Content] INFO  o.e.m.c.i.l.LifecycleMappingFactory - Using org.eclipse.m2e.jdt.JarLifecycleMapping lifecycle mapping for MavenProject: com.example:SpringKafkaConsumer:0.0.1-SNAPSHOT @ C:\Users\prasa\eclipse-workspace\Micoservice-eclipse-workspace\SpringKafkaConsumer\pom.xml.
2025-04-03 19:32:51,429 [Worker-40: Import Getting Started Content] INFO  o.e.m.c.i.l.LifecycleMappingFactory - Using org.eclipse.m2e.jdt.JarLifecycleMapping lifecycle mapping for MavenProject: com.example:SpringCloudApiGateway:0.0.1-SNAPSHOT @ C:\Users\prasa\eclipse-workspace\Micoservice-eclipse-workspace\SpringCloudApiGateway\pom.xml.
2025-04-03 19:32:52,256 [Worker-40: Import Getting Started Content] INFO  o.e.m.c.i.l.LifecycleMappingFactory - Using org.eclipse.m2e.jdt.JarLifecycleMapping lifecycle mapping for MavenProject: com.example:SpringMicroserviceForZipkin1:0.0.1-SNAPSHOT @ C:\Users\prasa\eclipse-workspace\Micoservice-eclipse-workspace\SpringMicroserviceForZipkin1\pom.xml.
2025-04-03 19:32:52,945 [Worker-40: Import Getting Started Content] INFO  o.e.m.c.i.l.LifecycleMappingFactory - Using org.eclipse.m2e.jdt.JarLifecycleMapping lifecycle mapping for MavenProject: com.example:SpringMicroserviceForZipkin2:0.0.1-SNAPSHOT @ C:\Users\prasa\eclipse-workspace\Micoservice-eclipse-workspace\SpringMicroserviceForZipkin2\pom.xml.
2025-04-03 19:32:53,639 [Worker-40: Import Getting Started Content] INFO  o.e.m.c.i.l.LifecycleMappingFactory - Using org.eclipse.m2e.jdt.JarLifecycleMapping lifecycle mapping for MavenProject: com.example:SpringMicroserviceForZipkin3:0.0.1-SNAPSHOT @ C:\Users\prasa\eclipse-workspace\Micoservice-eclipse-workspace\SpringMicroserviceForZipkin3\pom.xml.
2025-04-03 19:32:57,523 [Worker-24: Download sources and javadoc] INFO  o.e.m.c.i.e.AbstractTransferListenerAdapter - Downloading https://repo.maven.apache.org/maven2/org/springframework/cloud/spring-cloud-starter-gateway/4.2.1/spring-cloud-starter-gateway-4.2.1-javadoc.jar
2025-04-03 19:32:57,527 [Worker-24: Download sources and javadoc] INFO  o.e.m.c.i.e.AbstractTransferListenerAdapter - Downloaded https://repo.maven.apache.org/maven2/org/springframework/cloud/spring-cloud-starter-gateway/4.2.1/spring-cloud-starter-gateway-4.2.1-javadoc.jar
2025-04-03 19:32:57,532 [Worker-24: Download sources and javadoc] INFO  o.e.m.j.internal.DownloadSourcesJob - Downloaded javadoc for org.springframework.cloud:spring-cloud-starter-gateway:4.2.1
2025-04-03 19:32:57,619 [Worker-24: Download sources and javadoc] INFO  o.e.m.c.i.e.AbstractTransferListenerAdapter - Downloading https://repo.maven.apache.org/maven2/org/springframework/boot/spring-boot-starter-data-mongodb-reactive/3.4.4/spring-boot-starter-data-mongodb-reactive-3.4.4-sources.jar
2025-04-03 19:32:57,625 [Worker-24: Download sources and javadoc] INFO  o.e.m.c.i.e.AbstractTransferListenerAdapter - Downloaded https://repo.maven.apache.org/maven2/org/springframework/boot/spring-boot-starter-data-mongodb-reactive/3.4.4/spring-boot-starter-data-mongodb-reactive-3.4.4-sources.jar
2025-04-03 19:32:57,628 [Worker-24: Download sources and javadoc] INFO  o.e.m.j.internal.DownloadSourcesJob - Downloaded sources for org.springframework.boot:spring-boot-starter-data-mongodb-reactive:3.4.4
2025-04-03 19:32:57,720 [Worker-24: Download sources and javadoc] INFO  o.e.m.c.i.e.AbstractTransferListenerAdapter - Downloading https://repo.maven.apache.org/maven2/org/mongodb/mongodb-driver-reactivestreams/5.2.1/mongodb-driver-reactivestreams-5.2.1-sources.jar
2025-04-03 19:32:57,772 [Worker-24: Download sources and javadoc] INFO  o.e.m.c.i.e.AbstractTransferListenerAdapter - Downloaded https://repo.maven.apache.org/maven2/org/mongodb/mongodb-driver-reactivestreams/5.2.1/mongodb-driver-reactivestreams-5.2.1-sources.jar
2025-04-03 19:32:57,776 [Worker-24: Download sources and javadoc] INFO  o.e.m.j.internal.DownloadSourcesJob - Downloaded sources for org.mongodb:mongodb-driver-reactivestreams:5.2.1
2025-04-03 19:32:57,860 [Worker-24: Download sources and javadoc] INFO  o.e.m.c.i.e.AbstractTransferListenerAdapter - Downloading https://repo.maven.apache.org/maven2/org/mongodb/bson/5.2.1/bson-5.2.1-sources.jar
2025-04-03 19:32:57,943 [Worker-24: Download sources and javadoc] INFO  o.e.m.c.i.e.AbstractTransferListenerAdapter - Downloaded https://repo.maven.apache.org/maven2/org/mongodb/bson/5.2.1/bson-5.2.1-sources.jar
2025-04-03 19:32:57,948 [Worker-24: Download sources and javadoc] INFO  o.e.m.j.internal.DownloadSourcesJob - Downloaded sources for org.mongodb:bson:5.2.1
2025-04-03 19:32:58,033 [Worker-24: Download sources and javadoc] INFO  o.e.m.c.i.e.AbstractTransferListenerAdapter - Downloading https://repo.maven.apache.org/maven2/org/mongodb/mongodb-driver-core/5.2.1/mongodb-driver-core-5.2.1-sources.jar
2025-04-03 19:32:58,208 [Worker-24: Download sources and javadoc] INFO  o.e.m.c.i.e.AbstractTransferListenerAdapter - Downloaded https://repo.maven.apache.org/maven2/org/mongodb/mongodb-driver-core/5.2.1/mongodb-driver-core-5.2.1-sources.jar
2025-04-03 19:32:58,211 [Worker-24: Download sources and javadoc] INFO  o.e.m.j.internal.DownloadSourcesJob - Downloaded sources for org.mongodb:mongodb-driver-core:5.2.1
2025-04-03 19:32:58,302 [Worker-24: Download sources and javadoc] INFO  o.e.m.c.i.e.AbstractTransferListenerAdapter - Downloading https://repo.maven.apache.org/maven2/org/mongodb/bson-record-codec/5.2.1/bson-record-codec-5.2.1-sources.jar
2025-04-03 19:32:58,306 [Worker-24: Download sources and javadoc] INFO  o.e.m.c.i.e.AbstractTransferListenerAdapter - Downloaded https://repo.maven.apache.org/maven2/org/mongodb/bson-record-codec/5.2.1/bson-record-codec-5.2.1-sources.jar
2025-04-03 19:32:58,310 [Worker-24: Download sources and javadoc] INFO  o.e.m.j.internal.DownloadSourcesJob - Downloaded sources for org.mongodb:bson-record-codec:5.2.1
2025-04-03 19:32:58,401 [Worker-24: Download sources and javadoc] INFO  o.e.m.c.i.e.AbstractTransferListenerAdapter - Downloading https://repo.maven.apache.org/maven2/org/springframework/data/spring-data-mongodb/4.4.4/spring-data-mongodb-4.4.4-sources.jar
2025-04-03 19:32:58,631 [Worker-24: Download sources and javadoc] INFO  o.e.m.c.i.e.AbstractTransferListenerAdapter - Downloaded https://repo.maven.apache.org/maven2/org/springframework/data/spring-data-mongodb/4.4.4/spring-data-mongodb-4.4.4-sources.jar
2025-04-03 19:32:58,636 [Worker-24: Download sources and javadoc] INFO  o.e.m.j.internal.DownloadSourcesJob - Downloaded sources for org.springframework.data:spring-data-mongodb:4.4.4
2025-04-03 19:33:01,757 [Worker-40: Import Getting Started Content] INFO  o.e.m.j.i.AbstractJavaProjectConfigurator - Adding source folder /SpringReactivePgm-publisher/src/main/java
2025-04-03 19:33:01,759 [Worker-40: Import Getting Started Content] INFO  o.e.m.j.i.AbstractJavaProjectConfigurator - Adding resource folder /SpringReactivePgm-publisher/src/main/resources
2025-04-03 19:33:01,765 [Worker-40: Import Getting Started Content] INFO  o.e.m.j.i.AbstractJavaProjectConfigurator - Adding resource folder /SpringReactivePgm-publisher/src/main/resources
2025-04-03 19:33:01,770 [Worker-40: Import Getting Started Content] INFO  o.e.m.j.i.AbstractJavaProjectConfigurator - Adding source folder /SpringReactivePgm-publisher/src/test/java
2025-04-03 19:33:01,772 [Worker-40: Import Getting Started Content] INFO  o.e.m.j.i.AbstractJavaProjectConfigurator - Adding resource folder /SpringReactivePgm-publisher/src/test/resources
2025-04-03 19:33:02,323 [Worker-40: Import Getting Started Content] INFO  o.e.m.c.i.p.ProjectConfigurationManager - Imported and configured 1 project(s) in 34 sec
2025-04-03 19:33:02,328 [Worker-40: Import Getting Started Content] INFO  o.e.m.c.i.p.ProjectConfigurationManager - Update started
2025-04-03 19:33:02,578 [Worker-40: Import Getting Started Content] INFO  o.e.m.c.i.l.LifecycleMappingFactory - Using org.eclipse.m2e.jdt.JarLifecycleMapping lifecycle mapping for MavenProject: com.example:SpringReactivePgm-publisher:0.0.1-SNAPSHOT @ C:\Users\prasa\eclipse-workspace\Micoservice-eclipse-workspace\SpringReactivePgm-publisher\pom.xml.
2025-04-03 19:33:03,522 [Worker-40: Import Getting Started Content] INFO  o.e.m.j.i.AbstractJavaProjectConfigurator - Adding source folder /SpringReactivePgm-publisher/src/main/java
2025-04-03 19:33:03,523 [Worker-40: Import Getting Started Content] INFO  o.e.m.j.i.AbstractJavaProjectConfigurator - Adding resource folder /SpringReactivePgm-publisher/src/main/resources
2025-04-03 19:33:03,524 [Worker-40: Import Getting Started Content] INFO  o.e.m.j.i.AbstractJavaProjectConfigurator - Adding resource folder /SpringReactivePgm-publisher/src/main/resources
2025-04-03 19:33:03,524 [Worker-40: Import Getting Started Content] INFO  o.e.m.j.i.AbstractJavaProjectConfigurator - Adding source folder /SpringReactivePgm-publisher/src/test/java
2025-04-03 19:33:03,525 [Worker-40: Import Getting Started Content] INFO  o.e.m.j.i.AbstractJavaProjectConfigurator - Adding resource folder /SpringReactivePgm-publisher/src/test/resources
2025-04-03 19:33:04,283 [Worker-40: Import Getting Started Content] INFO  o.e.m.c.i.p.ProjectConfigurationManager - Update completed for 1 poms: local refresh takes 0.00 sec, refresh facades takes 1.00 sec, update config takes 0.00 sec 
2025-04-03 19:33:05,500 [Worker-41: Updating Maven Project] INFO  o.e.m.c.i.p.ProjectConfigurationManager - Update started
2025-04-03 19:33:05,792 [Worker-41: Updating Maven Project] INFO  o.e.m.c.i.l.LifecycleMappingFactory - Using org.eclipse.m2e.jdt.JarLifecycleMapping lifecycle mapping for MavenProject: com.example:SpringReactivePgm-publisher:0.0.1-SNAPSHOT @ C:\Users\prasa\eclipse-workspace\Micoservice-eclipse-workspace\SpringReactivePgm-publisher\pom.xml.
2025-04-03 19:33:06,504 [Worker-41: Updating Maven Project] INFO  o.e.m.j.i.AbstractJavaProjectConfigurator - Adding source folder /SpringReactivePgm-publisher/src/main/java
2025-04-03 19:33:06,505 [Worker-41: Updating Maven Project] INFO  o.e.m.j.i.AbstractJavaProjectConfigurator - Adding resource folder /SpringReactivePgm-publisher/src/main/resources
2025-04-03 19:33:06,505 [Worker-41: Updating Maven Project] INFO  o.e.m.j.i.AbstractJavaProjectConfigurator - Adding resource folder /SpringReactivePgm-publisher/src/main/resources
2025-04-03 19:33:06,506 [Worker-41: Updating Maven Project] INFO  o.e.m.j.i.AbstractJavaProjectConfigurator - Adding source folder /SpringReactivePgm-publisher/src/test/java
2025-04-03 19:33:06,507 [Worker-41: Updating Maven Project] INFO  o.e.m.j.i.AbstractJavaProjectConfigurator - Adding resource folder /SpringReactivePgm-publisher/src/test/resources
2025-04-03 19:33:07,054 [Worker-41: Updating Maven Project] INFO  o.e.m.c.i.p.ProjectConfigurationManager - Update completed for 1 poms: local refresh takes 0.00 sec, refresh facades takes 0.00 sec, update config takes 0.00 sec 
2025-04-03 19:33:08,527 [Worker-43: Building] INFO  o.a.m.s.f.DefaultMavenResourcesFiltering - Copying 1 resource from src\main\resources to target\classes
2025-04-03 19:33:08,553 [Worker-43: Building] INFO  o.a.m.s.f.DefaultMavenResourcesFiltering - Copying 0 resource from src\main\resources to target\classes
2025-04-03 19:33:08,560 [Worker-43: Building] INFO  o.a.m.s.f.DefaultMavenResourcesFiltering - skip non existing resourceDirectory C:\Users\prasa\eclipse-workspace\Micoservice-eclipse-workspace\SpringReactivePgm-publisher\src\test\resources
2025-04-03 20:01:59,041 [Worker-41: Building] INFO  o.a.m.s.f.DefaultMavenResourcesFiltering - Copying 1 resource from src\main\resources to target\classes
2025-04-03 20:01:59,060 [Worker-41: Building] INFO  o.a.m.s.f.DefaultMavenResourcesFiltering - Copying 0 resource from src\main\resources to target\classes
2025-04-03 20:01:59,069 [Worker-41: Building] INFO  o.a.m.s.f.DefaultMavenResourcesFiltering - skip non existing resourceDirectory C:\Users\prasa\eclipse-workspace\Micoservice-eclipse-workspace\SpringReactivePgm-publisher\src\test\resources
2025-04-03 20:06:50,128 [Worker-52: Building] INFO  o.a.m.s.f.DefaultMavenResourcesFiltering - Copying 1 resource from src\main\resources to target\classes
2025-04-03 20:06:50,148 [Worker-52: Building] INFO  o.a.m.s.f.DefaultMavenResourcesFiltering - Copying 0 resource from src\main\resources to target\classes
2025-04-03 20:06:50,158 [Worker-52: Building] INFO  o.a.m.s.f.DefaultMavenResourcesFiltering - skip non existing resourceDirectory C:\Users\prasa\eclipse-workspace\Micoservice-eclipse-workspace\SpringReactivePgm-publisher\src\test\resources
2025-04-03 20:07:14,168 [Worker-55: Building] INFO  o.a.m.s.f.DefaultMavenResourcesFiltering - Copying 1 resource from src\main\resources to target\classes
2025-04-03 20:07:14,178 [Worker-55: Building] INFO  o.a.m.s.f.DefaultMavenResourcesFiltering - Copying 0 resource from src\main\resources to target\classes
2025-04-03 20:07:14,182 [Worker-55: Building] INFO  o.a.m.s.f.DefaultMavenResourcesFiltering - skip non existing resourceDirectory C:\Users\prasa\eclipse-workspace\Micoservice-eclipse-workspace\SpringReactivePgm-publisher\src\test\resources
2025-04-03 20:08:24,711 [Worker-41: Building] INFO  o.a.m.s.f.DefaultMavenResourcesFiltering - Copying 1 resource from src\main\resources to target\classes
2025-04-03 20:08:24,726 [Worker-41: Building] INFO  o.a.m.s.f.DefaultMavenResourcesFiltering - Copying 0 resource from src\main\resources to target\classes
2025-04-03 20:08:24,734 [Worker-41: Building] INFO  o.a.m.s.f.DefaultMavenResourcesFiltering - skip non existing resourceDirectory C:\Users\prasa\eclipse-workspace\Micoservice-eclipse-workspace\SpringReactivePgm-publisher\src\test\resources
2025-04-03 20:25:16,969 [Worker-57: Building] INFO  o.a.m.s.f.DefaultMavenResourcesFiltering - Copying 1 resource from src\main\resources to target\classes
2025-04-03 20:25:16,983 [Worker-57: Building] INFO  o.a.m.s.f.DefaultMavenResourcesFiltering - Copying 0 resource from src\main\resources to target\classes
2025-04-03 20:25:16,991 [Worker-57: Building] INFO  o.a.m.s.f.DefaultMavenResourcesFiltering - skip non existing resourceDirectory C:\Users\prasa\eclipse-workspace\Micoservice-eclipse-workspace\SpringReactivePgm-publisher\src\test\resources
2025-04-03 20:27:03,555 [Worker-61: Building] INFO  o.a.m.s.f.DefaultMavenResourcesFiltering - Copying 1 resource from src\main\resources to target\classes
2025-04-03 20:27:03,572 [Worker-61: Building] INFO  o.a.m.s.f.DefaultMavenResourcesFiltering - Copying 0 resource from src\main\resources to target\classes
2025-04-03 20:27:03,578 [Worker-61: Building] INFO  o.a.m.s.f.DefaultMavenResourcesFiltering - skip non existing resourceDirectory C:\Users\prasa\eclipse-workspace\Micoservice-eclipse-workspace\SpringReactivePgm-publisher\src\test\resources
2025-04-03 20:28:10,480 [Worker-59: Building] INFO  o.a.m.s.f.DefaultMavenResourcesFiltering - Copying 1 resource from src\main\resources to target\classes
2025-04-03 20:28:10,493 [Worker-59: Building] INFO  o.a.m.s.f.DefaultMavenResourcesFiltering - Copying 0 resource from src\main\resources to target\classes
2025-04-03 20:28:10,500 [Worker-59: Building] INFO  o.a.m.s.f.DefaultMavenResourcesFiltering - skip non existing resourceDirectory C:\Users\prasa\eclipse-workspace\Micoservice-eclipse-workspace\SpringReactivePgm-publisher\src\test\resources
2025-04-03 20:30:18,183 [Worker-61: Building] INFO  o.a.m.s.f.DefaultMavenResourcesFiltering - Copying 1 resource from src\main\resources to target\classes
2025-04-03 20:30:18,201 [Worker-61: Building] INFO  o.a.m.s.f.DefaultMavenResourcesFiltering - Copying 0 resource from src\main\resources to target\classes
2025-04-03 20:30:18,206 [Worker-61: Building] INFO  o.a.m.s.f.DefaultMavenResourcesFiltering - skip non existing resourceDirectory C:\Users\prasa\eclipse-workspace\Micoservice-eclipse-workspace\SpringReactivePgm-publisher\src\test\resources
2025-04-04 10:57:20,898 [Worker-74: Building] INFO  o.a.m.s.f.DefaultMavenResourcesFiltering - Copying 1 resource from src\main\resources to target\classes
2025-04-04 10:57:20,915 [Worker-74: Building] INFO  o.a.m.s.f.DefaultMavenResourcesFiltering - Copying 0 resource from src\main\resources to target\classes
2025-04-04 10:57:20,924 [Worker-74: Building] INFO  o.a.m.s.f.DefaultMavenResourcesFiltering - skip non existing resourceDirectory C:\Users\prasa\eclipse-workspace\Micoservice-eclipse-workspace\SpringReactivePgm-publisher\src\test\resources
2025-04-04 10:58:36,141 [Worker-76: Building] INFO  o.a.m.s.f.DefaultMavenResourcesFiltering - Copying 1 resource from src\main\resources to target\classes
2025-04-04 10:58:36,162 [Worker-76: Building] INFO  o.a.m.s.f.DefaultMavenResourcesFiltering - Copying 0 resource from src\main\resources to target\classes
2025-04-04 10:58:36,172 [Worker-76: Building] INFO  o.a.m.s.f.DefaultMavenResourcesFiltering - skip non existing resourceDirectory C:\Users\prasa\eclipse-workspace\Micoservice-eclipse-workspace\SpringReactivePgm-publisher\src\test\resources
2025-04-04 10:59:28,528 [Worker-77: Building] INFO  o.a.m.s.f.DefaultMavenResourcesFiltering - Copying 1 resource from src\main\resources to target\classes
2025-04-04 10:59:28,541 [Worker-77: Building] INFO  o.a.m.s.f.DefaultMavenResourcesFiltering - Copying 0 resource from src\main\resources to target\classes
2025-04-04 10:59:28,549 [Worker-77: Building] INFO  o.a.m.s.f.DefaultMavenResourcesFiltering - skip non existing resourceDirectory C:\Users\prasa\eclipse-workspace\Micoservice-eclipse-workspace\SpringReactivePgm-publisher\src\test\resources
2025-04-04 11:04:37,487 [Worker-70: Building] INFO  o.a.m.s.f.DefaultMavenResourcesFiltering - Copying 1 resource from src\main\resources to target\classes
2025-04-04 11:04:37,503 [Worker-70: Building] INFO  o.a.m.s.f.DefaultMavenResourcesFiltering - Copying 0 resource from src\main\resources to target\classes
2025-04-04 11:04:37,511 [Worker-70: Building] INFO  o.a.m.s.f.DefaultMavenResourcesFiltering - skip non existing resourceDirectory C:\Users\prasa\eclipse-workspace\Micoservice-eclipse-workspace\SpringReactivePgm-publisher\src\test\resources
2025-04-04 11:09:34,620 [Worker-70: Launching SpringReactivePgm-publisher - SpringReactivePgmPublisherApplication] INFO  o.a.m.s.f.DefaultMavenResourcesFiltering - Copying 1 resource from src\main\resources to target\classes
2025-04-04 11:09:34,654 [Worker-70: Launching SpringReactivePgm-publisher - SpringReactivePgmPublisherApplication] INFO  o.a.m.s.f.DefaultMavenResourcesFiltering - Copying 0 resource from src\main\resources to target\classes
2025-04-04 11:09:34,662 [Worker-70: Launching SpringReactivePgm-publisher - SpringReactivePgmPublisherApplication] INFO  o.a.m.s.f.DefaultMavenResourcesFiltering - skip non existing resourceDirectory C:\Users\prasa\eclipse-workspace\Micoservice-eclipse-workspace\SpringReactivePgm-publisher\src\test\resources
2025-04-04 12:07:51,744 [Worker-115: Building] INFO  o.e.m.c.i.l.LifecycleMappingFactory - Using org.eclipse.m2e.jdt.JarLifecycleMapping lifecycle mapping for MavenProject: com.example:SpringReactivePgm-publisher:0.0.1-SNAPSHOT @ C:\Users\prasa\eclipse-workspace\Micoservice-eclipse-workspace\SpringReactivePgm-publisher\pom.xml.
2025-04-04 12:07:53,796 [Worker-115: Building] INFO  o.a.m.s.f.DefaultMavenResourcesFiltering - Copying 0 resource from src\main\resources to target\classes
2025-04-04 12:07:53,798 [Worker-115: Building] INFO  o.a.m.s.f.DefaultMavenResourcesFiltering - Copying 0 resource from src\main\resources to target\classes
2025-04-04 12:07:53,808 [Worker-115: Building] INFO  o.a.m.s.f.DefaultMavenResourcesFiltering - skip non existing resourceDirectory C:\Users\prasa\eclipse-workspace\Micoservice-eclipse-workspace\SpringReactivePgm-publisher\src\test\resources
2025-04-04 12:07:55,399 [Worker-124: Building] INFO  o.a.m.s.f.DefaultMavenResourcesFiltering - Copying 1 resource from src\main\resources to target\classes
2025-04-04 12:07:55,441 [Worker-124: Building] INFO  o.a.m.s.f.DefaultMavenResourcesFiltering - Copying 0 resource from src\main\resources to target\classes
2025-04-04 12:07:55,448 [Worker-124: Building] INFO  o.a.m.s.f.DefaultMavenResourcesFiltering - skip non existing resourceDirectory C:\Users\prasa\eclipse-workspace\Micoservice-eclipse-workspace\SpringReactivePgm-publisher\src\test\resources
2025-04-04 12:08:03,048 [Worker-114: Updating Maven Project] INFO  o.e.m.c.i.p.ProjectConfigurationManager - Update started
2025-04-04 12:08:03,515 [Worker-114: Updating Maven Project] INFO  o.e.m.c.i.l.LifecycleMappingFactory - Using org.eclipse.m2e.jdt.JarLifecycleMapping lifecycle mapping for MavenProject: com.example:SpringReactivePgm-publisher:0.0.1-SNAPSHOT @ C:\Users\prasa\eclipse-workspace\Micoservice-eclipse-workspace\SpringReactivePgm-publisher\pom.xml.
2025-04-04 12:08:04,497 [Worker-114: Updating Maven Project] INFO  o.e.m.j.i.AbstractJavaProjectConfigurator - Adding source folder /SpringReactivePgm-publisher/src/main/java
2025-04-04 12:08:04,498 [Worker-114: Updating Maven Project] INFO  o.e.m.j.i.AbstractJavaProjectConfigurator - Adding resource folder /SpringReactivePgm-publisher/src/main/resources
2025-04-04 12:08:04,499 [Worker-114: Updating Maven Project] INFO  o.e.m.j.i.AbstractJavaProjectConfigurator - Adding resource folder /SpringReactivePgm-publisher/src/main/resources
2025-04-04 12:08:04,499 [Worker-114: Updating Maven Project] INFO  o.e.m.j.i.AbstractJavaProjectConfigurator - Adding source folder /SpringReactivePgm-publisher/src/test/java
2025-04-04 12:08:04,500 [Worker-114: Updating Maven Project] INFO  o.e.m.j.i.AbstractJavaProjectConfigurator - Adding resource folder /SpringReactivePgm-publisher/src/test/resources
2025-04-04 12:08:05,316 [Worker-114: Updating Maven Project] INFO  o.e.m.c.i.p.ProjectConfigurationManager - Update completed for 1 poms: local refresh takes 0.00 sec, refresh facades takes 1.00 sec, update config takes 0.00 sec 
2025-04-04 12:08:06,094 [Worker-122: Building] INFO  o.a.m.s.f.DefaultMavenResourcesFiltering - Copying 1 resource from src\main\resources to target\classes
2025-04-04 12:08:06,241 [Worker-122: Building] INFO  o.a.m.s.f.DefaultMavenResourcesFiltering - Copying 0 resource from src\main\resources to target\classes
2025-04-04 12:08:06,258 [Worker-122: Building] INFO  o.a.m.s.f.DefaultMavenResourcesFiltering - skip non existing resourceDirectory C:\Users\prasa\eclipse-workspace\Micoservice-eclipse-workspace\SpringReactivePgm-publisher\src\test\resources
2025-04-04 12:09:00,563 [Worker-115: Updating Maven Project] INFO  o.e.m.c.i.p.ProjectConfigurationManager - Update started
2025-04-04 12:09:00,932 [Worker-115: Updating Maven Project] INFO  o.e.m.c.i.l.LifecycleMappingFactory - Using org.eclipse.m2e.jdt.JarLifecycleMapping lifecycle mapping for MavenProject: com.example:SpringReactivePgm-publisher:0.0.1-SNAPSHOT @ C:\Users\prasa\eclipse-workspace\Micoservice-eclipse-workspace\SpringReactivePgm-publisher\pom.xml.
2025-04-04 12:09:01,666 [Worker-115: Updating Maven Project] INFO  o.e.m.j.i.AbstractJavaProjectConfigurator - Adding source folder /SpringReactivePgm-publisher/src/main/java
2025-04-04 12:09:01,667 [Worker-115: Updating Maven Project] INFO  o.e.m.j.i.AbstractJavaProjectConfigurator - Adding resource folder /SpringReactivePgm-publisher/src/main/resources
2025-04-04 12:09:01,668 [Worker-115: Updating Maven Project] INFO  o.e.m.j.i.AbstractJavaProjectConfigurator - Adding resource folder /SpringReactivePgm-publisher/src/main/resources
2025-04-04 12:09:01,668 [Worker-115: Updating Maven Project] INFO  o.e.m.j.i.AbstractJavaProjectConfigurator - Adding source folder /SpringReactivePgm-publisher/src/test/java
2025-04-04 12:09:01,669 [Worker-115: Updating Maven Project] INFO  o.e.m.j.i.AbstractJavaProjectConfigurator - Adding resource folder /SpringReactivePgm-publisher/src/test/resources
2025-04-04 12:09:02,132 [Worker-115: Updating Maven Project] INFO  o.e.m.c.i.p.ProjectConfigurationManager - Update completed for 1 poms: local refresh takes 0.00 sec, refresh facades takes 1.00 sec, update config takes 0.00 sec 
2025-04-04 12:09:02,540 [Worker-117: Building] INFO  o.a.m.s.f.DefaultMavenResourcesFiltering - Copying 1 resource from src\main\resources to target\classes
2025-04-04 12:09:02,621 [Worker-117: Building] INFO  o.a.m.s.f.DefaultMavenResourcesFiltering - Copying 0 resource from src\main\resources to target\classes
2025-04-04 12:09:02,628 [Worker-117: Building] INFO  o.a.m.s.f.DefaultMavenResourcesFiltering - skip non existing resourceDirectory C:\Users\prasa\eclipse-workspace\Micoservice-eclipse-workspace\SpringReactivePgm-publisher\src\test\resources
2025-04-04 12:09:37,824 [Worker-122: Building] INFO  o.e.m.c.i.l.LifecycleMappingFactory - Using org.eclipse.m2e.jdt.JarLifecycleMapping lifecycle mapping for MavenProject: com.example:SpringReactivePgm-publisher:0.0.1-SNAPSHOT @ C:\Users\prasa\eclipse-workspace\Micoservice-eclipse-workspace\SpringReactivePgm-publisher\pom.xml.
2025-04-04 12:09:38,965 [Worker-122: Building] INFO  o.a.m.s.f.DefaultMavenResourcesFiltering - Copying 0 resource from src\main\resources to target\classes
2025-04-04 12:09:38,967 [Worker-122: Building] INFO  o.a.m.s.f.DefaultMavenResourcesFiltering - Copying 0 resource from src\main\resources to target\classes
2025-04-04 12:09:38,974 [Worker-122: Building] INFO  o.a.m.s.f.DefaultMavenResourcesFiltering - skip non existing resourceDirectory C:\Users\prasa\eclipse-workspace\Micoservice-eclipse-workspace\SpringReactivePgm-publisher\src\test\resources
2025-04-04 12:09:40,349 [Worker-121: Building] INFO  o.a.m.s.f.DefaultMavenResourcesFiltering - Copying 1 resource from src\main\resources to target\classes
2025-04-04 12:09:40,372 [Worker-121: Building] INFO  o.a.m.s.f.DefaultMavenResourcesFiltering - Copying 0 resource from src\main\resources to target\classes
2025-04-04 12:09:40,377 [Worker-121: Building] INFO  o.a.m.s.f.DefaultMavenResourcesFiltering - skip non existing resourceDirectory C:\Users\prasa\eclipse-workspace\Micoservice-eclipse-workspace\SpringReactivePgm-publisher\src\test\resources
2025-04-04 12:16:27,379 [Worker-126: Building] INFO  o.a.m.s.f.DefaultMavenResourcesFiltering - Copying 1 resource from src\main\resources to target\classes
2025-04-04 12:16:27,385 [Worker-126: Building] INFO  o.a.m.s.f.DefaultMavenResourcesFiltering - Copying 0 resource from src\main\resources to target\classes
2025-04-04 12:16:27,388 [Worker-126: Building] INFO  o.a.m.s.f.DefaultMavenResourcesFiltering - skip non existing resourceDirectory C:\Users\prasa\eclipse-workspace\Micoservice-eclipse-workspace\SpringReactivePgm-publisher\src\test\resources
2025-04-04 12:16:45,571 [Worker-127: Launching SpringReactivePgm-publisher - SpringReactivePgmPublisherApplication] INFO  o.a.m.s.f.DefaultMavenResourcesFiltering - Copying 1 resource from src\main\resources to target\classes
2025-04-04 12:16:45,580 [Worker-127: Launching SpringReactivePgm-publisher - SpringReactivePgmPublisherApplication] INFO  o.a.m.s.f.DefaultMavenResourcesFiltering - Copying 0 resource from src\main\resources to target\classes
2025-04-04 12:16:45,584 [Worker-127: Launching SpringReactivePgm-publisher - SpringReactivePgmPublisherApplication] INFO  o.a.m.s.f.DefaultMavenResourcesFiltering - skip non existing resourceDirectory C:\Users\prasa\eclipse-workspace\Micoservice-eclipse-workspace\SpringReactivePgm-publisher\src\test\resources
2025-04-04 12:18:09,342 [Worker-125: Building] INFO  o.a.m.s.f.DefaultMavenResourcesFiltering - Copying 1 resource from src\main\resources to target\classes
2025-04-04 12:18:09,349 [Worker-125: Building] INFO  o.a.m.s.f.DefaultMavenResourcesFiltering - Copying 0 resource from src\main\resources to target\classes
2025-04-04 12:18:09,353 [Worker-125: Building] INFO  o.a.m.s.f.DefaultMavenResourcesFiltering - skip non existing resourceDirectory C:\Users\prasa\eclipse-workspace\Micoservice-eclipse-workspace\SpringReactivePgm-publisher\src\test\resources
2025-04-04 12:19:06,210 [Worker-127: Building] INFO  o.a.m.s.f.DefaultMavenResourcesFiltering - Copying 1 resource from src\main\resources to target\classes
2025-04-04 12:19:06,216 [Worker-127: Building] INFO  o.a.m.s.f.DefaultMavenResourcesFiltering - Copying 0 resource from src\main\resources to target\classes
2025-04-04 12:19:06,219 [Worker-127: Building] INFO  o.a.m.s.f.DefaultMavenResourcesFiltering - skip non existing resourceDirectory C:\Users\prasa\eclipse-workspace\Micoservice-eclipse-workspace\SpringReactivePgm-publisher\src\test\resources
